group	clickSelects	colour	fill	key	showSelected2	showSelected3	tooltip
1	Afghanistan	#619CFF	#619CFF	Afghanistan	Afghanistan	SA	Afghanistan
2	Albania	#00BA38	#00BA38	Albania	Albania	ECA	Albania
3	Algeria	#F8766D	#F8766D	Algeria	Algeria	AS	Algeria
4	Angola	#F564E3	#F564E3	Angola	Angola	SSA	Angola
5	Antigua and Barbuda	#00BFC4	#00BFC4	Antigua and Barbuda	Antigua and Barbuda	LAC	Antigua and Barbuda
6	Argentina	#00BFC4	#00BFC4	Argentina	Argentina	LAC	Argentina
7	Armenia	#00BA38	#00BA38	Armenia	Armenia	ECA	Armenia
8	Azerbaijan	#00BA38	#00BA38	Azerbaijan	Azerbaijan	ECA	Azerbaijan
9	Bahamas	#00BFC4	#00BFC4	Bahamas	Bahamas	LAC	Bahamas
10	Bahrain	#F8766D	#F8766D	Bahrain	Bahrain	AS	Bahrain
11	Bangladesh	#619CFF	#619CFF	Bangladesh	Bangladesh	SA	Bangladesh
12	Barbados	#00BFC4	#00BFC4	Barbados	Barbados	LAC	Barbados
13	Belarus	#00BA38	#00BA38	Belarus	Belarus	ECA	Belarus
14	Belize	#00BFC4	#00BFC4	Belize	Belize	LAC	Belize
15	Benin	#F564E3	#F564E3	Benin	Benin	SSA	Benin
16	Bhutan	#619CFF	#619CFF	Bhutan	Bhutan	SA	Bhutan
17	Bolivia (Plurinational State of)	#00BFC4	#00BFC4	Bolivia (Plurinational State of)	Bolivia (Plurinational State of)	LAC	Bolivia (Plurinational State of)
18	Bosnia and Herzegovina	#00BA38	#00BA38	Bosnia and Herzegovina	Bosnia and Herzegovina	ECA	Bosnia and Herzegovina
19	Botswana	#F564E3	#F564E3	Botswana	Botswana	SSA	Botswana
20	Brazil	#00BFC4	#00BFC4	Brazil	Brazil	LAC	Brazil
21	Brunei Darussalam	#B79F00	#B79F00	Brunei Darussalam	Brunei Darussalam	EAP	Brunei Darussalam
22	Burkina Faso	#F564E3	#F564E3	Burkina Faso	Burkina Faso	SSA	Burkina Faso
23	Burundi	#F564E3	#F564E3	Burundi	Burundi	SSA	Burundi
24	Cabo Verde	#F564E3	#F564E3	Cabo Verde	Cabo Verde	SSA	Cabo Verde
25	Cambodia	#B79F00	#B79F00	Cambodia	Cambodia	EAP	Cambodia
26	Cameroon	#F564E3	#F564E3	Cameroon	Cameroon	SSA	Cameroon
27	Central African Republic	#F564E3	#F564E3	Central African Republic	Central African Republic	SSA	Central African Republic
28	Chad	#F564E3	#F564E3	Chad	Chad	SSA	Chad
29	Chile	#00BFC4	#00BFC4	Chile	Chile	LAC	Chile
30	China	#B79F00	#B79F00	China	China	EAP	China
31	Colombia	#00BFC4	#00BFC4	Colombia	Colombia	LAC	Colombia
32	Comoros	#F564E3	#F564E3	Comoros	Comoros	SSA	Comoros
33	Congo	#F564E3	#F564E3	Congo	Congo	SSA	Congo
34	Congo (Democratic Republic of the)	#F564E3	#F564E3	Congo (Democratic Republic of the)	Congo (Democratic Republic of the)	SSA	Congo (Democratic Republic of the)
35	Costa Rica	#00BFC4	#00BFC4	Costa Rica	Costa Rica	LAC	Costa Rica
36	Côte d'Ivoire	#F564E3	#F564E3	Côte d'Ivoire	Côte d'Ivoire	SSA	Côte d'Ivoire
37	Cuba	#00BFC4	#00BFC4	Cuba	Cuba	LAC	Cuba
38	Djibouti	#F8766D	#F8766D	Djibouti	Djibouti	AS	Djibouti
39	Dominica	#00BFC4	#00BFC4	Dominica	Dominica	LAC	Dominica
40	Dominican Republic	#00BFC4	#00BFC4	Dominican Republic	Dominican Republic	LAC	Dominican Republic
41	Ecuador	#00BFC4	#00BFC4	Ecuador	Ecuador	LAC	Ecuador
42	Egypt	#F8766D	#F8766D	Egypt	Egypt	AS	Egypt
43	El Salvador	#00BFC4	#00BFC4	El Salvador	El Salvador	LAC	El Salvador
44	Equatorial Guinea	#F564E3	#F564E3	Equatorial Guinea	Equatorial Guinea	SSA	Equatorial Guinea
45	Eritrea	#F564E3	#F564E3	Eritrea	Eritrea	SSA	Eritrea
46	Eswatini (Kingdom of)	#F564E3	#F564E3	Eswatini (Kingdom of)	Eswatini (Kingdom of)	SSA	Eswatini (Kingdom of)
47	Ethiopia	#F564E3	#F564E3	Ethiopia	Ethiopia	SSA	Ethiopia
48	Fiji	#B79F00	#B79F00	Fiji	Fiji	EAP	Fiji
49	Gabon	#F564E3	#F564E3	Gabon	Gabon	SSA	Gabon
50	Gambia	#F564E3	#F564E3	Gambia	Gambia	SSA	Gambia
51	Georgia	#00BA38	#00BA38	Georgia	Georgia	ECA	Georgia
52	Ghana	#F564E3	#F564E3	Ghana	Ghana	SSA	Ghana
53	Grenada	#00BFC4	#00BFC4	Grenada	Grenada	LAC	Grenada
54	Guatemala	#00BFC4	#00BFC4	Guatemala	Guatemala	LAC	Guatemala
55	Guinea	#F564E3	#F564E3	Guinea	Guinea	SSA	Guinea
56	Guinea-Bissau	#F564E3	#F564E3	Guinea-Bissau	Guinea-Bissau	SSA	Guinea-Bissau
57	Guyana	#00BFC4	#00BFC4	Guyana	Guyana	LAC	Guyana
58	Haiti	#00BFC4	#00BFC4	Haiti	Haiti	LAC	Haiti
59	Honduras	#00BFC4	#00BFC4	Honduras	Honduras	LAC	Honduras
60	India	#619CFF	#619CFF	India	India	SA	India
61	Indonesia	#B79F00	#B79F00	Indonesia	Indonesia	EAP	Indonesia
62	Iran (Islamic Republic of)	#619CFF	#619CFF	Iran (Islamic Republic of)	Iran (Islamic Republic of)	SA	Iran (Islamic Republic of)
63	Iraq	#F8766D	#F8766D	Iraq	Iraq	AS	Iraq
64	Jamaica	#00BFC4	#00BFC4	Jamaica	Jamaica	LAC	Jamaica
65	Jordan	#F8766D	#F8766D	Jordan	Jordan	AS	Jordan
66	Kazakhstan	#00BA38	#00BA38	Kazakhstan	Kazakhstan	ECA	Kazakhstan
67	Kenya	#F564E3	#F564E3	Kenya	Kenya	SSA	Kenya
68	Kiribati	#B79F00	#B79F00	Kiribati	Kiribati	EAP	Kiribati
69	Kuwait	#F8766D	#F8766D	Kuwait	Kuwait	AS	Kuwait
70	Kyrgyzstan	#00BA38	#00BA38	Kyrgyzstan	Kyrgyzstan	ECA	Kyrgyzstan
71	Lao People's Democratic Republic	#B79F00	#B79F00	Lao People's Democratic Republic	Lao People's Democratic Republic	EAP	Lao People's Democratic Republic
72	Lebanon	#F8766D	#F8766D	Lebanon	Lebanon	AS	Lebanon
73	Lesotho	#F564E3	#F564E3	Lesotho	Lesotho	SSA	Lesotho
74	Liberia	#F564E3	#F564E3	Liberia	Liberia	SSA	Liberia
75	Libya	#F8766D	#F8766D	Libya	Libya	AS	Libya
76	Madagascar	#F564E3	#F564E3	Madagascar	Madagascar	SSA	Madagascar
77	Malawi	#F564E3	#F564E3	Malawi	Malawi	SSA	Malawi
78	Malaysia	#B79F00	#B79F00	Malaysia	Malaysia	EAP	Malaysia
79	Maldives	#619CFF	#619CFF	Maldives	Maldives	SA	Maldives
80	Mali	#F564E3	#F564E3	Mali	Mali	SSA	Mali
81	Marshall Islands	#B79F00	#B79F00	Marshall Islands	Marshall Islands	EAP	Marshall Islands
82	Mauritania	#F564E3	#F564E3	Mauritania	Mauritania	SSA	Mauritania
83	Mauritius	#F564E3	#F564E3	Mauritius	Mauritius	SSA	Mauritius
84	Mexico	#00BFC4	#00BFC4	Mexico	Mexico	LAC	Mexico
85	Micronesia (Federated States of)	#B79F00	#B79F00	Micronesia (Federated States of)	Micronesia (Federated States of)	EAP	Micronesia (Federated States of)
86	Moldova (Republic of)	#00BA38	#00BA38	Moldova (Republic of)	Moldova (Republic of)	ECA	Moldova (Republic of)
87	Mongolia	#B79F00	#B79F00	Mongolia	Mongolia	EAP	Mongolia
88	Montenegro	#00BA38	#00BA38	Montenegro	Montenegro	ECA	Montenegro
89	Morocco	#F8766D	#F8766D	Morocco	Morocco	AS	Morocco
90	Mozambique	#F564E3	#F564E3	Mozambique	Mozambique	SSA	Mozambique
91	Myanmar	#B79F00	#B79F00	Myanmar	Myanmar	EAP	Myanmar
92	Namibia	#F564E3	#F564E3	Namibia	Namibia	SSA	Namibia
93	Nauru	#B79F00	#B79F00	Nauru	Nauru	EAP	Nauru
94	Nepal	#619CFF	#619CFF	Nepal	Nepal	SA	Nepal
95	Nicaragua	#00BFC4	#00BFC4	Nicaragua	Nicaragua	LAC	Nicaragua
96	Niger	#F564E3	#F564E3	Niger	Niger	SSA	Niger
97	Nigeria	#F564E3	#F564E3	Nigeria	Nigeria	SSA	Nigeria
98	North Macedonia	#00BA38	#00BA38	North Macedonia	North Macedonia	ECA	North Macedonia
99	Oman	#F8766D	#F8766D	Oman	Oman	AS	Oman
100	Pakistan	#619CFF	#619CFF	Pakistan	Pakistan	SA	Pakistan
101	Palau	#B79F00	#B79F00	Palau	Palau	EAP	Palau
102	Palestine, State of	#F8766D	#F8766D	Palestine, State of	Palestine, State of	AS	Palestine, State of
103	Panama	#00BFC4	#00BFC4	Panama	Panama	LAC	Panama
104	Papua New Guinea	#B79F00	#B79F00	Papua New Guinea	Papua New Guinea	EAP	Papua New Guinea
105	Paraguay	#00BFC4	#00BFC4	Paraguay	Paraguay	LAC	Paraguay
106	Peru	#00BFC4	#00BFC4	Peru	Peru	LAC	Peru
107	Philippines	#B79F00	#B79F00	Philippines	Philippines	EAP	Philippines
108	Qatar	#F8766D	#F8766D	Qatar	Qatar	AS	Qatar
109	Rwanda	#F564E3	#F564E3	Rwanda	Rwanda	SSA	Rwanda
110	Saint Kitts and Nevis	#00BFC4	#00BFC4	Saint Kitts and Nevis	Saint Kitts and Nevis	LAC	Saint Kitts and Nevis
111	Saint Lucia	#00BFC4	#00BFC4	Saint Lucia	Saint Lucia	LAC	Saint Lucia
112	Saint Vincent and the Grenadines	#00BFC4	#00BFC4	Saint Vincent and the Grenadines	Saint Vincent and the Grenadines	LAC	Saint Vincent and the Grenadines
113	Samoa	#B79F00	#B79F00	Samoa	Samoa	EAP	Samoa
114	Sao Tome and Principe	#F564E3	#F564E3	Sao Tome and Principe	Sao Tome and Principe	SSA	Sao Tome and Principe
115	Saudi Arabia	#F8766D	#F8766D	Saudi Arabia	Saudi Arabia	AS	Saudi Arabia
116	Senegal	#F564E3	#F564E3	Senegal	Senegal	SSA	Senegal
117	Serbia	#00BA38	#00BA38	Serbia	Serbia	ECA	Serbia
118	Seychelles	#F564E3	#F564E3	Seychelles	Seychelles	SSA	Seychelles
119	Sierra Leone	#F564E3	#F564E3	Sierra Leone	Sierra Leone	SSA	Sierra Leone
120	Singapore	#B79F00	#B79F00	Singapore	Singapore	EAP	Singapore
121	Solomon Islands	#B79F00	#B79F00	Solomon Islands	Solomon Islands	EAP	Solomon Islands
122	Somalia	#F8766D	#F8766D	Somalia	Somalia	AS	Somalia
123	South Africa	#F564E3	#F564E3	South Africa	South Africa	SSA	South Africa
124	South Sudan	#F564E3	#F564E3	South Sudan	South Sudan	SSA	South Sudan
125	Sri Lanka	#619CFF	#619CFF	Sri Lanka	Sri Lanka	SA	Sri Lanka
126	Sudan	#F8766D	#F8766D	Sudan	Sudan	AS	Sudan
127	Suriname	#00BFC4	#00BFC4	Suriname	Suriname	LAC	Suriname
128	Syrian Arab Republic	#F8766D	#F8766D	Syrian Arab Republic	Syrian Arab Republic	AS	Syrian Arab Republic
129	Tajikistan	#00BA38	#00BA38	Tajikistan	Tajikistan	ECA	Tajikistan
130	Tanzania (United Republic of)	#F564E3	#F564E3	Tanzania (United Republic of)	Tanzania (United Republic of)	SSA	Tanzania (United Republic of)
131	Thailand	#B79F00	#B79F00	Thailand	Thailand	EAP	Thailand
132	Timor-Leste	#B79F00	#B79F00	Timor-Leste	Timor-Leste	EAP	Timor-Leste
133	Togo	#F564E3	#F564E3	Togo	Togo	SSA	Togo
134	Tonga	#B79F00	#B79F00	Tonga	Tonga	EAP	Tonga
135	Trinidad and Tobago	#00BFC4	#00BFC4	Trinidad and Tobago	Trinidad and Tobago	LAC	Trinidad and Tobago
136	Tunisia	#F8766D	#F8766D	Tunisia	Tunisia	AS	Tunisia
137	Türkiye	#00BA38	#00BA38	Türkiye	Türkiye	ECA	Türkiye
138	Turkmenistan	#00BA38	#00BA38	Turkmenistan	Turkmenistan	ECA	Turkmenistan
139	Tuvalu	#B79F00	#B79F00	Tuvalu	Tuvalu	EAP	Tuvalu
140	Uganda	#F564E3	#F564E3	Uganda	Uganda	SSA	Uganda
141	Ukraine	#00BA38	#00BA38	Ukraine	Ukraine	ECA	Ukraine
142	United Arab Emirates	#F8766D	#F8766D	United Arab Emirates	United Arab Emirates	AS	United Arab Emirates
143	Uruguay	#00BFC4	#00BFC4	Uruguay	Uruguay	LAC	Uruguay
144	Uzbekistan	#00BA38	#00BA38	Uzbekistan	Uzbekistan	ECA	Uzbekistan
145	Vanuatu	#B79F00	#B79F00	Vanuatu	Vanuatu	EAP	Vanuatu
146	Venezuela (Bolivarian Republic of)	#00BFC4	#00BFC4	Venezuela (Bolivarian Republic of)	Venezuela (Bolivarian Republic of)	LAC	Venezuela (Bolivarian Republic of)
147	Viet Nam	#B79F00	#B79F00	Viet Nam	Viet Nam	EAP	Viet Nam
148	Yemen	#F8766D	#F8766D	Yemen	Yemen	AS	Yemen
149	Zambia	#F564E3	#F564E3	Zambia	Zambia	SSA	Zambia
150	Zimbabwe	#F564E3	#F564E3	Zimbabwe	Zimbabwe	SSA	Zimbabwe
