y	x	label	key	clickSelects	showSelected2
62.575	2020	Afghanistan	Afghanistan	Afghanistan	Afghanistan
76.989	2020	Albania	Albania	Albania	Albania
74.453	2020	Algeria	Algeria	Algeria	Algeria
62.261	2020	Angola	Angola	Angola	Angola
78.841	2020	Antigua and Barbuda	Antigua and Barbuda	Antigua and Barbuda	Antigua and Barbuda
75.892	2020	Argentina	Argentina	Argentina	Argentina
72.173	2020	Armenia	Armenia	Armenia	Armenia
66.868	2020	Azerbaijan	Azerbaijan	Azerbaijan	Azerbaijan
72.677	2020	Bahamas	Bahamas	Bahamas	Bahamas
79.174	2020	Bahrain	Bahrain	Bahrain	Bahrain
71.968	2020	Bangladesh	Bangladesh	Bangladesh	Bangladesh
77.393	2020	Barbados	Barbados	Barbados	Barbados
72.513	2020	Belarus	Belarus	Belarus	Belarus
72.854	2020	Belize	Belize	Belize	Belize
60.088	2020	Benin	Benin	Benin	Benin
71.609	2020	Bhutan	Bhutan	Bhutan	Bhutan
64.467	2020	Bolivia (Plurinational State of)	Bolivia (Plurinational State of)	Bolivia (Plurinational State of)	Bolivia (Plurinational State of)
76.225	2020	Bosnia and Herzegovina	Bosnia and Herzegovina	Bosnia and Herzegovina	Bosnia and Herzegovina
65.647	2020	Botswana	Botswana	Botswana	Botswana
74.009	2020	Brazil	Brazil	Brazil	Brazil
74.795	2020	Brunei Darussalam	Brunei Darussalam	Brunei Darussalam	Brunei Darussalam
59.731	2020	Burkina Faso	Burkina Faso	Burkina Faso	Burkina Faso
61.566	2020	Burundi	Burundi	Burundi	Burundi
74.808	2020	Cabo Verde	Cabo Verde	Cabo Verde	Cabo Verde
70.416	2020	Cambodia	Cambodia	Cambodia	Cambodia
60.833	2020	Cameroon	Cameroon	Cameroon	Cameroon
54.604	2020	Central African Republic	Central African Republic	Central African Republic	Central African Republic
52.777	2020	Chad	Chad	Chad	Chad
79.377	2020	Chile	Chile	Chile	Chile
78.077	2020	China	China	China	China
74.769	2020	Colombia	Colombia	Colombia	Colombia
64.166	2020	Comoros	Comoros	Comoros	Comoros
63.785	2020	Congo	Congo	Congo	Congo
59.739	2020	Congo (Democratic Republic of the)	Congo (Democratic Republic of the)	Congo (Democratic Republic of the)	Congo (Democratic Republic of the)
79.277	2020	Costa Rica	Costa Rica	Costa Rica	Costa Rica
59.032	2020	Côte d'Ivoire	Côte d'Ivoire	Côte d'Ivoire	Côte d'Ivoire
77.567	2020	Cuba	Cuba	Cuba	Cuba
62.694	2020	Djibouti	Djibouti	Djibouti	Djibouti
73.649	2020	Dominica	Dominica	Dominica	Dominica
72.889	2020	Dominican Republic	Dominican Republic	Dominican Republic	Dominican Republic
72.153	2020	Ecuador	Ecuador	Ecuador	Ecuador
70.99	2020	Egypt	Egypt	Egypt	Egypt
71.061	2020	El Salvador	El Salvador	El Salvador	El Salvador
60.708	2020	Equatorial Guinea	Equatorial Guinea	Equatorial Guinea	Equatorial Guinea
67.133	2020	Eritrea	Eritrea	Eritrea	Eritrea
59.692	2020	Eswatini (Kingdom of)	Eswatini (Kingdom of)	Eswatini (Kingdom of)	Eswatini (Kingdom of)
65.371	2020	Ethiopia	Ethiopia	Ethiopia	Ethiopia
67.924	2020	Fiji	Fiji	Fiji	Fiji
66.531	2020	Gabon	Gabon	Gabon	Gabon
62.612	2020	Gambia	Gambia	Gambia	Gambia
72.765	2020	Georgia	Georgia	Georgia	Georgia
64.114	2020	Ghana	Ghana	Ghana	Ghana
74.924	2020	Grenada	Grenada	Grenada	Grenada
71.797	2020	Guatemala	Guatemala	Guatemala	Guatemala
59.327	2020	Guinea	Guinea	Guinea	Guinea
59.999	2020	Guinea-Bissau	Guinea-Bissau	Guinea-Bissau	Guinea-Bissau
68.486	2020	Guyana	Guyana	Guyana	Guyana
64.052	2020	Haiti	Haiti	Haiti	Haiti
71.462	2020	Honduras	Honduras	Honduras	Honduras
70.15	2020	India	India	India	India
68.808	2020	Indonesia	Indonesia	Indonesia	Indonesia
74.832	2020	Iran (Islamic Republic of)	Iran (Islamic Republic of)	Iran (Islamic Republic of)	Iran (Islamic Republic of)
69.123	2020	Iraq	Iraq	Iraq	Iraq
71.869	2020	Jamaica	Jamaica	Jamaica	Jamaica
75.184	2020	Jordan	Jordan	Jordan	Jordan
70.03	2020	Kazakhstan	Kazakhstan	Kazakhstan	Kazakhstan
62.675	2020	Kenya	Kenya	Kenya	Kenya
67.266	2020	Kiribati	Kiribati	Kiribati	Kiribati
76.92	2020	Kuwait	Kuwait	Kuwait	Kuwait
69.629	2020	Kyrgyzstan	Kyrgyzstan	Kyrgyzstan	Kyrgyzstan
68.497	2020	Lao People's Democratic Republic	Lao People's Democratic Republic	Lao People's Democratic Republic	Lao People's Democratic Republic
77.804	2020	Lebanon	Lebanon	Lebanon	Lebanon
54.693	2020	Lesotho	Lesotho	Lesotho	Lesotho
60.948	2020	Liberia	Liberia	Liberia	Liberia
72.472	2020	Libya	Libya	Libya	Libya
65.182	2020	Madagascar	Madagascar	Madagascar	Madagascar
63.717	2020	Malawi	Malawi	Malawi	Malawi
75.938	2020	Malaysia	Malaysia	Malaysia	Malaysia
79.875	2020	Maldives	Maldives	Maldives	Maldives
58.633	2020	Mali	Mali	Mali	Mali
64.977	2020	Marshall Islands	Marshall Islands	Marshall Islands	Marshall Islands
64.532	2020	Mauritania	Mauritania	Mauritania	Mauritania
74.331	2020	Mauritius	Mauritius	Mauritius	Mauritius
70.133	2020	Mexico	Mexico	Mexico	Mexico
70.674	2020	Micronesia (Federated States of)	Micronesia (Federated States of)	Micronesia (Federated States of)	Micronesia (Federated States of)
70.166	2020	Moldova (Republic of)	Moldova (Republic of)	Moldova (Republic of)	Moldova (Republic of)
72.141	2020	Mongolia	Mongolia	Mongolia	Mongolia
76.257	2020	Montenegro	Montenegro	Montenegro	Montenegro
73.92	2020	Morocco	Morocco	Morocco	Morocco
61.172	2020	Mozambique	Mozambique	Mozambique	Mozambique
66.797	2020	Myanmar	Myanmar	Myanmar	Myanmar
62.829	2020	Namibia	Namibia	Namibia	Namibia
63.437	2020	Nauru	Nauru	Nauru	Nauru
69.246	2020	Nepal	Nepal	Nepal	Nepal
71.795	2020	Nicaragua	Nicaragua	Nicaragua	Nicaragua
61.451	2020	Niger	Niger	Niger	Niger
52.887	2020	Nigeria	Nigeria	Nigeria	Nigeria
75.168	2020	North Macedonia	North Macedonia	North Macedonia	North Macedonia
74.757	2020	Oman	Oman	Oman	Oman
66.269	2020	Pakistan	Pakistan	Pakistan	Pakistan
65.349	2020	Palau	Palau	Palau	Palau
74.403	2020	Palestine, State of	Palestine, State of	Palestine, State of	Palestine, State of
76.657	2020	Panama	Panama	Panama	Panama
65.787	2020	Papua New Guinea	Papua New Guinea	Papua New Guinea	Papua New Guinea
73.182	2020	Paraguay	Paraguay	Paraguay	Paraguay
73.665	2020	Peru	Peru	Peru	Peru
72.119	2020	Philippines	Philippines	Philippines	Philippines
79.099	2020	Qatar	Qatar	Qatar	Qatar
66.774	2020	Rwanda	Rwanda	Rwanda	Rwanda
71.627	2020	Saint Kitts and Nevis	Saint Kitts and Nevis	Saint Kitts and Nevis	Saint Kitts and Nevis
73.416	2020	Saint Lucia	Saint Lucia	Saint Lucia	Saint Lucia
72.126	2020	Saint Vincent and the Grenadines	Saint Vincent and the Grenadines	Saint Vincent and the Grenadines	Saint Vincent and the Grenadines
72.768	2020	Samoa	Samoa	Samoa	Samoa
67.785	2020	Sao Tome and Principe	Sao Tome and Principe	Sao Tome and Principe	Sao Tome and Principe
76.239	2020	Saudi Arabia	Saudi Arabia	Saudi Arabia	Saudi Arabia
68.006	2020	Senegal	Senegal	Senegal	Senegal
75.406	2020	Serbia	Serbia	Serbia	Serbia
73.532	2020	Seychelles	Seychelles	Seychelles	Seychelles
59.763	2020	Sierra Leone	Sierra Leone	Sierra Leone	Sierra Leone
82.861	2020	Singapore	Singapore	Singapore	Singapore
70.199	2020	Solomon Islands	Solomon Islands	Solomon Islands	Solomon Islands
65.252	2020	South Africa	South Africa	South Africa	South Africa
55.48	2020	South Sudan	South Sudan	South Sudan	South Sudan
76.393	2020	Sri Lanka	Sri Lanka	Sri Lanka	Sri Lanka
65.614	2020	Sudan	Sudan	Sudan	Sudan
72.561	2020	Suriname	Suriname	Suriname	Suriname
72.14	2020	Syrian Arab Republic	Syrian Arab Republic	Syrian Arab Republic	Syrian Arab Republic
67.994	2020	Tajikistan	Tajikistan	Tajikistan	Tajikistan
66.408	2020	Tanzania (United Republic of)	Tanzania (United Republic of)	Tanzania (United Republic of)	Tanzania (United Republic of)
79.274	2020	Thailand	Thailand	Thailand	Thailand
68.475	2020	Timor-Leste	Timor-Leste	Timor-Leste	Timor-Leste
61.035	2020	Togo	Togo	Togo	Togo
70.928	2020	Tonga	Tonga	Tonga	Tonga
74.406	2020	Trinidad and Tobago	Trinidad and Tobago	Trinidad and Tobago	Trinidad and Tobago
75.292	2020	Tunisia	Tunisia	Tunisia	Tunisia
75.85	2020	Türkiye	Türkiye	Türkiye	Türkiye
68.687	2020	Turkmenistan	Turkmenistan	Turkmenistan	Turkmenistan
64.382	2020	Tuvalu	Tuvalu	Tuvalu	Tuvalu
62.851	2020	Uganda	Uganda	Uganda	Uganda
72.573	2020	Ukraine	Ukraine	Ukraine	Ukraine
78.946	2020	United Arab Emirates	United Arab Emirates	United Arab Emirates	United Arab Emirates
78.43	2020	Uruguay	Uruguay	Uruguay	Uruguay
70.331	2020	Uzbekistan	Uzbekistan	Uzbekistan	Uzbekistan
70.299	2020	Vanuatu	Vanuatu	Vanuatu	Vanuatu
71.095	2020	Venezuela (Bolivarian Republic of)	Venezuela (Bolivarian Republic of)	Venezuela (Bolivarian Republic of)	Venezuela (Bolivarian Republic of)
75.378	2020	Viet Nam	Viet Nam	Viet Nam	Viet Nam
64.65	2020	Yemen	Yemen	Yemen	Yemen
62.38	2020	Zambia	Zambia	Zambia	Zambia
61.124	2020	Zimbabwe	Zimbabwe	Zimbabwe	Zimbabwe
