colour	x	y	showSelected1	fill
#00C094	1975	66.1853902439024	Middle East & North Africa	#00C094
#A58AFF	1975	37.2571219512195	South Asia	#A58AFF
#C49A00	1975	68.3258292682927	Europe & Central Asia	#C49A00
#C49A00	1975	70.527512195122	Europe & Central Asia	#C49A00
#FB61D7	1975	38.979243902439	Sub-Saharan Africa	#FB61D7
#53B400	1975	68.0030731707317	Latin America & Caribbean	#53B400
#C49A00	1975	71.0841463414634	Europe & Central Asia	#C49A00
#F8766D	1975	72.6253658536586	East Asia & Pacific	#F8766D
#53B400	1975	70.7778048780488	Latin America & Caribbean	#53B400
#C49A00	1975	65.1874390243903	Europe & Central Asia	#C49A00
#C49A00	1975	68.6315853658537	Europe & Central Asia	#C49A00
#53B400	1975	70.3433170731707	Latin America & Caribbean	#53B400
#A58AFF	1975	43.3347804878049	South Asia	#A58AFF
#C49A00	1975	71.9712195121951	Europe & Central Asia	#C49A00
#FB61D7	1975	43.6348048780488	Sub-Saharan Africa	#FB61D7
#C49A00	1975	71.049756097561	Europe & Central Asia	#C49A00
#00C094	1975	67.4118780487805	Middle East & North Africa	#00C094
#FB61D7	1975	44.822	Sub-Saharan Africa	#FB61D7
#FB61D7	1975	43.0276097560976	Sub-Saharan Africa	#FB61D7
#F8766D	1975	69.0215853658537	East Asia & Pacific	#F8766D
#53B400	1975	48.2261707317073	Latin America & Caribbean	#53B400
#53B400	1975	60.488512195122	Latin America & Caribbean	#53B400
#53B400	1975	66.7560487804878	Latin America & Caribbean	#53B400
#A58AFF	1975	43.2459756097561	South Asia	#A58AFF
#FB61D7	1975	57.5469756097561	Sub-Saharan Africa	#FB61D7
#C49A00	1975	70.8328780487805	Europe & Central Asia	#C49A00
#53B400	1975	68.2665609756098	Latin America & Caribbean	#53B400
#00B6EB	1975	73.5217073170732	North America	#00B6EB
#FB61D7	1975	45.1399756097561	Sub-Saharan Africa	#FB61D7
#FB61D7	1975	45.832756097561	Sub-Saharan Africa	#FB61D7
#FB61D7	1975	54.9791707317073	Sub-Saharan Africa	#FB61D7
#C49A00	1975	74.6656097560976	Europe & Central Asia	#C49A00
#FB61D7	1975	47.9595609756098	Sub-Saharan Africa	#FB61D7
#53B400	1975	65.4621463414634	Latin America & Caribbean	#53B400
#FB61D7	1975	48.7498780487805	Sub-Saharan Africa	#FB61D7
#F8766D	1975	65.6915609756098	East Asia & Pacific	#F8766D
#53B400	1975	62.7040243902439	Latin America & Caribbean	#53B400
#53B400	1975	69.5594146341464	Latin America & Caribbean	#53B400
#53B400	1975	71.9519268292683	Latin America & Caribbean	#53B400
#FB61D7	1975	56.578243902439	Sub-Saharan Africa	#FB61D7
#C49A00	1975	73.7115365853659	Europe & Central Asia	#C49A00
#C49A00	1975	70.4146341463415	Europe & Central Asia	#C49A00
#C49A00	1975	71.3867804878049	Europe & Central Asia	#C49A00
#00C094	1975	45.4339268292683	Middle East & North Africa	#00C094
#C49A00	1975	74.0751219512195	Europe & Central Asia	#C49A00
#53B400	1975	61.0320975609756	Latin America & Caribbean	#53B400
#00C094	1975	56.1955609756098	Middle East & North Africa	#00C094
#53B400	1975	60.0643658536585	Latin America & Caribbean	#53B400
#C49A00	1975	69.7346341463415	Europe & Central Asia	#C49A00
#00C094	1975	53.1604634146342	Middle East & North Africa	#00C094
#FB61D7	1975	44.4299512195122	Sub-Saharan Africa	#FB61D7
#C49A00	1975	73.3187804878049	Europe & Central Asia	#C49A00
#FB61D7	1975	44.217	Sub-Saharan Africa	#FB61D7
#C49A00	1975	71.6736585365854	Europe & Central Asia	#C49A00
#F8766D	1975	61.5300975609756	East Asia & Pacific	#F8766D
#F8766D	1975	63.8545853658537	East Asia & Pacific	#F8766D
#C49A00	1975	72.8536585365854	Europe & Central Asia	#C49A00
#FB61D7	1975	50.6999024390244	Sub-Saharan Africa	#FB61D7
#C49A00	1975	72.7243902439024	Europe & Central Asia	#C49A00
#53B400	1975	64.6137804878049	Latin America & Caribbean	#53B400
#C49A00	1975	68.6816097560976	Europe & Central Asia	#C49A00
#FB61D7	1975	51.2058536585366	Sub-Saharan Africa	#FB61D7
#FB61D7	1975	43.1097317073171	Sub-Saharan Africa	#FB61D7
#FB61D7	1975	36.2787317073171	Sub-Saharan Africa	#FB61D7
#FB61D7	1975	41.2463658536585	Sub-Saharan Africa	#FB61D7
#C49A00	1975	73.0244634146342	Europe & Central Asia	#C49A00
#53B400	1975	55.1896097560976	Latin America & Caribbean	#53B400
#F8766D	1975	67.7789024390244	East Asia & Pacific	#F8766D
#FB61D7	1975	38.3902926829268	Sub-Saharan Africa	#FB61D7
#53B400	1975	58.0670487804878	Latin America & Caribbean	#53B400
#F8766D	1975	73.3682926829268	East Asia & Pacific	#F8766D
#53B400	1975	55.6771219512195	Latin America & Caribbean	#53B400
#C49A00	1975	70.0019512195122	Europe & Central Asia	#C49A00
#53B400	1975	48.8693414634146	Latin America & Caribbean	#53B400
#C49A00	1975	69.29	Europe & Central Asia	#C49A00
#F8766D	1975	54.8905365853659	East Asia & Pacific	#F8766D
#C49A00	1975	71.5462926829268	Europe & Central Asia	#C49A00
#00C094	1975	72.0451219512195	Middle East & North Africa	#00C094
#A58AFF	1975	52.5806097560976	South Asia	#A58AFF
#00C094	1975	60.7249512195122	Middle East & North Africa	#00C094
#00C094	1975	55.2263658536585	Middle East & North Africa	#00C094
#C49A00	1975	75.5787804878049	Europe & Central Asia	#C49A00
#C49A00	1975	72.6473170731708	Europe & Central Asia	#C49A00
#C49A00	1975	72.3246097560976	Europe & Central Asia	#C49A00
#53B400	1975	69.3587317073171	Latin America & Caribbean	#53B400
#00C094	1975	64.3139512195122	Middle East & North Africa	#00C094
#F8766D	1975	75.0573170731707	East Asia & Pacific	#F8766D
#FB61D7	1975	55.0311219512195	Sub-Saharan Africa	#FB61D7
#C49A00	1975	61.5363170731707	Europe & Central Asia	#C49A00
#F8766D	1975	34.1257317073171	East Asia & Pacific	#F8766D
#FB61D7	1975	49.9868292682927	Sub-Saharan Africa	#FB61D7
#F8766D	1975	65.2314390243902	East Asia & Pacific	#F8766D
#F8766D	1975	63.9558536585366	East Asia & Pacific	#F8766D
#00C094	1975	68.7905609756098	Middle East & North Africa	#00C094
#C49A00	1975	63.4055365853659	Europe & Central Asia	#C49A00
#F8766D	1975	47.2365365853659	East Asia & Pacific	#F8766D
#00C094	1975	65.8452926829268	Middle East & North Africa	#00C094
#53B400	1975	66.1578780487805	Latin America & Caribbean	#53B400
#A58AFF	1975	65.5611463414634	South Asia	#A58AFF
#FB61D7	1975	43.1158780487805	Sub-Saharan Africa	#FB61D7
#FB61D7	1975	50.7529756097561	Sub-Saharan Africa	#FB61D7
#C49A00	1975	70.8673170731707	Europe & Central Asia	#C49A00
#C49A00	1975	70.6633902439025	Europe & Central Asia	#C49A00
#C49A00	1975	68.9253658536585	Europe & Central Asia	#C49A00
#00C094	1975	55.093	Middle East & North Africa	#00C094
#00C094	1975	54.0935609756098	Middle East & North Africa	#00C094
#C49A00	1975	65.0076829268293	Europe & Central Asia	#C49A00
#C49A00	1975	71.9150731707317	Europe & Central Asia	#C49A00
#FB61D7	1975	45.8969756097561	Sub-Saharan Africa	#FB61D7
#C49A00	1975	68.7046097560976	Europe & Central Asia	#C49A00
#FB61D7	1975	37.1268048780488	Sub-Saharan Africa	#FB61D7
#F8766D	1975	53.1732682926829	East Asia & Pacific	#F8766D
#F8766D	1975	57.1662926829268	East Asia & Pacific	#F8766D
#F8766D	1975	71.5459756097561	East Asia & Pacific	#F8766D
#FB61D7	1975	50.2526341463415	Sub-Saharan Africa	#FB61D7
#00C094	1975	71.7208536585366	Middle East & North Africa	#00C094
#FB61D7	1975	64.4150487804878	Sub-Saharan Africa	#FB61D7
#A58AFF	1975	47.8337804878049	South Asia	#A58AFF
#FB61D7	1975	42.5688292682927	Sub-Saharan Africa	#FB61D7
#53B400	1975	63.9288536585366	Latin America & Caribbean	#53B400
#F8766D	1975	65.7871219512195	East Asia & Pacific	#F8766D
#FB61D7	1975	41.575	Sub-Saharan Africa	#FB61D7
#FB61D7	1975	55.1675609756098	Sub-Saharan Africa	#FB61D7
#F8766D	1975	65.2731707317073	East Asia & Pacific	#F8766D
#FB61D7	1975	38.8074146341464	Sub-Saharan Africa	#FB61D7
#FB61D7	1975	44.2473170731707	Sub-Saharan Africa	#FB61D7
#53B400	1975	56.4802926829268	Latin America & Caribbean	#53B400
#C49A00	1975	74.4987804878049	Europe & Central Asia	#C49A00
#C49A00	1975	74.8175609756098	Europe & Central Asia	#C49A00
#A58AFF	1975	45.3301219512195	South Asia	#A58AFF
#F8766D	1975	72.219512195122	East Asia & Pacific	#F8766D
#00C094	1975	55.6087073170732	Middle East & North Africa	#00C094
#53B400	1975	67.7130487804878	Latin America & Caribbean	#53B400
#53B400	1975	57.0433658536585	Latin America & Caribbean	#53B400
#F8766D	1975	61.7008536585366	East Asia & Pacific	#F8766D
#F8766D	1975	49.270512195122	East Asia & Pacific	#F8766D
#F8766D	1975	62.015243902439	East Asia & Pacific	#F8766D
#A58AFF	1975	55.9317073170732	South Asia	#A58AFF
#C49A00	1975	70.5609756097561	Europe & Central Asia	#C49A00
#53B400	1975	73.0092682926829	Latin America & Caribbean	#53B400
#C49A00	1975	68.309756097561	Europe & Central Asia	#C49A00
#53B400	1975	66.162512195122	Latin America & Caribbean	#53B400
#00C094	1975	69.0741463414634	Middle East & North Africa	#00C094
#C49A00	1975	69.6139024390244	Europe & Central Asia	#C49A00
#C49A00	1975	67.7239024390244	Europe & Central Asia	#C49A00
#FB61D7	1975	44.8971951219512	Sub-Saharan Africa	#FB61D7
#00C094	1975	57.4718292682927	Middle East & North Africa	#00C094
#F8766D	1975	57.0305365853659	East Asia & Pacific	#F8766D
#FB61D7	1975	47.2092682926829	Sub-Saharan Africa	#FB61D7
#C49A00	1975	74.9846341463415	Europe & Central Asia	#C49A00
#F8766D	1975	70.2714146341463	East Asia & Pacific	#F8766D
#C49A00	1975	70.3585365853659	Europe & Central Asia	#C49A00
#C49A00	1975	70.2462926829269	Europe & Central Asia	#C49A00
#FB61D7	1975	38.6890487804878	Sub-Saharan Africa	#FB61D7
#FB61D7	1975	43.4430731707317	Sub-Saharan Africa	#FB61D7
#FB61D7	1975	41.4879512195122	Sub-Saharan Africa	#FB61D7
#53B400	1975	64.5963414634146	Latin America & Caribbean	#53B400
#FB61D7	1975	57.8001219512195	Sub-Saharan Africa	#FB61D7
#53B400	1975	57.2617317073171	Latin America & Caribbean	#53B400
#00C094	1975	63.396487804878	Middle East & North Africa	#00C094
#FB61D7	1975	50.9770731707317	Sub-Saharan Africa	#FB61D7
#FB61D7	1975	45.678756097561	Sub-Saharan Africa	#FB61D7
#FB61D7	1975	47.7214146341463	Sub-Saharan Africa	#FB61D7
#F8766D	1975	62.1719756097561	East Asia & Pacific	#F8766D
#C49A00	1975	61.2963170731707	Europe & Central Asia	#C49A00
#F8766D	1975	35.1138536585366	East Asia & Pacific	#F8766D
#C49A00	1975	59.5508048780488	Europe & Central Asia	#C49A00
#00C094	1975	57.6712195121951	Middle East & North Africa	#00C094
#F8766D	1975	66.3233902439025	East Asia & Pacific	#F8766D
#C49A00	1975	52.9227073170732	Europe & Central Asia	#C49A00
#53B400	1975	66.1781951219512	Latin America & Caribbean	#53B400
#FB61D7	1975	48.835243902439	Sub-Saharan Africa	#FB61D7
#C49A00	1975	69.082756097561	Europe & Central Asia	#C49A00
#FB61D7	1975	50.9377804878049	Sub-Saharan Africa	#FB61D7
#00B6EB	1975	72.6048780487805	North America	#00B6EB
#53B400	1975	69.0725609756098	Latin America & Caribbean	#53B400
#C49A00	1975	63.9844390243903	Europe & Central Asia	#C49A00
#53B400	1975	62.975243902439	Latin America & Caribbean	#53B400
#53B400	1975	66.2543170731707	Latin America & Caribbean	#53B400
#53B400	1975	69.7781707317073	Latin America & Caribbean	#53B400
#F8766D	1975	49.5998048780488	East Asia & Pacific	#F8766D
#F8766D	1975	55.4799756097561	East Asia & Pacific	#F8766D
#F8766D	1975	57.469512195122	East Asia & Pacific	#F8766D
#00C094	1975	43.4045853658537	Middle East & North Africa	#00C094
#FB61D7	1975	54.5791951219512	Sub-Saharan Africa	#FB61D7
#FB61D7	1975	51.0413658536585	Sub-Saharan Africa	#FB61D7
#FB61D7	1975	56.7170243902439	Sub-Saharan Africa	#FB61D7
