colour	y	x	showSelected1	fill
#0D3A6B	2	1	miss	#0D3A6B
#0D3A6B	2	2	miss	#0D3A6B
#0D3A6B	2	3	miss	#0D3A6B
#0D3A6B	2	4	miss	#0D3A6B
#0D3A6B	2	5	miss	#0D3A6B
#4283C9	2.4	6	hit	#4283C9
#0D3A6B	2.33333333333333	7	miss	#0D3A6B
#4283C9	2.66666666666667	8	hit	#4283C9
#4283C9	3	9	hit	#4283C9
#4283C9	3.33333333333333	10	hit	#4283C9
#0D3A6B	3.14285714285714	11	miss	#0D3A6B
#0D3A6B	3	12	miss	#0D3A6B
#0D3A6B	2.88888888888889	13	miss	#0D3A6B
#4283C9	3.11111111111111	14	hit	#4283C9
#0D3A6B	3	15	miss	#0D3A6B
#4283C9	3.2	16	hit	#4283C9
#0D3A6B	3.09090909090909	17	miss	#0D3A6B
#4283C9	3.27272727272727	18	hit	#4283C9
#0D3A6B	3.16666666666667	19	miss	#0D3A6B
#4283C9	3.33333333333333	20	hit	#4283C9
#0D3A6B	3.23076923076923	21	miss	#0D3A6B
#4283C9	3.38461538461538	22	hit	#4283C9
#4283C9	3.53846153846154	23	hit	#4283C9
#4283C9	3.69230769230769	24	hit	#4283C9
#4283C9	3.84615384615385	25	hit	#4283C9
#0D3A6B	3.71428571428571	26	miss	#0D3A6B
#4283C9	3.85714285714286	27	hit	#4283C9
#0D3A6B	3.73333333333333	28	miss	#0D3A6B
#4283C9	3.86666666666667	29	hit	#4283C9
#4283C9	4	30	hit	#4283C9
#4283C9	4.13333333333333	31	hit	#4283C9
#0D3A6B	4	32	miss	#0D3A6B
#0D3A6B	3.88235294117647	33	miss	#0D3A6B
#4283C9	4	34	hit	#4283C9
#0D3A6B	3.88888888888889	35	miss	#0D3A6B
#0D3A6B	3.78947368421053	36	miss	#0D3A6B
#4283C9	3.89473684210526	37	hit	#4283C9
#4283C9	4	38	hit	#4283C9
#0D3A6B	3.9	39	miss	#0D3A6B
#4283C9	4	40	hit	#4283C9
#0D3A6B	3.9047619047619	41	miss	#0D3A6B
#4283C9	4	42	hit	#4283C9
#4283C9	4.0952380952381	43	hit	#4283C9
#0D3A6B	4	44	miss	#0D3A6B
#4283C9	4.09090909090909	45	hit	#4283C9
#4283C9	4.18181818181818	46	hit	#4283C9
#0D3A6B	4.08695652173913	47	miss	#0D3A6B
#0D3A6B	4	48	miss	#0D3A6B
#0D3A6B	3.92	49	miss	#0D3A6B
#0D3A6B	3.84615384615385	50	miss	#0D3A6B
#4283C9	3.92307692307692	51	hit	#4283C9
#4283C9	4	52	hit	#4283C9
#4283C9	4.07692307692308	53	hit	#4283C9
#4283C9	4.15384615384615	54	hit	#4283C9
#4283C9	4.23076923076923	55	hit	#4283C9
#0D3A6B	4.14814814814815	56	miss	#0D3A6B
#4283C9	4.22222222222222	57	hit	#4283C9
#4283C9	4.2962962962963	58	hit	#4283C9
#0D3A6B	4.21428571428571	59	miss	#0D3A6B
#4283C9	4.28571428571429	60	hit	#4283C9
#0D3A6B	4.20689655172414	61	miss	#0D3A6B
#4283C9	4.27586206896552	62	hit	#4283C9
#0D3A6B	4.2	63	miss	#0D3A6B
#4283C9	4.26666666666667	64	hit	#4283C9
#4283C9	4.33333333333333	65	hit	#4283C9
#0D3A6B	4.25806451612903	66	miss	#0D3A6B
#0D3A6B	4.1875	67	miss	#0D3A6B
#0D3A6B	4.12121212121212	68	miss	#0D3A6B
#0D3A6B	4.05882352941176	69	miss	#0D3A6B
#0D3A6B	4	70	miss	#0D3A6B
#0D3A6B	3.94444444444444	71	miss	#0D3A6B
#4283C9	4	72	hit	#4283C9
#4283C9	4.05555555555556	73	hit	#4283C9
#4283C9	4.11111111111111	74	hit	#4283C9
#0D3A6B	4.05405405405405	75	miss	#0D3A6B
#0D3A6B	4	76	miss	#0D3A6B
#0D3A6B	3.94871794871795	77	miss	#0D3A6B
#4283C9	4	78	hit	#4283C9
#0D3A6B	3.95	79	miss	#0D3A6B
#4283C9	4	80	hit	#4283C9
#4283C9	4.05	81	hit	#4283C9
#4283C9	4.1	82	hit	#4283C9
#4283C9	4.15	83	hit	#4283C9
#0D3A6B	4.09756097560976	84	miss	#0D3A6B
#0D3A6B	4.04761904761905	85	miss	#0D3A6B
#0D3A6B	4	86	miss	#0D3A6B
#0D3A6B	3.95454545454545	87	miss	#0D3A6B
#0D3A6B	3.91111111111111	88	miss	#0D3A6B
#0D3A6B	3.8695652173913	89	miss	#0D3A6B
#0D3A6B	3.82978723404255	90	miss	#0D3A6B
#0D3A6B	3.79166666666667	91	miss	#0D3A6B
#0D3A6B	3.75510204081633	92	miss	#0D3A6B
#0D3A6B	3.72	93	miss	#0D3A6B
#4283C9	3.76	94	hit	#4283C9
#0D3A6B	3.72549019607843	95	miss	#0D3A6B
#0D3A6B	3.69230769230769	96	miss	#0D3A6B
#0D3A6B	3.66037735849057	97	miss	#0D3A6B
#4283C9	3.69811320754717	98	hit	#4283C9
#4283C9	3.73584905660377	99	hit	#4283C9
#0D3A6B	3.7037037037037	100	miss	#0D3A6B
#0D3A6B	3.67272727272727	101	miss	#0D3A6B
#0D3A6B	3.64285714285714	102	miss	#0D3A6B
#4283C9	3.67857142857143	103	hit	#4283C9
#0D3A6B	3.64912280701754	104	miss	#0D3A6B
#4283C9	3.68421052631579	105	hit	#4283C9
#4283C9	3.71929824561404	106	hit	#4283C9
#0D3A6B	3.68965517241379	107	miss	#0D3A6B
#0D3A6B	3.66101694915254	108	miss	#0D3A6B
#0D3A6B	3.63333333333333	109	miss	#0D3A6B
#0D3A6B	3.60655737704918	110	miss	#0D3A6B
#0D3A6B	3.58064516129032	111	miss	#0D3A6B
#4283C9	3.61290322580645	112	hit	#4283C9
#0D3A6B	3.58730158730159	113	miss	#0D3A6B
#0D3A6B	3.5625	114	miss	#0D3A6B
#4283C9	3.59375	115	hit	#4283C9
#4283C9	3.625	116	hit	#4283C9
#0D3A6B	3.6	117	miss	#0D3A6B
#0D3A6B	3.57575757575758	118	miss	#0D3A6B
#0D3A6B	3.55223880597015	119	miss	#0D3A6B
#0D3A6B	3.52941176470588	120	miss	#0D3A6B
#0D3A6B	3.50724637681159	121	miss	#0D3A6B
#0D3A6B	3.48571428571429	122	miss	#0D3A6B
#0D3A6B	3.46478873239437	123	miss	#0D3A6B
#0D3A6B	3.44444444444444	124	miss	#0D3A6B
#0D3A6B	3.42465753424658	125	miss	#0D3A6B
#0D3A6B	3.40540540540541	126	miss	#0D3A6B
#4283C9	3.43243243243243	127	hit	#4283C9
#0D3A6B	3.41333333333333	128	miss	#0D3A6B
#4283C9	3.44	129	hit	#4283C9
#0D3A6B	3.42105263157895	130	miss	#0D3A6B
#4283C9	3.44736842105263	131	hit	#4283C9
#0D3A6B	3.42857142857143	132	miss	#0D3A6B
#0D3A6B	3.41025641025641	133	miss	#0D3A6B
#0D3A6B	3.39240506329114	134	miss	#0D3A6B
#0D3A6B	3.375	135	miss	#0D3A6B
#0D3A6B	3.35802469135802	136	miss	#0D3A6B
#4283C9	3.38271604938272	137	hit	#4283C9
#4283C9	3.40740740740741	138	hit	#4283C9
#4283C9	3.4320987654321	139	hit	#4283C9
#0D3A6B	3.41463414634146	140	miss	#0D3A6B
#0D3A6B	3.39759036144578	141	miss	#0D3A6B
#0D3A6B	3.38095238095238	142	miss	#0D3A6B
#4283C9	3.4047619047619	143	hit	#4283C9
#0D3A6B	3.38823529411765	144	miss	#0D3A6B
#0D3A6B	3.37209302325581	145	miss	#0D3A6B
#4283C9	3.3953488372093	146	hit	#4283C9
#0D3A6B	3.37931034482759	147	miss	#0D3A6B
#0D3A6B	3.36363636363636	148	miss	#0D3A6B
#0D3A6B	3.34831460674157	149	miss	#0D3A6B
#0D3A6B	3.33333333333333	150	miss	#0D3A6B
#0D3A6B	3.31868131868132	151	miss	#0D3A6B
#4283C9	3.34065934065934	152	hit	#4283C9
#4283C9	3.36263736263736	153	hit	#4283C9
#4283C9	3.38461538461538	154	hit	#4283C9
#0D3A6B	3.3695652173913	155	miss	#0D3A6B
#4283C9	3.39130434782609	156	hit	#4283C9
#4283C9	3.41304347826087	157	hit	#4283C9
#4283C9	3.43478260869565	158	hit	#4283C9
#0D3A6B	3.41935483870968	159	miss	#0D3A6B
#4283C9	3.44086021505376	160	hit	#4283C9
#4283C9	3.46236559139785	161	hit	#4283C9
#0D3A6B	3.4468085106383	162	miss	#0D3A6B
#0D3A6B	3.43157894736842	163	miss	#0D3A6B
#4283C9	3.45263157894737	164	hit	#4283C9
#4283C9	3.47368421052632	165	hit	#4283C9
#4283C9	3.49473684210526	166	hit	#4283C9
#0D3A6B	3.47916666666667	167	miss	#0D3A6B
#4283C9	3.5	168	hit	#4283C9
#0D3A6B	3.48453608247423	169	miss	#0D3A6B
#4283C9	3.50515463917526	170	hit	#4283C9
#4283C9	3.52577319587629	171	hit	#4283C9
#0D3A6B	3.51020408163265	172	miss	#0D3A6B
#0D3A6B	3.4949494949495	173	miss	#0D3A6B
#0D3A6B	3.48	174	miss	#0D3A6B
#0D3A6B	3.46534653465347	175	miss	#0D3A6B
#0D3A6B	3.45098039215686	176	miss	#0D3A6B
#4283C9	3.47058823529412	177	hit	#4283C9
#4283C9	3.49019607843137	178	hit	#4283C9
#0D3A6B	3.47572815533981	179	miss	#0D3A6B
#0D3A6B	3.46153846153846	180	miss	#0D3A6B
#0D3A6B	3.44761904761905	181	miss	#0D3A6B
#0D3A6B	3.43396226415094	182	miss	#0D3A6B
#0D3A6B	3.42056074766355	183	miss	#0D3A6B
#0D3A6B	3.40740740740741	184	miss	#0D3A6B
#0D3A6B	3.39449541284404	185	miss	#0D3A6B
#4283C9	3.41284403669725	186	hit	#4283C9
#4283C9	3.43119266055046	187	hit	#4283C9
#0D3A6B	3.41818181818182	188	miss	#0D3A6B
#4283C9	3.43636363636364	189	hit	#4283C9
#0D3A6B	3.42342342342342	190	miss	#0D3A6B
#0D3A6B	3.41071428571429	191	miss	#0D3A6B
#4283C9	3.42857142857143	192	hit	#4283C9
#4283C9	3.44642857142857	193	hit	#4283C9
#4283C9	3.46428571428571	194	hit	#4283C9
#0D3A6B	3.45132743362832	195	miss	#0D3A6B
#4283C9	3.46902654867257	196	hit	#4283C9
#0D3A6B	3.45614035087719	197	miss	#0D3A6B
#0D3A6B	3.44347826086957	198	miss	#0D3A6B
#0D3A6B	3.43103448275862	199	miss	#0D3A6B
#0D3A6B	3.41880341880342	200	miss	#0D3A6B
#0D3A6B	3.40677966101695	201	miss	#0D3A6B
#0D3A6B	3.39495798319328	202	miss	#0D3A6B
#4283C9	3.41176470588235	203	hit	#4283C9
#4283C9	3.42857142857143	204	hit	#4283C9
#4283C9	3.4453781512605	205	hit	#4283C9
#4283C9	3.46218487394958	206	hit	#4283C9
#0D3A6B	3.45	207	miss	#0D3A6B
#0D3A6B	3.43801652892562	208	miss	#0D3A6B
#4283C9	3.45454545454545	209	hit	#4283C9
#4283C9	3.47107438016529	210	hit	#4283C9
#4283C9	3.48760330578512	211	hit	#4283C9
#0D3A6B	3.47540983606557	212	miss	#0D3A6B
#0D3A6B	3.46341463414634	213	miss	#0D3A6B
#0D3A6B	3.45161290322581	214	miss	#0D3A6B
#0D3A6B	3.44	215	miss	#0D3A6B
#0D3A6B	3.42857142857143	216	miss	#0D3A6B
#0D3A6B	3.41732283464567	217	miss	#0D3A6B
#0D3A6B	3.40625	218	miss	#0D3A6B
#0D3A6B	3.3953488372093	219	miss	#0D3A6B
#0D3A6B	3.38461538461538	220	miss	#0D3A6B
#0D3A6B	3.37404580152672	221	miss	#0D3A6B
#0D3A6B	3.36363636363636	222	miss	#0D3A6B
#4283C9	3.37878787878788	223	hit	#4283C9
#0D3A6B	3.36842105263158	224	miss	#0D3A6B
#4283C9	3.38345864661654	225	hit	#4283C9
#0D3A6B	3.37313432835821	226	miss	#0D3A6B
#4283C9	3.38805970149254	227	hit	#4283C9
#4283C9	3.40298507462687	228	hit	#4283C9
#4283C9	3.41791044776119	229	hit	#4283C9
#4283C9	3.43283582089552	230	hit	#4283C9
#4283C9	3.44776119402985	231	hit	#4283C9
#4283C9	3.46268656716418	232	hit	#4283C9
#4283C9	3.47761194029851	233	hit	#4283C9
#0D3A6B	3.46666666666667	234	miss	#0D3A6B
#0D3A6B	3.45588235294118	235	miss	#0D3A6B
#0D3A6B	3.44525547445255	236	miss	#0D3A6B
#4283C9	3.45985401459854	237	hit	#4283C9
#0D3A6B	3.44927536231884	238	miss	#0D3A6B
#4283C9	3.46376811594203	239	hit	#4283C9
#0D3A6B	3.45323741007194	240	miss	#0D3A6B
#0D3A6B	3.44285714285714	241	miss	#0D3A6B
#0D3A6B	3.43262411347518	242	miss	#0D3A6B
#4283C9	3.4468085106383	243	hit	#4283C9
#0D3A6B	3.43661971830986	244	miss	#0D3A6B
#0D3A6B	3.42657342657343	245	miss	#0D3A6B
#0D3A6B	3.41666666666667	246	miss	#0D3A6B
#0D3A6B	3.40689655172414	247	miss	#0D3A6B
#0D3A6B	3.3972602739726	248	miss	#0D3A6B
#4283C9	3.41095890410959	249	hit	#4283C9
#0D3A6B	3.40136054421769	250	miss	#0D3A6B
#4283C9	3.41496598639456	251	hit	#4283C9
#4283C9	3.42857142857143	252	hit	#4283C9
#0D3A6B	3.41891891891892	253	miss	#0D3A6B
#0D3A6B	3.40939597315436	254	miss	#0D3A6B
#4283C9	3.42281879194631	255	hit	#4283C9
#4283C9	3.43624161073826	256	hit	#4283C9
#0D3A6B	3.42666666666667	257	miss	#0D3A6B
#0D3A6B	3.41721854304636	258	miss	#0D3A6B
#4283C9	3.43046357615894	259	hit	#4283C9
#4283C9	3.44370860927152	260	hit	#4283C9
#4283C9	3.45695364238411	261	hit	#4283C9
#0D3A6B	3.44736842105263	262	miss	#0D3A6B
#0D3A6B	3.43790849673203	263	miss	#0D3A6B
#0D3A6B	3.42857142857143	264	miss	#0D3A6B
#0D3A6B	3.41935483870968	265	miss	#0D3A6B
#4283C9	3.43225806451613	266	hit	#4283C9
#0D3A6B	3.42307692307692	267	miss	#0D3A6B
#0D3A6B	3.4140127388535	268	miss	#0D3A6B
#0D3A6B	3.40506329113924	269	miss	#0D3A6B
#4283C9	3.41772151898734	270	hit	#4283C9
#0D3A6B	3.40880503144654	271	miss	#0D3A6B
#4283C9	3.42138364779874	272	hit	#4283C9
#0D3A6B	3.4125	273	miss	#0D3A6B
#4283C9	3.425	274	hit	#4283C9
#0D3A6B	3.41614906832298	275	miss	#0D3A6B
#4283C9	3.42857142857143	276	hit	#4283C9
#0D3A6B	3.41975308641975	277	miss	#0D3A6B
#0D3A6B	3.41104294478528	278	miss	#0D3A6B
#4283C9	3.42331288343558	279	hit	#4283C9
#4283C9	3.43558282208589	280	hit	#4283C9
#0D3A6B	3.42682926829268	281	miss	#0D3A6B
#0D3A6B	3.41818181818182	282	miss	#0D3A6B
#0D3A6B	3.40963855421687	283	miss	#0D3A6B
#0D3A6B	3.40119760479042	284	miss	#0D3A6B
#0D3A6B	3.39285714285714	285	miss	#0D3A6B
#0D3A6B	3.38461538461538	286	miss	#0D3A6B
#0D3A6B	3.37647058823529	287	miss	#0D3A6B
#4283C9	3.38823529411765	288	hit	#4283C9
#0D3A6B	3.38011695906433	289	miss	#0D3A6B
#4283C9	3.39181286549708	290	hit	#4283C9
#0D3A6B	3.38372093023256	291	miss	#0D3A6B
#0D3A6B	3.3757225433526	292	miss	#0D3A6B
#0D3A6B	3.36781609195402	293	miss	#0D3A6B
#0D3A6B	3.36	294	miss	#0D3A6B
#0D3A6B	3.35227272727273	295	miss	#0D3A6B
#0D3A6B	3.34463276836158	296	miss	#0D3A6B
#0D3A6B	3.33707865168539	297	miss	#0D3A6B
#0D3A6B	3.32960893854749	298	miss	#0D3A6B
#0D3A6B	3.32222222222222	299	miss	#0D3A6B
#4283C9	3.33333333333333	300	hit	#4283C9
#4283C9	3.34444444444444	301	hit	#4283C9
#4283C9	3.35555555555556	302	hit	#4283C9
#4283C9	3.36666666666667	303	hit	#4283C9
#4283C9	3.37777777777778	304	hit	#4283C9
#0D3A6B	3.37016574585635	305	miss	#0D3A6B
#0D3A6B	3.36263736263736	306	miss	#0D3A6B
#4283C9	3.37362637362637	307	hit	#4283C9
#4283C9	3.38461538461538	308	hit	#4283C9
#0D3A6B	3.37704918032787	309	miss	#0D3A6B
#4283C9	3.3879781420765	310	hit	#4283C9
#4283C9	3.39890710382514	311	hit	#4283C9
#0D3A6B	3.39130434782609	312	miss	#0D3A6B
#4283C9	3.40217391304348	313	hit	#4283C9
#4283C9	3.41304347826087	314	hit	#4283C9
#0D3A6B	3.40540540540541	315	miss	#0D3A6B
#0D3A6B	3.39784946236559	316	miss	#0D3A6B
#0D3A6B	3.3903743315508	317	miss	#0D3A6B
#0D3A6B	3.38297872340426	318	miss	#0D3A6B
#0D3A6B	3.37566137566138	319	miss	#0D3A6B
#0D3A6B	3.36842105263158	320	miss	#0D3A6B
#0D3A6B	3.36125654450262	321	miss	#0D3A6B
#4283C9	3.3717277486911	322	hit	#4283C9
#0D3A6B	3.36458333333333	323	miss	#0D3A6B
#4283C9	3.375	324	hit	#4283C9
#4283C9	3.38541666666667	325	hit	#4283C9
#0D3A6B	3.37823834196891	326	miss	#0D3A6B
#0D3A6B	3.37113402061856	327	miss	#0D3A6B
#0D3A6B	3.36410256410256	328	miss	#0D3A6B
#0D3A6B	3.35714285714286	329	miss	#0D3A6B
#4283C9	3.36734693877551	330	hit	#4283C9
#4283C9	3.37755102040816	331	hit	#4283C9
#0D3A6B	3.37055837563452	332	miss	#0D3A6B
#4283C9	3.38071065989848	333	hit	#4283C9
#4283C9	3.39086294416244	334	hit	#4283C9
#0D3A6B	3.38383838383838	335	miss	#0D3A6B
#4283C9	3.39393939393939	336	hit	#4283C9
#0D3A6B	3.38693467336683	337	miss	#0D3A6B
#0D3A6B	3.38	338	miss	#0D3A6B
#4283C9	3.39	339	hit	#4283C9
#0D3A6B	3.38308457711443	340	miss	#0D3A6B
#0D3A6B	3.37623762376238	341	miss	#0D3A6B
#4283C9	3.38613861386139	342	hit	#4283C9
#4283C9	3.3960396039604	343	hit	#4283C9
#0D3A6B	3.38916256157635	344	miss	#0D3A6B
#0D3A6B	3.38235294117647	345	miss	#0D3A6B
#0D3A6B	3.37560975609756	346	miss	#0D3A6B
#4283C9	3.38536585365854	347	hit	#4283C9
#4283C9	3.39512195121951	348	hit	#4283C9
#4283C9	3.40487804878049	349	hit	#4283C9
#4283C9	3.41463414634146	350	hit	#4283C9
