showSelected1	ymin	ymax	xmin	xmax
1	0	0	0.55	1.45
1	0	0	1.55	2.45
1	0	0	2.55	3.45
1	0	0	3.55	4.45
1	0	0	4.55	5.45
1	0	0	5.55	6.45
1	0	0	6.55	7.45
1	0	0	7.55	8.45
1	0	0	8.55	9.45
1	0	0	9.55	10.45
1	0	0	10.55	11.45
1	0	0	11.55	12.45
2	0	0	0.55	1.45
2	0	0	1.55	2.45
2	0	0	2.55	3.45
2	0	0	3.55	4.45
2	0	0	4.55	5.45
2	0	0	5.55	6.45
2	0	0	6.55	7.45
2	0	0	7.55	8.45
2	0	0	8.55	9.45
2	0	0	9.55	10.45
2	0	0	10.55	11.45
2	0	0	11.55	12.45
3	0	0	0.55	1.45
3	0	0	1.55	2.45
3	0	0	2.55	3.45
3	0	0	3.55	4.45
3	0	0	4.55	5.45
3	0	0	5.55	6.45
3	0	0	6.55	7.45
3	0	0	7.55	8.45
3	0	0	8.55	9.45
3	0	0	9.55	10.45
3	0	0	10.55	11.45
3	0	0	11.55	12.45
4	0	0	0.55	1.45
4	0	0	1.55	2.45
4	0	0	2.55	3.45
4	0	0	3.55	4.45
4	0	0	4.55	5.45
4	0	0	5.55	6.45
4	0	0	6.55	7.45
4	0	0	7.55	8.45
4	0	0	8.55	9.45
4	0	0	9.55	10.45
4	0	0	10.55	11.45
4	0	0	11.55	12.45
5	0	0	0.55	1.45
5	0	0	1.55	2.45
5	0	0	2.55	3.45
5	0	0	3.55	4.45
5	0	0	4.55	5.45
5	0	0	5.55	6.45
5	0	0	6.55	7.45
5	0	0	7.55	8.45
5	0	0	8.55	9.45
5	0	0	9.55	10.45
5	0	0	10.55	11.45
5	0	0	11.55	12.45
6	0	0	0.55	1.45
6	0	0	1.55	2.45
6	0	0	2.55	3.45
6	0	0	3.55	4.45
6	0	0	4.55	5.45
6	0	0	5.55	6.45
6	0	0	6.55	7.45
6	0	0	7.55	8.45
6	0	0	8.55	9.45
6	0	0	9.55	10.45
6	0	0	10.55	11.45
6	0	0	11.55	12.45
7	0	0	0.55	1.45
7	0	0	1.55	2.45
7	0	0	2.55	3.45
7	0	0	3.55	4.45
7	0	0	4.55	5.45
7	0	0	5.55	6.45
7	0	0	6.55	7.45
7	0	0	7.55	8.45
7	0	0	8.55	9.45
7	0	0	9.55	10.45
7	0	0	10.55	11.45
7	0	0	11.55	12.45
8	0	0	0.55	1.45
8	0	0	1.55	2.45
8	0	0	2.55	3.45
8	0	0	3.55	4.45
8	0	0	4.55	5.45
8	0	0	5.55	6.45
8	0	0	6.55	7.45
8	0	0	7.55	8.45
8	0	0	8.55	9.45
8	0	0	9.55	10.45
8	0	0	10.55	11.45
8	0	0	11.55	12.45
9	0	0	0.55	1.45
9	0	0	1.55	2.45
9	0	0	2.55	3.45
9	0	0	3.55	4.45
9	0	0	4.55	5.45
9	0	0	5.55	6.45
9	0	0	6.55	7.45
9	0	0	7.55	8.45
9	0	0	8.55	9.45
9	0	0	9.55	10.45
9	0	0	10.55	11.45
9	0	0	11.55	12.45
10	0	0	0.55	1.45
10	0	0	1.55	2.45
10	0	0	2.55	3.45
10	0	0	3.55	4.45
10	0	0	4.55	5.45
10	0	0	5.55	6.45
10	0	0	6.55	7.45
10	0	0	7.55	8.45
10	0	0	8.55	9.45
10	0	0	9.55	10.45
10	0	0	10.55	11.45
10	0	0	11.55	12.45
11	0	0	0.55	1.45
11	0	0	1.55	2.45
11	0	0	2.55	3.45
11	0	0	3.55	4.45
11	0	0	4.55	5.45
11	0	0	5.55	6.45
11	0	0	6.55	7.45
11	0	0	7.55	8.45
11	0	0	8.55	9.45
11	0	0	9.55	10.45
11	0	0	10.55	11.45
11	0	0	11.55	12.45
12	0	0	0.55	1.45
12	0	0	1.55	2.45
12	0	0	2.55	3.45
12	0	0	3.55	4.45
12	0	0	4.55	5.45
12	0	0	5.55	6.45
12	0	0	6.55	7.45
12	0	0	7.55	8.45
12	0	0	8.55	9.45
12	0	0	9.55	10.45
12	0	0	10.55	11.45
12	0	0	11.55	12.45
13	0	0	0.55	1.45
13	0	0	1.55	2.45
13	0	0	2.55	3.45
13	0	0	3.55	4.45
13	0	1	4.55	5.45
13	0	0	5.55	6.45
13	0	0	6.55	7.45
13	0	0	7.55	8.45
13	0	0	8.55	9.45
13	0	0	9.55	10.45
13	0	0	10.55	11.45
13	0	0	11.55	12.45
14	0	0	0.55	1.45
14	0	0	1.55	2.45
14	0	0	2.55	3.45
14	0	0	3.55	4.45
14	0	2	4.55	5.45
14	0	0	5.55	6.45
14	0	0	6.55	7.45
14	0	0	7.55	8.45
14	0	0	8.55	9.45
14	0	0	9.55	10.45
14	0	0	10.55	11.45
14	0	0	11.55	12.45
15	0	0	0.55	1.45
15	0	0	1.55	2.45
15	0	0	2.55	3.45
15	0	0	3.55	4.45
15	0	2	4.55	5.45
15	0	0	5.55	6.45
15	0	1	6.55	7.45
15	0	0	7.55	8.45
15	0	0	8.55	9.45
15	0	0	9.55	10.45
15	0	0	10.55	11.45
15	0	0	11.55	12.45
16	0	0	0.55	1.45
16	0	0	1.55	2.45
16	0	0	2.55	3.45
16	0	0	3.55	4.45
16	0	2	4.55	5.45
16	0	0	5.55	6.45
16	0	2	6.55	7.45
16	0	0	7.55	8.45
16	0	0	8.55	9.45
16	0	0	9.55	10.45
16	0	0	10.55	11.45
16	0	0	11.55	12.45
17	0	0	0.55	1.45
17	0	0	1.55	2.45
17	0	0	2.55	3.45
17	0	0	3.55	4.45
17	0	3	4.55	5.45
17	0	0	5.55	6.45
17	0	2	6.55	7.45
17	0	0	7.55	8.45
17	0	0	8.55	9.45
17	0	0	9.55	10.45
17	0	0	10.55	11.45
17	0	0	11.55	12.45
18	0	0	0.55	1.45
18	0	0	1.55	2.45
18	0	0	2.55	3.45
18	0	0	3.55	4.45
18	0	3	4.55	5.45
18	0	0	5.55	6.45
18	0	3	6.55	7.45
18	0	0	7.55	8.45
18	0	0	8.55	9.45
18	0	0	9.55	10.45
18	0	0	10.55	11.45
18	0	0	11.55	12.45
19	0	0	0.55	1.45
19	0	0	1.55	2.45
19	0	0	2.55	3.45
19	0	0	3.55	4.45
19	0	3	4.55	5.45
19	0	0	5.55	6.45
19	0	3	6.55	7.45
19	0	0	7.55	8.45
19	0	0	8.55	9.45
19	0	1	9.55	10.45
19	0	0	10.55	11.45
19	0	0	11.55	12.45
20	0	0	0.55	1.45
20	0	0	1.55	2.45
20	0	0	2.55	3.45
20	0	1	3.55	4.45
20	0	3	4.55	5.45
20	0	0	5.55	6.45
20	0	3	6.55	7.45
20	0	0	7.55	8.45
20	0	0	8.55	9.45
20	0	1	9.55	10.45
20	0	0	10.55	11.45
20	0	0	11.55	12.45
21	0	0	0.55	1.45
21	0	0	1.55	2.45
21	0	0	2.55	3.45
21	0	1	3.55	4.45
21	0	3	4.55	5.45
21	0	0	5.55	6.45
21	0	3	6.55	7.45
21	0	1	7.55	8.45
21	0	0	8.55	9.45
21	0	1	9.55	10.45
21	0	0	10.55	11.45
21	0	0	11.55	12.45
22	0	0	0.55	1.45
22	0	0	1.55	2.45
22	0	0	2.55	3.45
22	0	1	3.55	4.45
22	0	3	4.55	5.45
22	0	0	5.55	6.45
22	0	3	6.55	7.45
22	0	2	7.55	8.45
22	0	0	8.55	9.45
22	0	1	9.55	10.45
22	0	0	10.55	11.45
22	0	0	11.55	12.45
23	0	0	0.55	1.45
23	0	0	1.55	2.45
23	0	0	2.55	3.45
23	0	1	3.55	4.45
23	0	3	4.55	5.45
23	0	0	5.55	6.45
23	0	4	6.55	7.45
23	0	2	7.55	8.45
23	0	0	8.55	9.45
23	0	1	9.55	10.45
23	0	0	10.55	11.45
23	0	0	11.55	12.45
24	0	0	0.55	1.45
24	0	0	1.55	2.45
24	0	0	2.55	3.45
24	0	1	3.55	4.45
24	0	4	4.55	5.45
24	0	0	5.55	6.45
24	0	4	6.55	7.45
24	0	2	7.55	8.45
24	0	0	8.55	9.45
24	0	1	9.55	10.45
24	0	0	10.55	11.45
24	0	0	11.55	12.45
25	0	0	0.55	1.45
25	0	0	1.55	2.45
25	0	0	2.55	3.45
25	0	1	3.55	4.45
25	0	4	4.55	5.45
25	0	0	5.55	6.45
25	0	4	6.55	7.45
25	0	3	7.55	8.45
25	0	0	8.55	9.45
25	0	1	9.55	10.45
25	0	0	10.55	11.45
25	0	0	11.55	12.45
26	0	0	0.55	1.45
26	0	0	1.55	2.45
26	0	0	2.55	3.45
26	0	1	3.55	4.45
26	0	4	4.55	5.45
26	0	0	5.55	6.45
26	0	5	6.55	7.45
26	0	3	7.55	8.45
26	0	0	8.55	9.45
26	0	1	9.55	10.45
26	0	0	10.55	11.45
26	0	0	11.55	12.45
27	0	0	0.55	1.45
27	0	0	1.55	2.45
27	0	0	2.55	3.45
27	0	1	3.55	4.45
27	0	4	4.55	5.45
27	0	0	5.55	6.45
27	0	6	6.55	7.45
27	0	3	7.55	8.45
27	0	0	8.55	9.45
27	0	1	9.55	10.45
27	0	0	10.55	11.45
27	0	0	11.55	12.45
28	0	0	0.55	1.45
28	0	0	1.55	2.45
28	0	0	2.55	3.45
28	0	1	3.55	4.45
28	0	4	4.55	5.45
28	0	0	5.55	6.45
28	0	7	6.55	7.45
28	0	3	7.55	8.45
28	0	0	8.55	9.45
28	0	1	9.55	10.45
28	0	0	10.55	11.45
28	0	0	11.55	12.45
29	0	0	0.55	1.45
29	0	0	1.55	2.45
29	0	0	2.55	3.45
29	0	1	3.55	4.45
29	0	5	4.55	5.45
29	0	0	5.55	6.45
29	0	7	6.55	7.45
29	0	3	7.55	8.45
29	0	0	8.55	9.45
29	0	1	9.55	10.45
29	0	0	10.55	11.45
29	0	0	11.55	12.45
30	0	0	0.55	1.45
30	0	0	1.55	2.45
30	0	0	2.55	3.45
30	0	1	3.55	4.45
30	0	5	4.55	5.45
30	0	1	5.55	6.45
30	0	7	6.55	7.45
30	0	3	7.55	8.45
30	0	0	8.55	9.45
30	0	1	9.55	10.45
30	0	0	10.55	11.45
30	0	0	11.55	12.45
31	0	0	0.55	1.45
31	0	0	1.55	2.45
31	0	0	2.55	3.45
31	0	1	3.55	4.45
31	0	5	4.55	5.45
31	0	2	5.55	6.45
31	0	7	6.55	7.45
31	0	3	7.55	8.45
31	0	0	8.55	9.45
31	0	1	9.55	10.45
31	0	0	10.55	11.45
31	0	0	11.55	12.45
32	0	0	0.55	1.45
32	0	0	1.55	2.45
32	0	0	2.55	3.45
32	0	1	3.55	4.45
32	0	5	4.55	5.45
32	0	2	5.55	6.45
32	0	7	6.55	7.45
32	0	4	7.55	8.45
32	0	0	8.55	9.45
32	0	1	9.55	10.45
32	0	0	10.55	11.45
32	0	0	11.55	12.45
33	0	0	0.55	1.45
33	0	0	1.55	2.45
33	0	0	2.55	3.45
33	0	1	3.55	4.45
33	0	5	4.55	5.45
33	0	2	5.55	6.45
33	0	7	6.55	7.45
33	0	4	7.55	8.45
33	0	1	8.55	9.45
33	0	1	9.55	10.45
33	0	0	10.55	11.45
33	0	0	11.55	12.45
34	0	0	0.55	1.45
34	0	0	1.55	2.45
34	0	0	2.55	3.45
34	0	1	3.55	4.45
34	0	5	4.55	5.45
34	0	2	5.55	6.45
34	0	7	6.55	7.45
34	0	5	7.55	8.45
34	0	1	8.55	9.45
34	0	1	9.55	10.45
34	0	0	10.55	11.45
34	0	0	11.55	12.45
35	0	0	0.55	1.45
35	0	0	1.55	2.45
35	0	0	2.55	3.45
35	0	1	3.55	4.45
35	0	5	4.55	5.45
35	0	2	5.55	6.45
35	0	7	6.55	7.45
35	0	5	7.55	8.45
35	0	2	8.55	9.45
35	0	1	9.55	10.45
35	0	0	10.55	11.45
35	0	0	11.55	12.45
36	0	0	0.55	1.45
36	0	0	1.55	2.45
36	0	0	2.55	3.45
36	0	1	3.55	4.45
36	0	5	4.55	5.45
36	0	2	5.55	6.45
36	0	7	6.55	7.45
36	0	6	7.55	8.45
36	0	2	8.55	9.45
36	0	1	9.55	10.45
36	0	0	10.55	11.45
36	0	0	11.55	12.45
37	0	0	0.55	1.45
37	0	0	1.55	2.45
37	0	0	2.55	3.45
37	0	1	3.55	4.45
37	0	5	4.55	5.45
37	0	2	5.55	6.45
37	0	8	6.55	7.45
37	0	6	7.55	8.45
37	0	2	8.55	9.45
37	0	1	9.55	10.45
37	0	0	10.55	11.45
37	0	0	11.55	12.45
38	0	0	0.55	1.45
38	0	0	1.55	2.45
38	0	0	2.55	3.45
38	0	1	3.55	4.45
38	0	5	4.55	5.45
38	0	3	5.55	6.45
38	0	8	6.55	7.45
38	0	6	7.55	8.45
38	0	2	8.55	9.45
38	0	1	9.55	10.45
38	0	0	10.55	11.45
38	0	0	11.55	12.45
39	0	0	0.55	1.45
39	0	0	1.55	2.45
39	0	0	2.55	3.45
39	0	1	3.55	4.45
39	0	5	4.55	5.45
39	0	3	5.55	6.45
39	0	9	6.55	7.45
39	0	6	7.55	8.45
39	0	2	8.55	9.45
39	0	1	9.55	10.45
39	0	0	10.55	11.45
39	0	0	11.55	12.45
40	0	0	0.55	1.45
40	0	0	1.55	2.45
40	0	0	2.55	3.45
40	0	1	3.55	4.45
40	0	5	4.55	5.45
40	0	3	5.55	6.45
40	0	9	6.55	7.45
40	0	7	7.55	8.45
40	0	2	8.55	9.45
40	0	1	9.55	10.45
40	0	0	10.55	11.45
40	0	0	11.55	12.45
41	0	0	0.55	1.45
41	0	0	1.55	2.45
41	0	0	2.55	3.45
41	0	1	3.55	4.45
41	0	5	4.55	5.45
41	0	3	5.55	6.45
41	0	10	6.55	7.45
41	0	7	7.55	8.45
41	0	2	8.55	9.45
41	0	1	9.55	10.45
41	0	0	10.55	11.45
41	0	0	11.55	12.45
42	0	0	0.55	1.45
42	0	0	1.55	2.45
42	0	0	2.55	3.45
42	0	2	3.55	4.45
42	0	5	4.55	5.45
42	0	3	5.55	6.45
42	0	10	6.55	7.45
42	0	7	7.55	8.45
42	0	2	8.55	9.45
42	0	1	9.55	10.45
42	0	0	10.55	11.45
42	0	0	11.55	12.45
43	0	0	0.55	1.45
43	0	0	1.55	2.45
43	0	0	2.55	3.45
43	0	2	3.55	4.45
43	0	5	4.55	5.45
43	0	3	5.55	6.45
43	0	10	6.55	7.45
43	0	8	7.55	8.45
43	0	2	8.55	9.45
43	0	1	9.55	10.45
43	0	0	10.55	11.45
43	0	0	11.55	12.45
44	0	0	0.55	1.45
44	0	0	1.55	2.45
44	0	0	2.55	3.45
44	0	2	3.55	4.45
44	0	5	4.55	5.45
44	0	3	5.55	6.45
44	0	11	6.55	7.45
44	0	8	7.55	8.45
44	0	2	8.55	9.45
44	0	1	9.55	10.45
44	0	0	10.55	11.45
44	0	0	11.55	12.45
45	0	0	0.55	1.45
45	0	0	1.55	2.45
45	0	0	2.55	3.45
45	0	2	3.55	4.45
45	0	6	4.55	5.45
45	0	3	5.55	6.45
45	0	11	6.55	7.45
45	0	8	7.55	8.45
45	0	2	8.55	9.45
45	0	1	9.55	10.45
45	0	0	10.55	11.45
45	0	0	11.55	12.45
46	0	0	0.55	1.45
46	0	0	1.55	2.45
46	0	0	2.55	3.45
46	0	2	3.55	4.45
46	0	6	4.55	5.45
46	0	4	5.55	6.45
46	0	11	6.55	7.45
46	0	8	7.55	8.45
46	0	2	8.55	9.45
46	0	1	9.55	10.45
46	0	0	10.55	11.45
46	0	0	11.55	12.45
47	0	0	0.55	1.45
47	0	0	1.55	2.45
47	0	0	2.55	3.45
47	0	2	3.55	4.45
47	0	6	4.55	5.45
47	0	4	5.55	6.45
47	0	11	6.55	7.45
47	0	9	7.55	8.45
47	0	2	8.55	9.45
47	0	1	9.55	10.45
47	0	0	10.55	11.45
47	0	0	11.55	12.45
48	0	0	0.55	1.45
48	0	0	1.55	2.45
48	0	0	2.55	3.45
48	0	2	3.55	4.45
48	0	7	4.55	5.45
48	0	4	5.55	6.45
48	0	11	6.55	7.45
48	0	9	7.55	8.45
48	0	2	8.55	9.45
48	0	1	9.55	10.45
48	0	0	10.55	11.45
48	0	0	11.55	12.45
49	0	0	0.55	1.45
49	0	0	1.55	2.45
49	0	0	2.55	3.45
49	0	2	3.55	4.45
49	0	7	4.55	5.45
49	0	4	5.55	6.45
49	0	11	6.55	7.45
49	0	9	7.55	8.45
49	0	2	8.55	9.45
49	0	2	9.55	10.45
49	0	0	10.55	11.45
49	0	0	11.55	12.45
50	0	0	0.55	1.45
50	0	0	1.55	2.45
50	0	0	2.55	3.45
50	0	2	3.55	4.45
50	0	8	4.55	5.45
50	0	4	5.55	6.45
50	0	11	6.55	7.45
50	0	9	7.55	8.45
50	0	2	8.55	9.45
50	0	2	9.55	10.45
50	0	0	10.55	11.45
50	0	0	11.55	12.45
51	0	0	0.55	1.45
51	0	0	1.55	2.45
51	0	0	2.55	3.45
51	0	2	3.55	4.45
51	0	8	4.55	5.45
51	0	5	5.55	6.45
51	0	11	6.55	7.45
51	0	9	7.55	8.45
51	0	2	8.55	9.45
51	0	2	9.55	10.45
51	0	0	10.55	11.45
51	0	0	11.55	12.45
52	0	0	0.55	1.45
52	0	0	1.55	2.45
52	0	0	2.55	3.45
52	0	2	3.55	4.45
52	0	8	4.55	5.45
52	0	5	5.55	6.45
52	0	12	6.55	7.45
52	0	9	7.55	8.45
52	0	2	8.55	9.45
52	0	2	9.55	10.45
52	0	0	10.55	11.45
52	0	0	11.55	12.45
53	0	0	0.55	1.45
53	0	0	1.55	2.45
53	0	0	2.55	3.45
53	0	2	3.55	4.45
53	0	8	4.55	5.45
53	0	6	5.55	6.45
53	0	12	6.55	7.45
53	0	9	7.55	8.45
53	0	2	8.55	9.45
53	0	2	9.55	10.45
53	0	0	10.55	11.45
53	0	0	11.55	12.45
54	0	0	0.55	1.45
54	0	0	1.55	2.45
54	0	0	2.55	3.45
54	0	2	3.55	4.45
54	0	8	4.55	5.45
54	0	7	5.55	6.45
54	0	12	6.55	7.45
54	0	9	7.55	8.45
54	0	2	8.55	9.45
54	0	2	9.55	10.45
54	0	0	10.55	11.45
54	0	0	11.55	12.45
55	0	0	0.55	1.45
55	0	0	1.55	2.45
55	0	0	2.55	3.45
55	0	2	3.55	4.45
55	0	8	4.55	5.45
55	0	8	5.55	6.45
55	0	12	6.55	7.45
55	0	9	7.55	8.45
55	0	2	8.55	9.45
55	0	2	9.55	10.45
55	0	0	10.55	11.45
55	0	0	11.55	12.45
56	0	0	0.55	1.45
56	0	0	1.55	2.45
56	0	0	2.55	3.45
56	0	2	3.55	4.45
56	0	8	4.55	5.45
56	0	8	5.55	6.45
56	0	13	6.55	7.45
56	0	9	7.55	8.45
56	0	2	8.55	9.45
56	0	2	9.55	10.45
56	0	0	10.55	11.45
56	0	0	11.55	12.45
57	0	0	0.55	1.45
57	0	0	1.55	2.45
57	0	0	2.55	3.45
57	0	2	3.55	4.45
57	0	8	4.55	5.45
57	0	8	5.55	6.45
57	0	13	6.55	7.45
57	0	10	7.55	8.45
57	0	2	8.55	9.45
57	0	2	9.55	10.45
57	0	0	10.55	11.45
57	0	0	11.55	12.45
58	0	0	0.55	1.45
58	0	0	1.55	2.45
58	0	0	2.55	3.45
58	0	2	3.55	4.45
58	0	8	4.55	5.45
58	0	9	5.55	6.45
58	0	13	6.55	7.45
58	0	10	7.55	8.45
58	0	2	8.55	9.45
58	0	2	9.55	10.45
58	0	0	10.55	11.45
58	0	0	11.55	12.45
59	0	0	0.55	1.45
59	0	0	1.55	2.45
59	0	0	2.55	3.45
59	0	2	3.55	4.45
59	0	8	4.55	5.45
59	0	9	5.55	6.45
59	0	13	6.55	7.45
59	0	11	7.55	8.45
59	0	2	8.55	9.45
59	0	2	9.55	10.45
59	0	0	10.55	11.45
59	0	0	11.55	12.45
60	0	0	0.55	1.45
60	0	0	1.55	2.45
60	0	0	2.55	3.45
60	0	2	3.55	4.45
60	0	8	4.55	5.45
60	0	9	5.55	6.45
60	0	13	6.55	7.45
60	0	12	7.55	8.45
60	0	2	8.55	9.45
60	0	2	9.55	10.45
60	0	0	10.55	11.45
60	0	0	11.55	12.45
61	0	0	0.55	1.45
61	0	0	1.55	2.45
61	0	1	2.55	3.45
61	0	2	3.55	4.45
61	0	8	4.55	5.45
61	0	9	5.55	6.45
61	0	13	6.55	7.45
61	0	12	7.55	8.45
61	0	2	8.55	9.45
61	0	2	9.55	10.45
61	0	0	10.55	11.45
61	0	0	11.55	12.45
62	0	0	0.55	1.45
62	0	0	1.55	2.45
62	0	1	2.55	3.45
62	0	2	3.55	4.45
62	0	8	4.55	5.45
62	0	9	5.55	6.45
62	0	14	6.55	7.45
62	0	12	7.55	8.45
62	0	2	8.55	9.45
62	0	2	9.55	10.45
62	0	0	10.55	11.45
62	0	0	11.55	12.45
63	0	0	0.55	1.45
63	0	0	1.55	2.45
63	0	1	2.55	3.45
63	0	3	3.55	4.45
63	0	8	4.55	5.45
63	0	9	5.55	6.45
63	0	14	6.55	7.45
63	0	12	7.55	8.45
63	0	2	8.55	9.45
63	0	2	9.55	10.45
63	0	0	10.55	11.45
63	0	0	11.55	12.45
64	0	0	0.55	1.45
64	0	0	1.55	2.45
64	0	1	2.55	3.45
64	0	3	3.55	4.45
64	0	8	4.55	5.45
64	0	9	5.55	6.45
64	0	14	6.55	7.45
64	0	12	7.55	8.45
64	0	2	8.55	9.45
64	0	3	9.55	10.45
64	0	0	10.55	11.45
64	0	0	11.55	12.45
65	0	0	0.55	1.45
65	0	0	1.55	2.45
65	0	1	2.55	3.45
65	0	4	3.55	4.45
65	0	8	4.55	5.45
65	0	9	5.55	6.45
65	0	14	6.55	7.45
65	0	12	7.55	8.45
65	0	2	8.55	9.45
65	0	3	9.55	10.45
65	0	0	10.55	11.45
65	0	0	11.55	12.45
66	0	0	0.55	1.45
66	0	0	1.55	2.45
66	0	2	2.55	3.45
66	0	4	3.55	4.45
66	0	8	4.55	5.45
66	0	9	5.55	6.45
66	0	14	6.55	7.45
66	0	12	7.55	8.45
66	0	2	8.55	9.45
66	0	3	9.55	10.45
66	0	0	10.55	11.45
66	0	0	11.55	12.45
67	0	0	0.55	1.45
67	0	0	1.55	2.45
67	0	2	2.55	3.45
67	0	4	3.55	4.45
67	0	8	4.55	5.45
67	0	9	5.55	6.45
67	0	15	6.55	7.45
67	0	12	7.55	8.45
67	0	2	8.55	9.45
67	0	3	9.55	10.45
67	0	0	10.55	11.45
67	0	0	11.55	12.45
68	0	0	0.55	1.45
68	0	0	1.55	2.45
68	0	2	2.55	3.45
68	0	4	3.55	4.45
68	0	9	4.55	5.45
68	0	9	5.55	6.45
68	0	15	6.55	7.45
68	0	12	7.55	8.45
68	0	2	8.55	9.45
68	0	3	9.55	10.45
68	0	0	10.55	11.45
68	0	0	11.55	12.45
69	0	0	0.55	1.45
69	0	0	1.55	2.45
69	0	2	2.55	3.45
69	0	4	3.55	4.45
69	0	9	4.55	5.45
69	0	9	5.55	6.45
69	0	15	6.55	7.45
69	0	12	7.55	8.45
69	0	3	8.55	9.45
69	0	3	9.55	10.45
69	0	0	10.55	11.45
69	0	0	11.55	12.45
70	0	0	0.55	1.45
70	0	0	1.55	2.45
70	0	3	2.55	3.45
70	0	4	3.55	4.45
70	0	9	4.55	5.45
70	0	9	5.55	6.45
70	0	15	6.55	7.45
70	0	12	7.55	8.45
70	0	3	8.55	9.45
70	0	3	9.55	10.45
70	0	0	10.55	11.45
70	0	0	11.55	12.45
71	0	0	0.55	1.45
71	0	0	1.55	2.45
71	0	3	2.55	3.45
71	0	4	3.55	4.45
71	0	9	4.55	5.45
71	0	9	5.55	6.45
71	0	15	6.55	7.45
71	0	13	7.55	8.45
71	0	3	8.55	9.45
71	0	3	9.55	10.45
71	0	0	10.55	11.45
71	0	0	11.55	12.45
72	0	0	0.55	1.45
72	0	0	1.55	2.45
72	0	3	2.55	3.45
72	0	4	3.55	4.45
72	0	9	4.55	5.45
72	0	9	5.55	6.45
72	0	16	6.55	7.45
72	0	13	7.55	8.45
72	0	3	8.55	9.45
72	0	3	9.55	10.45
72	0	0	10.55	11.45
72	0	0	11.55	12.45
73	0	0	0.55	1.45
73	0	0	1.55	2.45
73	0	3	2.55	3.45
73	0	4	3.55	4.45
73	0	9	4.55	5.45
73	0	9	5.55	6.45
73	0	16	6.55	7.45
73	0	14	7.55	8.45
73	0	3	8.55	9.45
73	0	3	9.55	10.45
73	0	0	10.55	11.45
73	0	0	11.55	12.45
74	0	0	0.55	1.45
74	0	0	1.55	2.45
74	0	3	2.55	3.45
74	0	4	3.55	4.45
74	0	9	4.55	5.45
74	0	9	5.55	6.45
74	0	17	6.55	7.45
74	0	14	7.55	8.45
74	0	3	8.55	9.45
74	0	3	9.55	10.45
74	0	0	10.55	11.45
74	0	0	11.55	12.45
75	0	0	0.55	1.45
75	0	0	1.55	2.45
75	0	3	2.55	3.45
75	0	4	3.55	4.45
75	0	9	4.55	5.45
75	0	9	5.55	6.45
75	0	17	6.55	7.45
75	0	14	7.55	8.45
75	0	3	8.55	9.45
75	0	4	9.55	10.45
75	0	0	10.55	11.45
75	0	0	11.55	12.45
76	0	0	0.55	1.45
76	0	0	1.55	2.45
76	0	3	2.55	3.45
76	0	4	3.55	4.45
76	0	9	4.55	5.45
76	0	9	5.55	6.45
76	0	18	6.55	7.45
76	0	14	7.55	8.45
76	0	3	8.55	9.45
76	0	4	9.55	10.45
76	0	0	10.55	11.45
76	0	0	11.55	12.45
77	0	0	0.55	1.45
77	0	0	1.55	2.45
77	0	3	2.55	3.45
77	0	4	3.55	4.45
77	0	9	4.55	5.45
77	0	9	5.55	6.45
77	0	18	6.55	7.45
77	0	15	7.55	8.45
77	0	3	8.55	9.45
77	0	4	9.55	10.45
77	0	0	10.55	11.45
77	0	0	11.55	12.45
78	0	0	0.55	1.45
78	0	0	1.55	2.45
78	0	3	2.55	3.45
78	0	4	3.55	4.45
78	0	9	4.55	5.45
78	0	10	5.55	6.45
78	0	18	6.55	7.45
78	0	15	7.55	8.45
78	0	3	8.55	9.45
78	0	4	9.55	10.45
78	0	0	10.55	11.45
78	0	0	11.55	12.45
79	0	0	0.55	1.45
79	0	0	1.55	2.45
79	0	3	2.55	3.45
79	0	4	3.55	4.45
79	0	9	4.55	5.45
79	0	11	5.55	6.45
79	0	18	6.55	7.45
79	0	15	7.55	8.45
79	0	3	8.55	9.45
79	0	4	9.55	10.45
79	0	0	10.55	11.45
79	0	0	11.55	12.45
80	0	0	0.55	1.45
80	0	0	1.55	2.45
80	0	3	2.55	3.45
80	0	4	3.55	4.45
80	0	9	4.55	5.45
80	0	11	5.55	6.45
80	0	19	6.55	7.45
80	0	15	7.55	8.45
80	0	3	8.55	9.45
80	0	4	9.55	10.45
80	0	0	10.55	11.45
80	0	0	11.55	12.45
81	0	0	0.55	1.45
81	0	0	1.55	2.45
81	0	3	2.55	3.45
81	0	4	3.55	4.45
81	0	9	4.55	5.45
81	0	11	5.55	6.45
81	0	20	6.55	7.45
81	0	15	7.55	8.45
81	0	3	8.55	9.45
81	0	4	9.55	10.45
81	0	0	10.55	11.45
81	0	0	11.55	12.45
82	0	0	0.55	1.45
82	0	0	1.55	2.45
82	0	3	2.55	3.45
82	0	4	3.55	4.45
82	0	9	4.55	5.45
82	0	11	5.55	6.45
82	0	21	6.55	7.45
82	0	15	7.55	8.45
82	0	3	8.55	9.45
82	0	4	9.55	10.45
82	0	0	10.55	11.45
82	0	0	11.55	12.45
83	0	0	0.55	1.45
83	0	0	1.55	2.45
83	0	3	2.55	3.45
83	0	4	3.55	4.45
83	0	9	4.55	5.45
83	0	11	5.55	6.45
83	0	21	6.55	7.45
83	0	16	7.55	8.45
83	0	3	8.55	9.45
83	0	4	9.55	10.45
83	0	0	10.55	11.45
83	0	0	11.55	12.45
84	0	0	0.55	1.45
84	0	0	1.55	2.45
84	0	3	2.55	3.45
84	0	4	3.55	4.45
84	0	9	4.55	5.45
84	0	11	5.55	6.45
84	0	22	6.55	7.45
84	0	16	7.55	8.45
84	0	3	8.55	9.45
84	0	4	9.55	10.45
84	0	0	10.55	11.45
84	0	0	11.55	12.45
85	0	0	0.55	1.45
85	0	0	1.55	2.45
85	0	3	2.55	3.45
85	0	4	3.55	4.45
85	0	10	4.55	5.45
85	0	11	5.55	6.45
85	0	22	6.55	7.45
85	0	16	7.55	8.45
85	0	3	8.55	9.45
85	0	4	9.55	10.45
85	0	0	10.55	11.45
85	0	0	11.55	12.45
86	0	0	0.55	1.45
86	0	0	1.55	2.45
86	0	3	2.55	3.45
86	0	4	3.55	4.45
86	0	10	4.55	5.45
86	0	11	5.55	6.45
86	0	22	6.55	7.45
86	0	17	7.55	8.45
86	0	3	8.55	9.45
86	0	4	9.55	10.45
86	0	0	10.55	11.45
86	0	0	11.55	12.45
87	0	0	0.55	1.45
87	0	0	1.55	2.45
87	0	3	2.55	3.45
87	0	4	3.55	4.45
87	0	10	4.55	5.45
87	0	12	5.55	6.45
87	0	22	6.55	7.45
87	0	17	7.55	8.45
87	0	3	8.55	9.45
87	0	4	9.55	10.45
87	0	0	10.55	11.45
87	0	0	11.55	12.45
88	0	0	0.55	1.45
88	0	0	1.55	2.45
88	0	3	2.55	3.45
88	0	4	3.55	4.45
88	0	10	4.55	5.45
88	0	12	5.55	6.45
88	0	23	6.55	7.45
88	0	17	7.55	8.45
88	0	3	8.55	9.45
88	0	4	9.55	10.45
88	0	0	10.55	11.45
88	0	0	11.55	12.45
89	0	0	0.55	1.45
89	0	0	1.55	2.45
89	0	3	2.55	3.45
89	0	4	3.55	4.45
89	0	10	4.55	5.45
89	0	12	5.55	6.45
89	0	23	6.55	7.45
89	0	17	7.55	8.45
89	0	4	8.55	9.45
89	0	4	9.55	10.45
89	0	0	10.55	11.45
89	0	0	11.55	12.45
90	0	0	0.55	1.45
90	0	0	1.55	2.45
90	0	3	2.55	3.45
90	0	4	3.55	4.45
90	0	10	4.55	5.45
90	0	12	5.55	6.45
90	0	23	6.55	7.45
90	0	18	7.55	8.45
90	0	4	8.55	9.45
90	0	4	9.55	10.45
90	0	0	10.55	11.45
90	0	0	11.55	12.45
91	0	0	0.55	1.45
91	0	0	1.55	2.45
91	0	3	2.55	3.45
91	0	5	3.55	4.45
91	0	10	4.55	5.45
91	0	12	5.55	6.45
91	0	23	6.55	7.45
91	0	18	7.55	8.45
91	0	4	8.55	9.45
91	0	4	9.55	10.45
91	0	0	10.55	11.45
91	0	0	11.55	12.45
92	0	0	0.55	1.45
92	0	0	1.55	2.45
92	0	3	2.55	3.45
92	0	5	3.55	4.45
92	0	10	4.55	5.45
92	0	12	5.55	6.45
92	0	23	6.55	7.45
92	0	18	7.55	8.45
92	0	4	8.55	9.45
92	0	5	9.55	10.45
92	0	0	10.55	11.45
92	0	0	11.55	12.45
93	0	0	0.55	1.45
93	0	0	1.55	2.45
93	0	3	2.55	3.45
93	0	5	3.55	4.45
93	0	10	4.55	5.45
93	0	13	5.55	6.45
93	0	23	6.55	7.45
93	0	18	7.55	8.45
93	0	4	8.55	9.45
93	0	5	9.55	10.45
93	0	0	10.55	11.45
93	0	0	11.55	12.45
94	0	0	0.55	1.45
94	0	0	1.55	2.45
94	0	3	2.55	3.45
94	0	5	3.55	4.45
94	0	10	4.55	5.45
94	0	13	5.55	6.45
94	0	23	6.55	7.45
94	0	18	7.55	8.45
94	0	5	8.55	9.45
94	0	5	9.55	10.45
94	0	0	10.55	11.45
94	0	0	11.55	12.45
95	0	0	0.55	1.45
95	0	0	1.55	2.45
95	0	3	2.55	3.45
95	0	5	3.55	4.45
95	0	10	4.55	5.45
95	0	13	5.55	6.45
95	0	24	6.55	7.45
95	0	18	7.55	8.45
95	0	5	8.55	9.45
95	0	5	9.55	10.45
95	0	0	10.55	11.45
95	0	0	11.55	12.45
96	0	0	0.55	1.45
96	0	0	1.55	2.45
96	0	3	2.55	3.45
96	0	5	3.55	4.45
96	0	11	4.55	5.45
96	0	13	5.55	6.45
96	0	24	6.55	7.45
96	0	18	7.55	8.45
96	0	5	8.55	9.45
96	0	5	9.55	10.45
96	0	0	10.55	11.45
96	0	0	11.55	12.45
97	0	0	0.55	1.45
97	0	0	1.55	2.45
97	0	3	2.55	3.45
97	0	5	3.55	4.45
97	0	11	4.55	5.45
97	0	14	5.55	6.45
97	0	24	6.55	7.45
97	0	18	7.55	8.45
97	0	5	8.55	9.45
97	0	5	9.55	10.45
97	0	0	10.55	11.45
97	0	0	11.55	12.45
98	0	0	0.55	1.45
98	0	0	1.55	2.45
98	0	3	2.55	3.45
98	0	5	3.55	4.45
98	0	11	4.55	5.45
98	0	14	5.55	6.45
98	0	25	6.55	7.45
98	0	18	7.55	8.45
98	0	5	8.55	9.45
98	0	5	9.55	10.45
98	0	0	10.55	11.45
98	0	0	11.55	12.45
99	0	0	0.55	1.45
99	0	0	1.55	2.45
99	0	3	2.55	3.45
99	0	6	3.55	4.45
99	0	11	4.55	5.45
99	0	14	5.55	6.45
99	0	25	6.55	7.45
99	0	18	7.55	8.45
99	0	5	8.55	9.45
99	0	5	9.55	10.45
99	0	0	10.55	11.45
99	0	0	11.55	12.45
100	0	0	0.55	1.45
100	0	0	1.55	2.45
100	0	3	2.55	3.45
100	0	6	3.55	4.45
100	0	11	4.55	5.45
100	0	14	5.55	6.45
100	0	26	6.55	7.45
100	0	18	7.55	8.45
100	0	5	8.55	9.45
100	0	5	9.55	10.45
100	0	0	10.55	11.45
100	0	0	11.55	12.45
101	0	0	0.55	1.45
101	0	0	1.55	2.45
101	0	3	2.55	3.45
101	0	6	3.55	4.45
101	0	11	4.55	5.45
101	0	14	5.55	6.45
101	0	27	6.55	7.45
101	0	18	7.55	8.45
101	0	5	8.55	9.45
101	0	5	9.55	10.45
101	0	0	10.55	11.45
101	0	0	11.55	12.45
102	0	0	0.55	1.45
102	0	0	1.55	2.45
102	0	3	2.55	3.45
102	0	6	3.55	4.45
102	0	11	4.55	5.45
102	0	15	5.55	6.45
102	0	27	6.55	7.45
102	0	18	7.55	8.45
102	0	5	8.55	9.45
102	0	5	9.55	10.45
102	0	0	10.55	11.45
102	0	0	11.55	12.45
103	0	0	0.55	1.45
103	0	0	1.55	2.45
103	0	3	2.55	3.45
103	0	6	3.55	4.45
103	0	11	4.55	5.45
103	0	15	5.55	6.45
103	0	28	6.55	7.45
103	0	18	7.55	8.45
103	0	5	8.55	9.45
103	0	5	9.55	10.45
103	0	0	10.55	11.45
103	0	0	11.55	12.45
104	0	0	0.55	1.45
104	0	0	1.55	2.45
104	0	3	2.55	3.45
104	0	6	3.55	4.45
104	0	11	4.55	5.45
104	0	16	5.55	6.45
104	0	28	6.55	7.45
104	0	18	7.55	8.45
104	0	5	8.55	9.45
104	0	5	9.55	10.45
104	0	0	10.55	11.45
104	0	0	11.55	12.45
105	0	0	0.55	1.45
105	0	0	1.55	2.45
105	0	3	2.55	3.45
105	0	6	3.55	4.45
105	0	11	4.55	5.45
105	0	16	5.55	6.45
105	0	28	6.55	7.45
105	0	19	7.55	8.45
105	0	5	8.55	9.45
105	0	5	9.55	10.45
105	0	0	10.55	11.45
105	0	0	11.55	12.45
106	0	0	0.55	1.45
106	0	0	1.55	2.45
106	0	3	2.55	3.45
106	0	6	3.55	4.45
106	0	11	4.55	5.45
106	0	17	5.55	6.45
106	0	28	6.55	7.45
106	0	19	7.55	8.45
106	0	5	8.55	9.45
106	0	5	9.55	10.45
106	0	0	10.55	11.45
106	0	0	11.55	12.45
107	0	0	0.55	1.45
107	0	0	1.55	2.45
107	0	3	2.55	3.45
107	0	6	3.55	4.45
107	0	11	4.55	5.45
107	0	17	5.55	6.45
107	0	29	6.55	7.45
107	0	19	7.55	8.45
107	0	5	8.55	9.45
107	0	5	9.55	10.45
107	0	0	10.55	11.45
107	0	0	11.55	12.45
108	0	0	0.55	1.45
108	0	0	1.55	2.45
108	0	4	2.55	3.45
108	0	6	3.55	4.45
108	0	11	4.55	5.45
108	0	17	5.55	6.45
108	0	29	6.55	7.45
108	0	19	7.55	8.45
108	0	5	8.55	9.45
108	0	5	9.55	10.45
108	0	0	10.55	11.45
108	0	0	11.55	12.45
109	0	0	0.55	1.45
109	0	0	1.55	2.45
109	0	4	2.55	3.45
109	0	6	3.55	4.45
109	0	11	4.55	5.45
109	0	17	5.55	6.45
109	0	29	6.55	7.45
109	0	20	7.55	8.45
109	0	5	8.55	9.45
109	0	5	9.55	10.45
109	0	0	10.55	11.45
109	0	0	11.55	12.45
110	0	0	0.55	1.45
110	0	0	1.55	2.45
110	0	4	2.55	3.45
110	0	6	3.55	4.45
110	0	11	4.55	5.45
110	0	18	5.55	6.45
110	0	29	6.55	7.45
110	0	20	7.55	8.45
110	0	5	8.55	9.45
110	0	5	9.55	10.45
110	0	0	10.55	11.45
110	0	0	11.55	12.45
111	0	0	0.55	1.45
111	0	0	1.55	2.45
111	0	4	2.55	3.45
111	0	6	3.55	4.45
111	0	11	4.55	5.45
111	0	18	5.55	6.45
111	0	29	6.55	7.45
111	0	21	7.55	8.45
111	0	5	8.55	9.45
111	0	5	9.55	10.45
111	0	0	10.55	11.45
111	0	0	11.55	12.45
112	0	0	0.55	1.45
112	0	0	1.55	2.45
112	0	4	2.55	3.45
112	0	6	3.55	4.45
112	0	11	4.55	5.45
112	0	19	5.55	6.45
112	0	29	6.55	7.45
112	0	21	7.55	8.45
112	0	5	8.55	9.45
112	0	5	9.55	10.45
112	0	0	10.55	11.45
112	0	0	11.55	12.45
113	0	0	0.55	1.45
113	0	0	1.55	2.45
113	0	4	2.55	3.45
113	0	6	3.55	4.45
113	0	11	4.55	5.45
113	0	19	5.55	6.45
113	0	29	6.55	7.45
113	0	22	7.55	8.45
113	0	5	8.55	9.45
113	0	5	9.55	10.45
113	0	0	10.55	11.45
113	0	0	11.55	12.45
114	0	0	0.55	1.45
114	0	0	1.55	2.45
114	0	4	2.55	3.45
114	0	6	3.55	4.45
114	0	11	4.55	5.45
114	0	19	5.55	6.45
114	0	29	6.55	7.45
114	0	23	7.55	8.45
114	0	5	8.55	9.45
114	0	5	9.55	10.45
114	0	0	10.55	11.45
114	0	0	11.55	12.45
115	0	0	0.55	1.45
115	0	0	1.55	2.45
115	0	4	2.55	3.45
115	0	6	3.55	4.45
115	0	11	4.55	5.45
115	0	19	5.55	6.45
115	0	30	6.55	7.45
115	0	23	7.55	8.45
115	0	5	8.55	9.45
115	0	5	9.55	10.45
115	0	0	10.55	11.45
115	0	0	11.55	12.45
116	0	0	0.55	1.45
116	0	0	1.55	2.45
116	0	4	2.55	3.45
116	0	6	3.55	4.45
116	0	11	4.55	5.45
116	0	19	5.55	6.45
116	0	31	6.55	7.45
116	0	23	7.55	8.45
116	0	5	8.55	9.45
116	0	5	9.55	10.45
116	0	0	10.55	11.45
116	0	0	11.55	12.45
117	0	0	0.55	1.45
117	0	0	1.55	2.45
117	0	4	2.55	3.45
117	0	6	3.55	4.45
117	0	11	4.55	5.45
117	0	19	5.55	6.45
117	0	31	6.55	7.45
117	0	24	7.55	8.45
117	0	5	8.55	9.45
117	0	5	9.55	10.45
117	0	0	10.55	11.45
117	0	0	11.55	12.45
118	0	0	0.55	1.45
118	0	0	1.55	2.45
118	0	4	2.55	3.45
118	0	7	3.55	4.45
118	0	11	4.55	5.45
118	0	19	5.55	6.45
118	0	31	6.55	7.45
118	0	24	7.55	8.45
118	0	5	8.55	9.45
118	0	5	9.55	10.45
118	0	0	10.55	11.45
118	0	0	11.55	12.45
119	0	0	0.55	1.45
119	0	0	1.55	2.45
119	0	4	2.55	3.45
119	0	7	3.55	4.45
119	0	12	4.55	5.45
119	0	19	5.55	6.45
119	0	31	6.55	7.45
119	0	24	7.55	8.45
119	0	5	8.55	9.45
119	0	5	9.55	10.45
119	0	0	10.55	11.45
119	0	0	11.55	12.45
120	0	0	0.55	1.45
120	0	0	1.55	2.45
120	0	4	2.55	3.45
120	0	7	3.55	4.45
120	0	12	4.55	5.45
120	0	19	5.55	6.45
120	0	31	6.55	7.45
120	0	25	7.55	8.45
120	0	5	8.55	9.45
120	0	5	9.55	10.45
120	0	0	10.55	11.45
120	0	0	11.55	12.45
121	0	0	0.55	1.45
121	0	0	1.55	2.45
121	0	4	2.55	3.45
121	0	7	3.55	4.45
121	0	12	4.55	5.45
121	0	19	5.55	6.45
121	0	32	6.55	7.45
121	0	25	7.55	8.45
121	0	5	8.55	9.45
121	0	5	9.55	10.45
121	0	0	10.55	11.45
121	0	0	11.55	12.45
122	0	0	0.55	1.45
122	0	0	1.55	2.45
122	0	4	2.55	3.45
122	0	7	3.55	4.45
122	0	12	4.55	5.45
122	0	20	5.55	6.45
122	0	32	6.55	7.45
122	0	25	7.55	8.45
122	0	5	8.55	9.45
122	0	5	9.55	10.45
122	0	0	10.55	11.45
122	0	0	11.55	12.45
123	0	0	0.55	1.45
123	0	0	1.55	2.45
123	0	4	2.55	3.45
123	0	7	3.55	4.45
123	0	12	4.55	5.45
123	0	21	5.55	6.45
123	0	32	6.55	7.45
123	0	25	7.55	8.45
123	0	5	8.55	9.45
123	0	5	9.55	10.45
123	0	0	10.55	11.45
123	0	0	11.55	12.45
124	0	0	0.55	1.45
124	0	0	1.55	2.45
124	0	4	2.55	3.45
124	0	7	3.55	4.45
124	0	13	4.55	5.45
124	0	21	5.55	6.45
124	0	32	6.55	7.45
124	0	25	7.55	8.45
124	0	5	8.55	9.45
124	0	5	9.55	10.45
124	0	0	10.55	11.45
124	0	0	11.55	12.45
125	0	0	0.55	1.45
125	0	0	1.55	2.45
125	0	4	2.55	3.45
125	0	7	3.55	4.45
125	0	13	4.55	5.45
125	0	21	5.55	6.45
125	0	32	6.55	7.45
125	0	26	7.55	8.45
125	0	5	8.55	9.45
125	0	5	9.55	10.45
125	0	0	10.55	11.45
125	0	0	11.55	12.45
126	0	0	0.55	1.45
126	0	0	1.55	2.45
126	0	4	2.55	3.45
126	0	7	3.55	4.45
126	0	13	4.55	5.45
126	0	21	5.55	6.45
126	0	32	6.55	7.45
126	0	26	7.55	8.45
126	0	5	8.55	9.45
126	0	6	9.55	10.45
126	0	0	10.55	11.45
126	0	0	11.55	12.45
127	0	0	0.55	1.45
127	0	0	1.55	2.45
127	0	4	2.55	3.45
127	0	7	3.55	4.45
127	0	14	4.55	5.45
127	0	21	5.55	6.45
127	0	32	6.55	7.45
127	0	26	7.55	8.45
127	0	5	8.55	9.45
127	0	6	9.55	10.45
127	0	0	10.55	11.45
127	0	0	11.55	12.45
128	0	0	0.55	1.45
128	0	0	1.55	2.45
128	0	4	2.55	3.45
128	0	7	3.55	4.45
128	0	14	4.55	5.45
128	0	21	5.55	6.45
128	0	32	6.55	7.45
128	0	26	7.55	8.45
128	0	6	8.55	9.45
128	0	6	9.55	10.45
128	0	0	10.55	11.45
128	0	0	11.55	12.45
129	0	0	0.55	1.45
129	0	0	1.55	2.45
129	0	4	2.55	3.45
129	0	7	3.55	4.45
129	0	14	4.55	5.45
129	0	21	5.55	6.45
129	0	33	6.55	7.45
129	0	26	7.55	8.45
129	0	6	8.55	9.45
129	0	6	9.55	10.45
129	0	0	10.55	11.45
129	0	0	11.55	12.45
130	0	0	0.55	1.45
130	0	0	1.55	2.45
130	0	4	2.55	3.45
130	0	7	3.55	4.45
130	0	14	4.55	5.45
130	0	21	5.55	6.45
130	0	33	6.55	7.45
130	0	27	7.55	8.45
130	0	6	8.55	9.45
130	0	6	9.55	10.45
130	0	0	10.55	11.45
130	0	0	11.55	12.45
131	0	0	0.55	1.45
131	0	0	1.55	2.45
131	0	4	2.55	3.45
131	0	7	3.55	4.45
131	0	14	4.55	5.45
131	0	22	5.55	6.45
131	0	33	6.55	7.45
131	0	27	7.55	8.45
131	0	6	8.55	9.45
131	0	6	9.55	10.45
131	0	0	10.55	11.45
131	0	0	11.55	12.45
132	0	0	0.55	1.45
132	0	0	1.55	2.45
132	0	4	2.55	3.45
132	0	8	3.55	4.45
132	0	14	4.55	5.45
132	0	22	5.55	6.45
132	0	33	6.55	7.45
132	0	27	7.55	8.45
132	0	6	8.55	9.45
132	0	6	9.55	10.45
132	0	0	10.55	11.45
132	0	0	11.55	12.45
133	0	0	0.55	1.45
133	0	0	1.55	2.45
133	0	4	2.55	3.45
133	0	8	3.55	4.45
133	0	14	4.55	5.45
133	0	22	5.55	6.45
133	0	34	6.55	7.45
133	0	27	7.55	8.45
133	0	6	8.55	9.45
133	0	6	9.55	10.45
133	0	0	10.55	11.45
133	0	0	11.55	12.45
134	0	0	0.55	1.45
134	0	0	1.55	2.45
134	0	4	2.55	3.45
134	0	8	3.55	4.45
134	0	15	4.55	5.45
134	0	22	5.55	6.45
134	0	34	6.55	7.45
134	0	27	7.55	8.45
134	0	6	8.55	9.45
134	0	6	9.55	10.45
134	0	0	10.55	11.45
134	0	0	11.55	12.45
135	0	0	0.55	1.45
135	0	0	1.55	2.45
135	0	4	2.55	3.45
135	0	8	3.55	4.45
135	0	15	4.55	5.45
135	0	22	5.55	6.45
135	0	35	6.55	7.45
135	0	27	7.55	8.45
135	0	6	8.55	9.45
135	0	6	9.55	10.45
135	0	0	10.55	11.45
135	0	0	11.55	12.45
136	0	0	0.55	1.45
136	0	0	1.55	2.45
136	0	4	2.55	3.45
136	0	8	3.55	4.45
136	0	15	4.55	5.45
136	0	23	5.55	6.45
136	0	35	6.55	7.45
136	0	27	7.55	8.45
136	0	6	8.55	9.45
136	0	6	9.55	10.45
136	0	0	10.55	11.45
136	0	0	11.55	12.45
137	0	0	0.55	1.45
137	0	0	1.55	2.45
137	0	4	2.55	3.45
137	0	8	3.55	4.45
137	0	15	4.55	5.45
137	0	24	5.55	6.45
137	0	35	6.55	7.45
137	0	27	7.55	8.45
137	0	6	8.55	9.45
137	0	6	9.55	10.45
137	0	0	10.55	11.45
137	0	0	11.55	12.45
138	0	0	0.55	1.45
138	0	0	1.55	2.45
138	0	4	2.55	3.45
138	0	8	3.55	4.45
138	0	15	4.55	5.45
138	0	25	5.55	6.45
138	0	35	6.55	7.45
138	0	27	7.55	8.45
138	0	6	8.55	9.45
138	0	6	9.55	10.45
138	0	0	10.55	11.45
138	0	0	11.55	12.45
139	0	0	0.55	1.45
139	0	0	1.55	2.45
139	0	4	2.55	3.45
139	0	9	3.55	4.45
139	0	15	4.55	5.45
139	0	25	5.55	6.45
139	0	35	6.55	7.45
139	0	27	7.55	8.45
139	0	6	8.55	9.45
139	0	6	9.55	10.45
139	0	0	10.55	11.45
139	0	0	11.55	12.45
140	0	0	0.55	1.45
140	0	0	1.55	2.45
140	0	4	2.55	3.45
140	0	9	3.55	4.45
140	0	15	4.55	5.45
140	0	25	5.55	6.45
140	0	35	6.55	7.45
140	0	27	7.55	8.45
140	0	6	8.55	9.45
140	0	7	9.55	10.45
140	0	0	10.55	11.45
140	0	0	11.55	12.45
141	0	0	0.55	1.45
141	0	0	1.55	2.45
141	0	4	2.55	3.45
141	0	9	3.55	4.45
141	0	15	4.55	5.45
141	0	25	5.55	6.45
141	0	35	6.55	7.45
141	0	28	7.55	8.45
141	0	6	8.55	9.45
141	0	7	9.55	10.45
141	0	0	10.55	11.45
141	0	0	11.55	12.45
142	0	0	0.55	1.45
142	0	0	1.55	2.45
142	0	4	2.55	3.45
142	0	9	3.55	4.45
142	0	15	4.55	5.45
142	0	26	5.55	6.45
142	0	35	6.55	7.45
142	0	28	7.55	8.45
142	0	6	8.55	9.45
142	0	7	9.55	10.45
142	0	0	10.55	11.45
142	0	0	11.55	12.45
143	0	0	0.55	1.45
143	0	0	1.55	2.45
143	0	4	2.55	3.45
143	0	9	3.55	4.45
143	0	15	4.55	5.45
143	0	27	5.55	6.45
143	0	35	6.55	7.45
143	0	28	7.55	8.45
143	0	6	8.55	9.45
143	0	7	9.55	10.45
143	0	0	10.55	11.45
143	0	0	11.55	12.45
144	0	0	0.55	1.45
144	0	0	1.55	2.45
144	0	4	2.55	3.45
144	0	9	3.55	4.45
144	0	15	4.55	5.45
144	0	27	5.55	6.45
144	0	36	6.55	7.45
144	0	28	7.55	8.45
144	0	6	8.55	9.45
144	0	7	9.55	10.45
144	0	0	10.55	11.45
144	0	0	11.55	12.45
145	0	0	0.55	1.45
145	0	0	1.55	2.45
145	0	4	2.55	3.45
145	0	9	3.55	4.45
145	0	16	4.55	5.45
145	0	27	5.55	6.45
145	0	36	6.55	7.45
145	0	28	7.55	8.45
145	0	6	8.55	9.45
145	0	7	9.55	10.45
145	0	0	10.55	11.45
145	0	0	11.55	12.45
146	0	0	0.55	1.45
146	0	0	1.55	2.45
146	0	4	2.55	3.45
146	0	9	3.55	4.45
146	0	17	4.55	5.45
146	0	27	5.55	6.45
146	0	36	6.55	7.45
146	0	28	7.55	8.45
146	0	6	8.55	9.45
146	0	7	9.55	10.45
146	0	0	10.55	11.45
146	0	0	11.55	12.45
147	0	0	0.55	1.45
147	0	0	1.55	2.45
147	0	4	2.55	3.45
147	0	9	3.55	4.45
147	0	17	4.55	5.45
147	0	27	5.55	6.45
147	0	37	6.55	7.45
147	0	28	7.55	8.45
147	0	6	8.55	9.45
147	0	7	9.55	10.45
147	0	0	10.55	11.45
147	0	0	11.55	12.45
148	0	0	0.55	1.45
148	0	0	1.55	2.45
148	0	4	2.55	3.45
148	0	9	3.55	4.45
148	0	18	4.55	5.45
148	0	27	5.55	6.45
148	0	37	6.55	7.45
148	0	28	7.55	8.45
148	0	6	8.55	9.45
148	0	7	9.55	10.45
148	0	0	10.55	11.45
148	0	0	11.55	12.45
149	0	0	0.55	1.45
149	0	0	1.55	2.45
149	0	4	2.55	3.45
149	0	10	3.55	4.45
149	0	18	4.55	5.45
149	0	27	5.55	6.45
149	0	37	6.55	7.45
149	0	28	7.55	8.45
149	0	6	8.55	9.45
149	0	7	9.55	10.45
149	0	0	10.55	11.45
149	0	0	11.55	12.45
150	0	0	0.55	1.45
150	0	0	1.55	2.45
150	0	4	2.55	3.45
150	0	10	3.55	4.45
150	0	19	4.55	5.45
150	0	27	5.55	6.45
150	0	37	6.55	7.45
150	0	28	7.55	8.45
150	0	6	8.55	9.45
150	0	7	9.55	10.45
150	0	0	10.55	11.45
150	0	0	11.55	12.45
151	0	0	0.55	1.45
151	0	0	1.55	2.45
151	0	4	2.55	3.45
151	0	10	3.55	4.45
151	0	19	4.55	5.45
151	0	27	5.55	6.45
151	0	38	6.55	7.45
151	0	28	7.55	8.45
151	0	6	8.55	9.45
151	0	7	9.55	10.45
151	0	0	10.55	11.45
151	0	0	11.55	12.45
152	0	0	0.55	1.45
152	0	0	1.55	2.45
152	0	4	2.55	3.45
152	0	10	3.55	4.45
152	0	19	4.55	5.45
152	0	27	5.55	6.45
152	0	38	6.55	7.45
152	0	28	7.55	8.45
152	0	7	8.55	9.45
152	0	7	9.55	10.45
152	0	0	10.55	11.45
152	0	0	11.55	12.45
153	0	0	0.55	1.45
153	0	0	1.55	2.45
153	0	4	2.55	3.45
153	0	10	3.55	4.45
153	0	19	4.55	5.45
153	0	27	5.55	6.45
153	0	38	6.55	7.45
153	0	28	7.55	8.45
153	0	8	8.55	9.45
153	0	7	9.55	10.45
153	0	0	10.55	11.45
153	0	0	11.55	12.45
154	0	0	0.55	1.45
154	0	0	1.55	2.45
154	0	4	2.55	3.45
154	0	10	3.55	4.45
154	0	19	4.55	5.45
154	0	27	5.55	6.45
154	0	38	6.55	7.45
154	0	29	7.55	8.45
154	0	8	8.55	9.45
154	0	7	9.55	10.45
154	0	0	10.55	11.45
154	0	0	11.55	12.45
155	0	0	0.55	1.45
155	0	0	1.55	2.45
155	0	4	2.55	3.45
155	0	10	3.55	4.45
155	0	19	4.55	5.45
155	0	27	5.55	6.45
155	0	39	6.55	7.45
155	0	29	7.55	8.45
155	0	8	8.55	9.45
155	0	7	9.55	10.45
155	0	0	10.55	11.45
155	0	0	11.55	12.45
156	0	0	0.55	1.45
156	0	0	1.55	2.45
156	0	4	2.55	3.45
156	0	10	3.55	4.45
156	0	19	4.55	5.45
156	0	28	5.55	6.45
156	0	39	6.55	7.45
156	0	29	7.55	8.45
156	0	8	8.55	9.45
156	0	7	9.55	10.45
156	0	0	10.55	11.45
156	0	0	11.55	12.45
157	0	0	0.55	1.45
157	0	0	1.55	2.45
157	0	4	2.55	3.45
157	0	10	3.55	4.45
157	0	19	4.55	5.45
157	0	28	5.55	6.45
157	0	39	6.55	7.45
157	0	30	7.55	8.45
157	0	8	8.55	9.45
157	0	7	9.55	10.45
157	0	0	10.55	11.45
157	0	0	11.55	12.45
158	0	0	0.55	1.45
158	0	0	1.55	2.45
158	0	4	2.55	3.45
158	0	11	3.55	4.45
158	0	19	4.55	5.45
158	0	28	5.55	6.45
158	0	39	6.55	7.45
158	0	30	7.55	8.45
158	0	8	8.55	9.45
158	0	7	9.55	10.45
158	0	0	10.55	11.45
158	0	0	11.55	12.45
159	0	0	0.55	1.45
159	0	0	1.55	2.45
159	0	4	2.55	3.45
159	0	11	3.55	4.45
159	0	19	4.55	5.45
159	0	29	5.55	6.45
159	0	39	6.55	7.45
159	0	30	7.55	8.45
159	0	8	8.55	9.45
159	0	7	9.55	10.45
159	0	0	10.55	11.45
159	0	0	11.55	12.45
160	0	0	0.55	1.45
160	0	0	1.55	2.45
160	0	4	2.55	3.45
160	0	11	3.55	4.45
160	0	19	4.55	5.45
160	0	29	5.55	6.45
160	0	40	6.55	7.45
160	0	30	7.55	8.45
160	0	8	8.55	9.45
160	0	7	9.55	10.45
160	0	0	10.55	11.45
160	0	0	11.55	12.45
161	0	0	0.55	1.45
161	0	0	1.55	2.45
161	0	4	2.55	3.45
161	0	11	3.55	4.45
161	0	19	4.55	5.45
161	0	29	5.55	6.45
161	0	41	6.55	7.45
161	0	30	7.55	8.45
161	0	8	8.55	9.45
161	0	7	9.55	10.45
161	0	0	10.55	11.45
161	0	0	11.55	12.45
162	0	0	0.55	1.45
162	0	0	1.55	2.45
162	0	4	2.55	3.45
162	0	11	3.55	4.45
162	0	19	4.55	5.45
162	0	29	5.55	6.45
162	0	42	6.55	7.45
162	0	30	7.55	8.45
162	0	8	8.55	9.45
162	0	7	9.55	10.45
162	0	0	10.55	11.45
162	0	0	11.55	12.45
163	0	0	0.55	1.45
163	0	0	1.55	2.45
163	0	4	2.55	3.45
163	0	11	3.55	4.45
163	0	19	4.55	5.45
163	0	30	5.55	6.45
163	0	42	6.55	7.45
163	0	30	7.55	8.45
163	0	8	8.55	9.45
163	0	7	9.55	10.45
163	0	0	10.55	11.45
163	0	0	11.55	12.45
164	0	0	0.55	1.45
164	0	0	1.55	2.45
164	0	4	2.55	3.45
164	0	11	3.55	4.45
164	0	19	4.55	5.45
164	0	30	5.55	6.45
164	0	43	6.55	7.45
164	0	30	7.55	8.45
164	0	8	8.55	9.45
164	0	7	9.55	10.45
164	0	0	10.55	11.45
164	0	0	11.55	12.45
165	0	0	0.55	1.45
165	0	0	1.55	2.45
165	0	4	2.55	3.45
165	0	12	3.55	4.45
165	0	19	4.55	5.45
165	0	30	5.55	6.45
165	0	43	6.55	7.45
165	0	30	7.55	8.45
165	0	8	8.55	9.45
165	0	7	9.55	10.45
165	0	0	10.55	11.45
165	0	0	11.55	12.45
166	0	0	0.55	1.45
166	0	0	1.55	2.45
166	0	4	2.55	3.45
166	0	12	3.55	4.45
166	0	19	4.55	5.45
166	0	31	5.55	6.45
166	0	43	6.55	7.45
166	0	30	7.55	8.45
166	0	8	8.55	9.45
166	0	7	9.55	10.45
166	0	0	10.55	11.45
166	0	0	11.55	12.45
167	0	0	0.55	1.45
167	0	0	1.55	2.45
167	0	4	2.55	3.45
167	0	12	3.55	4.45
167	0	19	4.55	5.45
167	0	31	5.55	6.45
167	0	43	6.55	7.45
167	0	31	7.55	8.45
167	0	8	8.55	9.45
167	0	7	9.55	10.45
167	0	0	10.55	11.45
167	0	0	11.55	12.45
168	0	0	0.55	1.45
168	0	0	1.55	2.45
168	0	4	2.55	3.45
168	0	12	3.55	4.45
168	0	19	4.55	5.45
168	0	32	5.55	6.45
168	0	43	6.55	7.45
168	0	31	7.55	8.45
168	0	8	8.55	9.45
168	0	7	9.55	10.45
168	0	0	10.55	11.45
168	0	0	11.55	12.45
169	0	0	0.55	1.45
169	0	0	1.55	2.45
169	0	4	2.55	3.45
169	0	13	3.55	4.45
169	0	19	4.55	5.45
169	0	32	5.55	6.45
169	0	43	6.55	7.45
169	0	31	7.55	8.45
169	0	8	8.55	9.45
169	0	7	9.55	10.45
169	0	0	10.55	11.45
169	0	0	11.55	12.45
170	0	0	0.55	1.45
170	0	0	1.55	2.45
170	0	4	2.55	3.45
170	0	13	3.55	4.45
170	0	19	4.55	5.45
170	0	32	5.55	6.45
170	0	43	6.55	7.45
170	0	32	7.55	8.45
170	0	8	8.55	9.45
170	0	7	9.55	10.45
170	0	0	10.55	11.45
170	0	0	11.55	12.45
171	0	0	0.55	1.45
171	0	1	1.55	2.45
171	0	4	2.55	3.45
171	0	13	3.55	4.45
171	0	19	4.55	5.45
171	0	32	5.55	6.45
171	0	43	6.55	7.45
171	0	32	7.55	8.45
171	0	8	8.55	9.45
171	0	7	9.55	10.45
171	0	0	10.55	11.45
171	0	0	11.55	12.45
172	0	0	0.55	1.45
172	0	2	1.55	2.45
172	0	4	2.55	3.45
172	0	13	3.55	4.45
172	0	19	4.55	5.45
172	0	32	5.55	6.45
172	0	43	6.55	7.45
172	0	32	7.55	8.45
172	0	8	8.55	9.45
172	0	7	9.55	10.45
172	0	0	10.55	11.45
172	0	0	11.55	12.45
173	0	0	0.55	1.45
173	0	2	1.55	2.45
173	0	4	2.55	3.45
173	0	14	3.55	4.45
173	0	19	4.55	5.45
173	0	32	5.55	6.45
173	0	43	6.55	7.45
173	0	32	7.55	8.45
173	0	8	8.55	9.45
173	0	7	9.55	10.45
173	0	0	10.55	11.45
173	0	0	11.55	12.45
174	0	0	0.55	1.45
174	0	2	1.55	2.45
174	0	4	2.55	3.45
174	0	14	3.55	4.45
174	0	20	4.55	5.45
174	0	32	5.55	6.45
174	0	43	6.55	7.45
174	0	32	7.55	8.45
174	0	8	8.55	9.45
174	0	7	9.55	10.45
174	0	0	10.55	11.45
174	0	0	11.55	12.45
175	0	0	0.55	1.45
175	0	3	1.55	2.45
175	0	4	2.55	3.45
175	0	14	3.55	4.45
175	0	20	4.55	5.45
175	0	32	5.55	6.45
175	0	43	6.55	7.45
175	0	32	7.55	8.45
175	0	8	8.55	9.45
175	0	7	9.55	10.45
175	0	0	10.55	11.45
175	0	0	11.55	12.45
176	0	0	0.55	1.45
176	0	3	1.55	2.45
176	0	4	2.55	3.45
176	0	14	3.55	4.45
176	0	21	4.55	5.45
176	0	32	5.55	6.45
176	0	43	6.55	7.45
176	0	32	7.55	8.45
176	0	8	8.55	9.45
176	0	7	9.55	10.45
176	0	0	10.55	11.45
176	0	0	11.55	12.45
177	0	0	0.55	1.45
177	0	3	1.55	2.45
177	0	4	2.55	3.45
177	0	14	3.55	4.45
177	0	21	4.55	5.45
177	0	32	5.55	6.45
177	0	44	6.55	7.45
177	0	32	7.55	8.45
177	0	8	8.55	9.45
177	0	7	9.55	10.45
177	0	0	10.55	11.45
177	0	0	11.55	12.45
178	0	0	0.55	1.45
178	0	3	1.55	2.45
178	0	4	2.55	3.45
178	0	14	3.55	4.45
178	0	21	4.55	5.45
178	0	32	5.55	6.45
178	0	44	6.55	7.45
178	0	33	7.55	8.45
178	0	8	8.55	9.45
178	0	7	9.55	10.45
178	0	0	10.55	11.45
178	0	0	11.55	12.45
179	0	0	0.55	1.45
179	0	3	1.55	2.45
179	0	4	2.55	3.45
179	0	14	3.55	4.45
179	0	21	4.55	5.45
179	0	33	5.55	6.45
179	0	44	6.55	7.45
179	0	33	7.55	8.45
179	0	8	8.55	9.45
179	0	7	9.55	10.45
179	0	0	10.55	11.45
179	0	0	11.55	12.45
180	0	0	0.55	1.45
180	0	3	1.55	2.45
180	0	4	2.55	3.45
180	0	14	3.55	4.45
180	0	21	4.55	5.45
180	0	34	5.55	6.45
180	0	44	6.55	7.45
180	0	33	7.55	8.45
180	0	8	8.55	9.45
180	0	7	9.55	10.45
180	0	0	10.55	11.45
180	0	0	11.55	12.45
181	0	0	0.55	1.45
181	0	3	1.55	2.45
181	0	4	2.55	3.45
181	0	14	3.55	4.45
181	0	21	4.55	5.45
181	0	34	5.55	6.45
181	0	45	6.55	7.45
181	0	33	7.55	8.45
181	0	8	8.55	9.45
181	0	7	9.55	10.45
181	0	0	10.55	11.45
181	0	0	11.55	12.45
182	0	0	0.55	1.45
182	0	3	1.55	2.45
182	0	4	2.55	3.45
182	0	14	3.55	4.45
182	0	22	4.55	5.45
182	0	34	5.55	6.45
182	0	45	6.55	7.45
182	0	33	7.55	8.45
182	0	8	8.55	9.45
182	0	7	9.55	10.45
182	0	0	10.55	11.45
182	0	0	11.55	12.45
183	0	0	0.55	1.45
183	0	3	1.55	2.45
183	0	4	2.55	3.45
183	0	14	3.55	4.45
183	0	22	4.55	5.45
183	0	34	5.55	6.45
183	0	46	6.55	7.45
183	0	33	7.55	8.45
183	0	8	8.55	9.45
183	0	7	9.55	10.45
183	0	0	10.55	11.45
183	0	0	11.55	12.45
184	0	0	0.55	1.45
184	0	3	1.55	2.45
184	0	4	2.55	3.45
184	0	14	3.55	4.45
184	0	22	4.55	5.45
184	0	34	5.55	6.45
184	0	47	6.55	7.45
184	0	33	7.55	8.45
184	0	8	8.55	9.45
184	0	7	9.55	10.45
184	0	0	10.55	11.45
184	0	0	11.55	12.45
185	0	0	0.55	1.45
185	0	3	1.55	2.45
185	0	4	2.55	3.45
185	0	14	3.55	4.45
185	0	22	4.55	5.45
185	0	35	5.55	6.45
185	0	47	6.55	7.45
185	0	33	7.55	8.45
185	0	8	8.55	9.45
185	0	7	9.55	10.45
185	0	0	10.55	11.45
185	0	0	11.55	12.45
186	0	0	0.55	1.45
186	0	3	1.55	2.45
186	0	4	2.55	3.45
186	0	14	3.55	4.45
186	0	23	4.55	5.45
186	0	35	5.55	6.45
186	0	47	6.55	7.45
186	0	33	7.55	8.45
186	0	8	8.55	9.45
186	0	7	9.55	10.45
186	0	0	10.55	11.45
186	0	0	11.55	12.45
187	0	0	0.55	1.45
187	0	3	1.55	2.45
187	0	4	2.55	3.45
187	0	14	3.55	4.45
187	0	23	4.55	5.45
187	0	35	5.55	6.45
187	0	48	6.55	7.45
187	0	33	7.55	8.45
187	0	8	8.55	9.45
187	0	7	9.55	10.45
187	0	0	10.55	11.45
187	0	0	11.55	12.45
188	0	0	0.55	1.45
188	0	3	1.55	2.45
188	0	5	2.55	3.45
188	0	14	3.55	4.45
188	0	23	4.55	5.45
188	0	35	5.55	6.45
188	0	48	6.55	7.45
188	0	33	7.55	8.45
188	0	8	8.55	9.45
188	0	7	9.55	10.45
188	0	0	10.55	11.45
188	0	0	11.55	12.45
189	0	0	0.55	1.45
189	0	3	1.55	2.45
189	0	5	2.55	3.45
189	0	14	3.55	4.45
189	0	23	4.55	5.45
189	0	35	5.55	6.45
189	0	49	6.55	7.45
189	0	33	7.55	8.45
189	0	8	8.55	9.45
189	0	7	9.55	10.45
189	0	0	10.55	11.45
189	0	0	11.55	12.45
190	0	0	0.55	1.45
190	0	3	1.55	2.45
190	0	5	2.55	3.45
190	0	14	3.55	4.45
190	0	23	4.55	5.45
190	0	36	5.55	6.45
190	0	49	6.55	7.45
190	0	33	7.55	8.45
190	0	8	8.55	9.45
190	0	7	9.55	10.45
190	0	0	10.55	11.45
190	0	0	11.55	12.45
191	0	0	0.55	1.45
191	0	3	1.55	2.45
191	0	5	2.55	3.45
191	0	14	3.55	4.45
191	0	23	4.55	5.45
191	0	37	5.55	6.45
191	0	49	6.55	7.45
191	0	33	7.55	8.45
191	0	8	8.55	9.45
191	0	7	9.55	10.45
191	0	0	10.55	11.45
191	0	0	11.55	12.45
192	0	0	0.55	1.45
192	0	3	1.55	2.45
192	0	5	2.55	3.45
192	0	14	3.55	4.45
192	0	23	4.55	5.45
192	0	37	5.55	6.45
192	0	49	6.55	7.45
192	0	33	7.55	8.45
192	0	9	8.55	9.45
192	0	7	9.55	10.45
192	0	0	10.55	11.45
192	0	0	11.55	12.45
193	0	0	0.55	1.45
193	0	3	1.55	2.45
193	0	5	2.55	3.45
193	0	14	3.55	4.45
193	0	23	4.55	5.45
193	0	37	5.55	6.45
193	0	50	6.55	7.45
193	0	33	7.55	8.45
193	0	9	8.55	9.45
193	0	7	9.55	10.45
193	0	0	10.55	11.45
193	0	0	11.55	12.45
194	0	0	0.55	1.45
194	0	3	1.55	2.45
194	0	5	2.55	3.45
194	0	14	3.55	4.45
194	0	24	4.55	5.45
194	0	37	5.55	6.45
194	0	50	6.55	7.45
194	0	33	7.55	8.45
194	0	9	8.55	9.45
194	0	7	9.55	10.45
194	0	0	10.55	11.45
194	0	0	11.55	12.45
195	0	0	0.55	1.45
195	0	3	1.55	2.45
195	0	5	2.55	3.45
195	0	14	3.55	4.45
195	0	24	4.55	5.45
195	0	37	5.55	6.45
195	0	51	6.55	7.45
195	0	33	7.55	8.45
195	0	9	8.55	9.45
195	0	7	9.55	10.45
195	0	0	10.55	11.45
195	0	0	11.55	12.45
196	0	0	0.55	1.45
196	0	3	1.55	2.45
196	0	5	2.55	3.45
196	0	14	3.55	4.45
196	0	24	4.55	5.45
196	0	37	5.55	6.45
196	0	51	6.55	7.45
196	0	33	7.55	8.45
196	0	10	8.55	9.45
196	0	7	9.55	10.45
196	0	0	10.55	11.45
196	0	0	11.55	12.45
197	0	0	0.55	1.45
197	0	3	1.55	2.45
197	0	5	2.55	3.45
197	0	14	3.55	4.45
197	0	24	4.55	5.45
197	0	38	5.55	6.45
197	0	51	6.55	7.45
197	0	33	7.55	8.45
197	0	10	8.55	9.45
197	0	7	9.55	10.45
197	0	0	10.55	11.45
197	0	0	11.55	12.45
198	0	0	0.55	1.45
198	0	3	1.55	2.45
198	0	5	2.55	3.45
198	0	14	3.55	4.45
198	0	24	4.55	5.45
198	0	38	5.55	6.45
198	0	52	6.55	7.45
198	0	33	7.55	8.45
198	0	10	8.55	9.45
198	0	7	9.55	10.45
198	0	0	10.55	11.45
198	0	0	11.55	12.45
199	0	0	0.55	1.45
199	0	3	1.55	2.45
199	0	5	2.55	3.45
199	0	14	3.55	4.45
199	0	24	4.55	5.45
199	0	38	5.55	6.45
199	0	52	6.55	7.45
199	0	34	7.55	8.45
199	0	10	8.55	9.45
199	0	7	9.55	10.45
199	0	0	10.55	11.45
199	0	0	11.55	12.45
200	0	0	0.55	1.45
200	0	3	1.55	2.45
200	0	5	2.55	3.45
200	0	14	3.55	4.45
200	0	24	4.55	5.45
200	0	38	5.55	6.45
200	0	53	6.55	7.45
200	0	34	7.55	8.45
200	0	10	8.55	9.45
200	0	7	9.55	10.45
200	0	0	10.55	11.45
200	0	0	11.55	12.45
201	0	0	0.55	1.45
201	0	3	1.55	2.45
201	0	5	2.55	3.45
201	0	14	3.55	4.45
201	0	24	4.55	5.45
201	0	39	5.55	6.45
201	0	53	6.55	7.45
201	0	34	7.55	8.45
201	0	10	8.55	9.45
201	0	7	9.55	10.45
201	0	0	10.55	11.45
201	0	0	11.55	12.45
202	0	0	0.55	1.45
202	0	3	1.55	2.45
202	0	5	2.55	3.45
202	0	14	3.55	4.45
202	0	24	4.55	5.45
202	0	40	5.55	6.45
202	0	53	6.55	7.45
202	0	34	7.55	8.45
202	0	10	8.55	9.45
202	0	7	9.55	10.45
202	0	0	10.55	11.45
202	0	0	11.55	12.45
203	0	0	0.55	1.45
203	0	3	1.55	2.45
203	0	5	2.55	3.45
203	0	14	3.55	4.45
203	0	24	4.55	5.45
203	0	41	5.55	6.45
203	0	53	6.55	7.45
203	0	34	7.55	8.45
203	0	10	8.55	9.45
203	0	7	9.55	10.45
203	0	0	10.55	11.45
203	0	0	11.55	12.45
204	0	0	0.55	1.45
204	0	3	1.55	2.45
204	0	5	2.55	3.45
204	0	14	3.55	4.45
204	0	25	4.55	5.45
204	0	41	5.55	6.45
204	0	53	6.55	7.45
204	0	34	7.55	8.45
204	0	10	8.55	9.45
204	0	7	9.55	10.45
204	0	0	10.55	11.45
204	0	0	11.55	12.45
205	0	0	0.55	1.45
205	0	3	1.55	2.45
205	0	5	2.55	3.45
205	0	14	3.55	4.45
205	0	25	4.55	5.45
205	0	41	5.55	6.45
205	0	53	6.55	7.45
205	0	34	7.55	8.45
205	0	11	8.55	9.45
205	0	7	9.55	10.45
205	0	0	10.55	11.45
205	0	0	11.55	12.45
206	0	0	0.55	1.45
206	0	3	1.55	2.45
206	0	5	2.55	3.45
206	0	15	3.55	4.45
206	0	25	4.55	5.45
206	0	41	5.55	6.45
206	0	53	6.55	7.45
206	0	34	7.55	8.45
206	0	11	8.55	9.45
206	0	7	9.55	10.45
206	0	0	10.55	11.45
206	0	0	11.55	12.45
207	0	0	0.55	1.45
207	0	3	1.55	2.45
207	0	5	2.55	3.45
207	0	15	3.55	4.45
207	0	25	4.55	5.45
207	0	42	5.55	6.45
207	0	53	6.55	7.45
207	0	34	7.55	8.45
207	0	11	8.55	9.45
207	0	7	9.55	10.45
207	0	0	10.55	11.45
207	0	0	11.55	12.45
208	0	0	0.55	1.45
208	0	3	1.55	2.45
208	0	5	2.55	3.45
208	0	15	3.55	4.45
208	0	25	4.55	5.45
208	0	43	5.55	6.45
208	0	53	6.55	7.45
208	0	34	7.55	8.45
208	0	11	8.55	9.45
208	0	7	9.55	10.45
208	0	0	10.55	11.45
208	0	0	11.55	12.45
209	0	0	0.55	1.45
209	0	3	1.55	2.45
209	0	5	2.55	3.45
209	0	16	3.55	4.45
209	0	25	4.55	5.45
209	0	43	5.55	6.45
209	0	53	6.55	7.45
209	0	34	7.55	8.45
209	0	11	8.55	9.45
209	0	7	9.55	10.45
209	0	0	10.55	11.45
209	0	0	11.55	12.45
210	0	0	0.55	1.45
210	0	3	1.55	2.45
210	0	5	2.55	3.45
210	0	16	3.55	4.45
210	0	25	4.55	5.45
210	0	43	5.55	6.45
210	0	54	6.55	7.45
210	0	34	7.55	8.45
210	0	11	8.55	9.45
210	0	7	9.55	10.45
210	0	0	10.55	11.45
210	0	0	11.55	12.45
211	0	0	0.55	1.45
211	0	3	1.55	2.45
211	0	5	2.55	3.45
211	0	16	3.55	4.45
211	0	26	4.55	5.45
211	0	43	5.55	6.45
211	0	54	6.55	7.45
211	0	34	7.55	8.45
211	0	11	8.55	9.45
211	0	7	9.55	10.45
211	0	0	10.55	11.45
211	0	0	11.55	12.45
212	0	0	0.55	1.45
212	0	3	1.55	2.45
212	0	5	2.55	3.45
212	0	16	3.55	4.45
212	0	26	4.55	5.45
212	0	44	5.55	6.45
212	0	54	6.55	7.45
212	0	34	7.55	8.45
212	0	11	8.55	9.45
212	0	7	9.55	10.45
212	0	0	10.55	11.45
212	0	0	11.55	12.45
213	0	0	0.55	1.45
213	0	3	1.55	2.45
213	0	5	2.55	3.45
213	0	16	3.55	4.45
213	0	26	4.55	5.45
213	0	44	5.55	6.45
213	0	54	6.55	7.45
213	0	35	7.55	8.45
213	0	11	8.55	9.45
213	0	7	9.55	10.45
213	0	0	10.55	11.45
213	0	0	11.55	12.45
214	0	0	0.55	1.45
214	0	3	1.55	2.45
214	0	5	2.55	3.45
214	0	16	3.55	4.45
214	0	26	4.55	5.45
214	0	45	5.55	6.45
214	0	54	6.55	7.45
214	0	35	7.55	8.45
214	0	11	8.55	9.45
214	0	7	9.55	10.45
214	0	0	10.55	11.45
214	0	0	11.55	12.45
215	0	0	0.55	1.45
215	0	3	1.55	2.45
215	0	5	2.55	3.45
215	0	16	3.55	4.45
215	0	26	4.55	5.45
215	0	45	5.55	6.45
215	0	54	6.55	7.45
215	0	35	7.55	8.45
215	0	12	8.55	9.45
215	0	7	9.55	10.45
215	0	0	10.55	11.45
215	0	0	11.55	12.45
216	0	0	0.55	1.45
216	0	3	1.55	2.45
216	0	5	2.55	3.45
216	0	16	3.55	4.45
216	0	26	4.55	5.45
216	0	45	5.55	6.45
216	0	54	6.55	7.45
216	0	36	7.55	8.45
216	0	12	8.55	9.45
216	0	7	9.55	10.45
216	0	0	10.55	11.45
216	0	0	11.55	12.45
217	0	0	0.55	1.45
217	0	3	1.55	2.45
217	0	5	2.55	3.45
217	0	16	3.55	4.45
217	0	26	4.55	5.45
217	0	46	5.55	6.45
217	0	54	6.55	7.45
217	0	36	7.55	8.45
217	0	12	8.55	9.45
217	0	7	9.55	10.45
217	0	0	10.55	11.45
217	0	0	11.55	12.45
218	0	0	0.55	1.45
218	0	3	1.55	2.45
218	0	5	2.55	3.45
218	0	16	3.55	4.45
218	0	26	4.55	5.45
218	0	46	5.55	6.45
218	0	55	6.55	7.45
218	0	36	7.55	8.45
218	0	12	8.55	9.45
218	0	7	9.55	10.45
218	0	0	10.55	11.45
218	0	0	11.55	12.45
219	0	0	0.55	1.45
219	0	3	1.55	2.45
219	0	5	2.55	3.45
219	0	16	3.55	4.45
219	0	26	4.55	5.45
219	0	46	5.55	6.45
219	0	56	6.55	7.45
219	0	36	7.55	8.45
219	0	12	8.55	9.45
219	0	7	9.55	10.45
219	0	0	10.55	11.45
219	0	0	11.55	12.45
220	0	0	0.55	1.45
220	0	3	1.55	2.45
220	0	5	2.55	3.45
220	0	16	3.55	4.45
220	0	26	4.55	5.45
220	0	47	5.55	6.45
220	0	56	6.55	7.45
220	0	36	7.55	8.45
220	0	12	8.55	9.45
220	0	7	9.55	10.45
220	0	0	10.55	11.45
220	0	0	11.55	12.45
221	0	0	0.55	1.45
221	0	3	1.55	2.45
221	0	5	2.55	3.45
221	0	17	3.55	4.45
221	0	26	4.55	5.45
221	0	47	5.55	6.45
221	0	56	6.55	7.45
221	0	36	7.55	8.45
221	0	12	8.55	9.45
221	0	7	9.55	10.45
221	0	0	10.55	11.45
221	0	0	11.55	12.45
222	0	0	0.55	1.45
222	0	3	1.55	2.45
222	0	5	2.55	3.45
222	0	18	3.55	4.45
222	0	26	4.55	5.45
222	0	47	5.55	6.45
222	0	56	6.55	7.45
222	0	36	7.55	8.45
222	0	12	8.55	9.45
222	0	7	9.55	10.45
222	0	0	10.55	11.45
222	0	0	11.55	12.45
223	0	0	0.55	1.45
223	0	3	1.55	2.45
223	0	5	2.55	3.45
223	0	18	3.55	4.45
223	0	26	4.55	5.45
223	0	47	5.55	6.45
223	0	56	6.55	7.45
223	0	37	7.55	8.45
223	0	12	8.55	9.45
223	0	7	9.55	10.45
223	0	0	10.55	11.45
223	0	0	11.55	12.45
224	0	0	0.55	1.45
224	0	3	1.55	2.45
224	0	5	2.55	3.45
224	0	18	3.55	4.45
224	0	26	4.55	5.45
224	0	47	5.55	6.45
224	0	56	6.55	7.45
224	0	38	7.55	8.45
224	0	12	8.55	9.45
224	0	7	9.55	10.45
224	0	0	10.55	11.45
224	0	0	11.55	12.45
225	0	0	0.55	1.45
225	0	3	1.55	2.45
225	0	5	2.55	3.45
225	0	18	3.55	4.45
225	0	26	4.55	5.45
225	0	47	5.55	6.45
225	0	56	6.55	7.45
225	0	39	7.55	8.45
225	0	12	8.55	9.45
225	0	7	9.55	10.45
225	0	0	10.55	11.45
225	0	0	11.55	12.45
226	0	0	0.55	1.45
226	0	3	1.55	2.45
226	0	5	2.55	3.45
226	0	18	3.55	4.45
226	0	26	4.55	5.45
226	0	47	5.55	6.45
226	0	57	6.55	7.45
226	0	39	7.55	8.45
226	0	12	8.55	9.45
226	0	7	9.55	10.45
226	0	0	10.55	11.45
226	0	0	11.55	12.45
227	0	0	0.55	1.45
227	0	3	1.55	2.45
227	0	5	2.55	3.45
227	0	18	3.55	4.45
227	0	26	4.55	5.45
227	0	47	5.55	6.45
227	0	58	6.55	7.45
227	0	39	7.55	8.45
227	0	12	8.55	9.45
227	0	7	9.55	10.45
227	0	0	10.55	11.45
227	0	0	11.55	12.45
228	0	0	0.55	1.45
228	0	3	1.55	2.45
228	0	5	2.55	3.45
228	0	18	3.55	4.45
228	0	26	4.55	5.45
228	0	48	5.55	6.45
228	0	58	6.55	7.45
228	0	39	7.55	8.45
228	0	12	8.55	9.45
228	0	7	9.55	10.45
228	0	0	10.55	11.45
228	0	0	11.55	12.45
229	0	0	0.55	1.45
229	0	3	1.55	2.45
229	0	5	2.55	3.45
229	0	19	3.55	4.45
229	0	26	4.55	5.45
229	0	48	5.55	6.45
229	0	58	6.55	7.45
229	0	39	7.55	8.45
229	0	12	8.55	9.45
229	0	7	9.55	10.45
229	0	0	10.55	11.45
229	0	0	11.55	12.45
230	0	0	0.55	1.45
230	0	3	1.55	2.45
230	0	5	2.55	3.45
230	0	19	3.55	4.45
230	0	26	4.55	5.45
230	0	49	5.55	6.45
230	0	58	6.55	7.45
230	0	39	7.55	8.45
230	0	12	8.55	9.45
230	0	7	9.55	10.45
230	0	0	10.55	11.45
230	0	0	11.55	12.45
231	0	0	0.55	1.45
231	0	3	1.55	2.45
231	0	5	2.55	3.45
231	0	19	3.55	4.45
231	0	26	4.55	5.45
231	0	49	5.55	6.45
231	0	59	6.55	7.45
231	0	39	7.55	8.45
231	0	12	8.55	9.45
231	0	7	9.55	10.45
231	0	0	10.55	11.45
231	0	0	11.55	12.45
232	0	0	0.55	1.45
232	0	3	1.55	2.45
232	0	5	2.55	3.45
232	0	19	3.55	4.45
232	0	26	4.55	5.45
232	0	50	5.55	6.45
232	0	59	6.55	7.45
232	0	39	7.55	8.45
232	0	12	8.55	9.45
232	0	7	9.55	10.45
232	0	0	10.55	11.45
232	0	0	11.55	12.45
233	0	0	0.55	1.45
233	0	3	1.55	2.45
233	0	5	2.55	3.45
233	0	19	3.55	4.45
233	0	26	4.55	5.45
233	0	50	5.55	6.45
233	0	60	6.55	7.45
233	0	39	7.55	8.45
233	0	12	8.55	9.45
233	0	7	9.55	10.45
233	0	0	10.55	11.45
233	0	0	11.55	12.45
234	0	0	0.55	1.45
234	0	3	1.55	2.45
234	0	5	2.55	3.45
234	0	19	3.55	4.45
234	0	26	4.55	5.45
234	0	51	5.55	6.45
234	0	60	6.55	7.45
234	0	39	7.55	8.45
234	0	12	8.55	9.45
234	0	7	9.55	10.45
234	0	0	10.55	11.45
234	0	0	11.55	12.45
235	0	0	0.55	1.45
235	0	3	1.55	2.45
235	0	5	2.55	3.45
235	0	19	3.55	4.45
235	0	26	4.55	5.45
235	0	51	5.55	6.45
235	0	60	6.55	7.45
235	0	40	7.55	8.45
235	0	12	8.55	9.45
235	0	7	9.55	10.45
235	0	0	10.55	11.45
235	0	0	11.55	12.45
236	0	0	0.55	1.45
236	0	3	1.55	2.45
236	0	5	2.55	3.45
236	0	19	3.55	4.45
236	0	27	4.55	5.45
236	0	51	5.55	6.45
236	0	60	6.55	7.45
236	0	40	7.55	8.45
236	0	12	8.55	9.45
236	0	7	9.55	10.45
236	0	0	10.55	11.45
236	0	0	11.55	12.45
237	0	0	0.55	1.45
237	0	3	1.55	2.45
237	0	5	2.55	3.45
237	0	20	3.55	4.45
237	0	27	4.55	5.45
237	0	51	5.55	6.45
237	0	60	6.55	7.45
237	0	40	7.55	8.45
237	0	12	8.55	9.45
237	0	7	9.55	10.45
237	0	0	10.55	11.45
237	0	0	11.55	12.45
238	0	0	0.55	1.45
238	0	3	1.55	2.45
238	0	5	2.55	3.45
238	0	20	3.55	4.45
238	0	28	4.55	5.45
238	0	51	5.55	6.45
238	0	60	6.55	7.45
238	0	40	7.55	8.45
238	0	12	8.55	9.45
238	0	7	9.55	10.45
238	0	0	10.55	11.45
238	0	0	11.55	12.45
239	0	0	0.55	1.45
239	0	3	1.55	2.45
239	0	5	2.55	3.45
239	0	21	3.55	4.45
239	0	28	4.55	5.45
239	0	51	5.55	6.45
239	0	60	6.55	7.45
239	0	40	7.55	8.45
239	0	12	8.55	9.45
239	0	7	9.55	10.45
239	0	0	10.55	11.45
239	0	0	11.55	12.45
240	0	0	0.55	1.45
240	0	3	1.55	2.45
240	0	5	2.55	3.45
240	0	21	3.55	4.45
240	0	28	4.55	5.45
240	0	51	5.55	6.45
240	0	60	6.55	7.45
240	0	40	7.55	8.45
240	0	13	8.55	9.45
240	0	7	9.55	10.45
240	0	0	10.55	11.45
240	0	0	11.55	12.45
241	0	0	0.55	1.45
241	0	3	1.55	2.45
241	0	5	2.55	3.45
241	0	21	3.55	4.45
241	0	28	4.55	5.45
241	0	51	5.55	6.45
241	0	61	6.55	7.45
241	0	40	7.55	8.45
241	0	13	8.55	9.45
241	0	7	9.55	10.45
241	0	0	10.55	11.45
241	0	0	11.55	12.45
242	0	0	0.55	1.45
242	0	3	1.55	2.45
242	0	5	2.55	3.45
242	0	22	3.55	4.45
242	0	28	4.55	5.45
242	0	51	5.55	6.45
242	0	61	6.55	7.45
242	0	40	7.55	8.45
242	0	13	8.55	9.45
242	0	7	9.55	10.45
242	0	0	10.55	11.45
242	0	0	11.55	12.45
243	0	0	0.55	1.45
243	0	3	1.55	2.45
243	0	5	2.55	3.45
243	0	22	3.55	4.45
243	0	29	4.55	5.45
243	0	51	5.55	6.45
243	0	61	6.55	7.45
243	0	40	7.55	8.45
243	0	13	8.55	9.45
243	0	7	9.55	10.45
243	0	0	10.55	11.45
243	0	0	11.55	12.45
244	0	0	0.55	1.45
244	0	3	1.55	2.45
244	0	5	2.55	3.45
244	0	22	3.55	4.45
244	0	29	4.55	5.45
244	0	52	5.55	6.45
244	0	61	6.55	7.45
244	0	40	7.55	8.45
244	0	13	8.55	9.45
244	0	7	9.55	10.45
244	0	0	10.55	11.45
244	0	0	11.55	12.45
245	0	0	0.55	1.45
245	0	3	1.55	2.45
245	0	5	2.55	3.45
245	0	22	3.55	4.45
245	0	29	4.55	5.45
245	0	53	5.55	6.45
245	0	61	6.55	7.45
245	0	40	7.55	8.45
245	0	13	8.55	9.45
245	0	7	9.55	10.45
245	0	0	10.55	11.45
245	0	0	11.55	12.45
246	0	0	0.55	1.45
246	0	3	1.55	2.45
246	0	5	2.55	3.45
246	0	22	3.55	4.45
246	0	29	4.55	5.45
246	0	54	5.55	6.45
246	0	61	6.55	7.45
246	0	40	7.55	8.45
246	0	13	8.55	9.45
246	0	7	9.55	10.45
246	0	0	10.55	11.45
246	0	0	11.55	12.45
247	0	0	0.55	1.45
247	0	3	1.55	2.45
247	0	5	2.55	3.45
247	0	22	3.55	4.45
247	0	30	4.55	5.45
247	0	54	5.55	6.45
247	0	61	6.55	7.45
247	0	40	7.55	8.45
247	0	13	8.55	9.45
247	0	7	9.55	10.45
247	0	0	10.55	11.45
247	0	0	11.55	12.45
248	0	0	0.55	1.45
248	0	3	1.55	2.45
248	0	5	2.55	3.45
248	0	22	3.55	4.45
248	0	30	4.55	5.45
248	0	54	5.55	6.45
248	0	62	6.55	7.45
248	0	40	7.55	8.45
248	0	13	8.55	9.45
248	0	7	9.55	10.45
248	0	0	10.55	11.45
248	0	0	11.55	12.45
249	0	0	0.55	1.45
249	0	3	1.55	2.45
249	0	5	2.55	3.45
249	0	22	3.55	4.45
249	0	30	4.55	5.45
249	0	54	5.55	6.45
249	0	62	6.55	7.45
249	0	40	7.55	8.45
249	0	14	8.55	9.45
249	0	7	9.55	10.45
249	0	0	10.55	11.45
249	0	0	11.55	12.45
250	0	0	0.55	1.45
250	0	3	1.55	2.45
250	0	5	2.55	3.45
250	0	22	3.55	4.45
250	0	30	4.55	5.45
250	0	54	5.55	6.45
250	0	63	6.55	7.45
250	0	40	7.55	8.45
250	0	14	8.55	9.45
250	0	7	9.55	10.45
250	0	0	10.55	11.45
250	0	0	11.55	12.45
251	0	0	0.55	1.45
251	0	3	1.55	2.45
251	0	5	2.55	3.45
251	0	22	3.55	4.45
251	0	31	4.55	5.45
251	0	54	5.55	6.45
251	0	63	6.55	7.45
251	0	40	7.55	8.45
251	0	14	8.55	9.45
251	0	7	9.55	10.45
251	0	0	10.55	11.45
251	0	0	11.55	12.45
252	0	0	0.55	1.45
252	0	3	1.55	2.45
252	0	5	2.55	3.45
252	0	22	3.55	4.45
252	0	31	4.55	5.45
252	0	54	5.55	6.45
252	0	63	6.55	7.45
252	0	41	7.55	8.45
252	0	14	8.55	9.45
252	0	7	9.55	10.45
252	0	0	10.55	11.45
252	0	0	11.55	12.45
253	0	0	0.55	1.45
253	0	3	1.55	2.45
253	0	5	2.55	3.45
253	0	22	3.55	4.45
253	0	32	4.55	5.45
253	0	54	5.55	6.45
253	0	63	6.55	7.45
253	0	41	7.55	8.45
253	0	14	8.55	9.45
253	0	7	9.55	10.45
253	0	0	10.55	11.45
253	0	0	11.55	12.45
254	0	0	0.55	1.45
254	0	3	1.55	2.45
254	0	5	2.55	3.45
254	0	22	3.55	4.45
254	0	32	4.55	5.45
254	0	55	5.55	6.45
254	0	63	6.55	7.45
254	0	41	7.55	8.45
254	0	14	8.55	9.45
254	0	7	9.55	10.45
254	0	0	10.55	11.45
254	0	0	11.55	12.45
255	0	0	0.55	1.45
255	0	3	1.55	2.45
255	0	5	2.55	3.45
255	0	22	3.55	4.45
255	0	33	4.55	5.45
255	0	55	5.55	6.45
255	0	63	6.55	7.45
255	0	41	7.55	8.45
255	0	14	8.55	9.45
255	0	7	9.55	10.45
255	0	0	10.55	11.45
255	0	0	11.55	12.45
256	0	0	0.55	1.45
256	0	3	1.55	2.45
256	0	5	2.55	3.45
256	0	22	3.55	4.45
256	0	33	4.55	5.45
256	0	56	5.55	6.45
256	0	63	6.55	7.45
256	0	41	7.55	8.45
256	0	14	8.55	9.45
256	0	7	9.55	10.45
256	0	0	10.55	11.45
256	0	0	11.55	12.45
257	0	0	0.55	1.45
257	0	3	1.55	2.45
257	0	5	2.55	3.45
257	0	22	3.55	4.45
257	0	34	4.55	5.45
257	0	56	5.55	6.45
257	0	63	6.55	7.45
257	0	41	7.55	8.45
257	0	14	8.55	9.45
257	0	7	9.55	10.45
257	0	0	10.55	11.45
257	0	0	11.55	12.45
258	0	0	0.55	1.45
258	0	3	1.55	2.45
258	0	5	2.55	3.45
258	0	23	3.55	4.45
258	0	34	4.55	5.45
258	0	56	5.55	6.45
258	0	63	6.55	7.45
258	0	41	7.55	8.45
258	0	14	8.55	9.45
258	0	7	9.55	10.45
258	0	0	10.55	11.45
258	0	0	11.55	12.45
259	0	0	0.55	1.45
259	0	3	1.55	2.45
259	0	5	2.55	3.45
259	0	23	3.55	4.45
259	0	34	4.55	5.45
259	0	56	5.55	6.45
259	0	63	6.55	7.45
259	0	42	7.55	8.45
259	0	14	8.55	9.45
259	0	7	9.55	10.45
259	0	0	10.55	11.45
259	0	0	11.55	12.45
260	0	0	0.55	1.45
260	0	3	1.55	2.45
260	0	5	2.55	3.45
260	0	23	3.55	4.45
260	0	34	4.55	5.45
260	0	56	5.55	6.45
260	0	63	6.55	7.45
260	0	43	7.55	8.45
260	0	14	8.55	9.45
260	0	7	9.55	10.45
260	0	0	10.55	11.45
260	0	0	11.55	12.45
261	0	0	0.55	1.45
261	0	3	1.55	2.45
261	0	5	2.55	3.45
261	0	23	3.55	4.45
261	0	34	4.55	5.45
261	0	56	5.55	6.45
261	0	64	6.55	7.45
261	0	43	7.55	8.45
261	0	14	8.55	9.45
261	0	7	9.55	10.45
261	0	0	10.55	11.45
261	0	0	11.55	12.45
262	0	0	0.55	1.45
262	0	3	1.55	2.45
262	0	5	2.55	3.45
262	0	24	3.55	4.45
262	0	34	4.55	5.45
262	0	56	5.55	6.45
262	0	64	6.55	7.45
262	0	43	7.55	8.45
262	0	14	8.55	9.45
262	0	7	9.55	10.45
262	0	0	10.55	11.45
262	0	0	11.55	12.45
263	0	0	0.55	1.45
263	0	3	1.55	2.45
263	0	5	2.55	3.45
263	0	24	3.55	4.45
263	0	35	4.55	5.45
263	0	56	5.55	6.45
263	0	64	6.55	7.45
263	0	43	7.55	8.45
263	0	14	8.55	9.45
263	0	7	9.55	10.45
263	0	0	10.55	11.45
263	0	0	11.55	12.45
264	0	0	0.55	1.45
264	0	3	1.55	2.45
264	0	5	2.55	3.45
264	0	24	3.55	4.45
264	0	35	4.55	5.45
264	0	56	5.55	6.45
264	0	65	6.55	7.45
264	0	43	7.55	8.45
264	0	14	8.55	9.45
264	0	7	9.55	10.45
264	0	0	10.55	11.45
264	0	0	11.55	12.45
265	0	0	0.55	1.45
265	0	3	1.55	2.45
265	0	5	2.55	3.45
265	0	24	3.55	4.45
265	0	35	4.55	5.45
265	0	57	5.55	6.45
265	0	65	6.55	7.45
265	0	43	7.55	8.45
265	0	14	8.55	9.45
265	0	7	9.55	10.45
265	0	0	10.55	11.45
265	0	0	11.55	12.45
266	0	0	0.55	1.45
266	0	3	1.55	2.45
266	0	5	2.55	3.45
266	0	24	3.55	4.45
266	0	35	4.55	5.45
266	0	57	5.55	6.45
266	0	66	6.55	7.45
266	0	43	7.55	8.45
266	0	14	8.55	9.45
266	0	7	9.55	10.45
266	0	0	10.55	11.45
266	0	0	11.55	12.45
267	0	0	0.55	1.45
267	0	3	1.55	2.45
267	0	5	2.55	3.45
267	0	24	3.55	4.45
267	0	35	4.55	5.45
267	0	57	5.55	6.45
267	0	67	6.55	7.45
267	0	43	7.55	8.45
267	0	14	8.55	9.45
267	0	7	9.55	10.45
267	0	0	10.55	11.45
267	0	0	11.55	12.45
268	0	0	0.55	1.45
268	0	3	1.55	2.45
268	0	5	2.55	3.45
268	0	24	3.55	4.45
268	0	35	4.55	5.45
268	0	57	5.55	6.45
268	0	67	6.55	7.45
268	0	44	7.55	8.45
268	0	14	8.55	9.45
268	0	7	9.55	10.45
268	0	0	10.55	11.45
268	0	0	11.55	12.45
269	0	0	0.55	1.45
269	0	3	1.55	2.45
269	0	5	2.55	3.45
269	0	25	3.55	4.45
269	0	35	4.55	5.45
269	0	57	5.55	6.45
269	0	67	6.55	7.45
269	0	44	7.55	8.45
269	0	14	8.55	9.45
269	0	7	9.55	10.45
269	0	0	10.55	11.45
269	0	0	11.55	12.45
270	0	0	0.55	1.45
270	0	3	1.55	2.45
270	0	5	2.55	3.45
270	0	25	3.55	4.45
270	0	35	4.55	5.45
270	0	58	5.55	6.45
270	0	67	6.55	7.45
270	0	44	7.55	8.45
270	0	14	8.55	9.45
270	0	7	9.55	10.45
270	0	0	10.55	11.45
270	0	0	11.55	12.45
271	0	0	0.55	1.45
271	0	3	1.55	2.45
271	0	5	2.55	3.45
271	0	25	3.55	4.45
271	0	35	4.55	5.45
271	0	58	5.55	6.45
271	0	67	6.55	7.45
271	0	44	7.55	8.45
271	0	15	8.55	9.45
271	0	7	9.55	10.45
271	0	0	10.55	11.45
271	0	0	11.55	12.45
272	0	0	0.55	1.45
272	0	3	1.55	2.45
272	0	5	2.55	3.45
272	0	25	3.55	4.45
272	0	36	4.55	5.45
272	0	58	5.55	6.45
272	0	67	6.55	7.45
272	0	44	7.55	8.45
272	0	15	8.55	9.45
272	0	7	9.55	10.45
272	0	0	10.55	11.45
272	0	0	11.55	12.45
273	0	0	0.55	1.45
273	0	3	1.55	2.45
273	0	5	2.55	3.45
273	0	26	3.55	4.45
273	0	36	4.55	5.45
273	0	58	5.55	6.45
273	0	67	6.55	7.45
273	0	44	7.55	8.45
273	0	15	8.55	9.45
273	0	7	9.55	10.45
273	0	0	10.55	11.45
273	0	0	11.55	12.45
274	0	0	0.55	1.45
274	0	3	1.55	2.45
274	0	5	2.55	3.45
274	0	26	3.55	4.45
274	0	36	4.55	5.45
274	0	58	5.55	6.45
274	0	68	6.55	7.45
274	0	44	7.55	8.45
274	0	15	8.55	9.45
274	0	7	9.55	10.45
274	0	0	10.55	11.45
274	0	0	11.55	12.45
275	0	0	0.55	1.45
275	0	3	1.55	2.45
275	0	5	2.55	3.45
275	0	27	3.55	4.45
275	0	36	4.55	5.45
275	0	58	5.55	6.45
275	0	68	6.55	7.45
275	0	44	7.55	8.45
275	0	15	8.55	9.45
275	0	7	9.55	10.45
275	0	0	10.55	11.45
275	0	0	11.55	12.45
276	0	0	0.55	1.45
276	0	3	1.55	2.45
276	0	5	2.55	3.45
276	0	27	3.55	4.45
276	0	36	4.55	5.45
276	0	59	5.55	6.45
276	0	68	6.55	7.45
276	0	44	7.55	8.45
276	0	15	8.55	9.45
276	0	7	9.55	10.45
276	0	0	10.55	11.45
276	0	0	11.55	12.45
277	0	0	0.55	1.45
277	0	3	1.55	2.45
277	0	5	2.55	3.45
277	0	27	3.55	4.45
277	0	36	4.55	5.45
277	0	59	5.55	6.45
277	0	68	6.55	7.45
277	0	44	7.55	8.45
277	0	16	8.55	9.45
277	0	7	9.55	10.45
277	0	0	10.55	11.45
277	0	0	11.55	12.45
278	0	0	0.55	1.45
278	0	3	1.55	2.45
278	0	5	2.55	3.45
278	0	28	3.55	4.45
278	0	36	4.55	5.45
278	0	59	5.55	6.45
278	0	68	6.55	7.45
278	0	44	7.55	8.45
278	0	16	8.55	9.45
278	0	7	9.55	10.45
278	0	0	10.55	11.45
278	0	0	11.55	12.45
279	0	0	0.55	1.45
279	0	3	1.55	2.45
279	0	5	2.55	3.45
279	0	28	3.55	4.45
279	0	36	4.55	5.45
279	0	59	5.55	6.45
279	0	69	6.55	7.45
279	0	44	7.55	8.45
279	0	16	8.55	9.45
279	0	7	9.55	10.45
279	0	0	10.55	11.45
279	0	0	11.55	12.45
280	0	0	0.55	1.45
280	0	3	1.55	2.45
280	0	5	2.55	3.45
280	0	28	3.55	4.45
280	0	36	4.55	5.45
280	0	59	5.55	6.45
280	0	69	6.55	7.45
280	0	44	7.55	8.45
280	0	17	8.55	9.45
280	0	7	9.55	10.45
280	0	0	10.55	11.45
280	0	0	11.55	12.45
281	0	0	0.55	1.45
281	0	3	1.55	2.45
281	0	5	2.55	3.45
281	0	28	3.55	4.45
281	0	36	4.55	5.45
281	0	59	5.55	6.45
281	0	70	6.55	7.45
281	0	44	7.55	8.45
281	0	17	8.55	9.45
281	0	7	9.55	10.45
281	0	0	10.55	11.45
281	0	0	11.55	12.45
282	0	0	0.55	1.45
282	0	3	1.55	2.45
282	0	5	2.55	3.45
282	0	28	3.55	4.45
282	0	36	4.55	5.45
282	0	59	5.55	6.45
282	0	71	6.55	7.45
282	0	44	7.55	8.45
282	0	17	8.55	9.45
282	0	7	9.55	10.45
282	0	0	10.55	11.45
282	0	0	11.55	12.45
283	0	0	0.55	1.45
283	0	3	1.55	2.45
283	0	6	2.55	3.45
283	0	28	3.55	4.45
283	0	36	4.55	5.45
283	0	59	5.55	6.45
283	0	71	6.55	7.45
283	0	44	7.55	8.45
283	0	17	8.55	9.45
283	0	7	9.55	10.45
283	0	0	10.55	11.45
283	0	0	11.55	12.45
284	0	0	0.55	1.45
284	0	3	1.55	2.45
284	0	6	2.55	3.45
284	0	29	3.55	4.45
284	0	36	4.55	5.45
284	0	59	5.55	6.45
284	0	71	6.55	7.45
284	0	44	7.55	8.45
284	0	17	8.55	9.45
284	0	7	9.55	10.45
284	0	0	10.55	11.45
284	0	0	11.55	12.45
285	0	0	0.55	1.45
285	0	3	1.55	2.45
285	0	6	2.55	3.45
285	0	29	3.55	4.45
285	0	37	4.55	5.45
285	0	59	5.55	6.45
285	0	71	6.55	7.45
285	0	44	7.55	8.45
285	0	17	8.55	9.45
285	0	7	9.55	10.45
285	0	0	10.55	11.45
285	0	0	11.55	12.45
286	0	0	0.55	1.45
286	0	3	1.55	2.45
286	0	6	2.55	3.45
286	0	29	3.55	4.45
286	0	37	4.55	5.45
286	0	60	5.55	6.45
286	0	71	6.55	7.45
286	0	44	7.55	8.45
286	0	17	8.55	9.45
286	0	7	9.55	10.45
286	0	0	10.55	11.45
286	0	0	11.55	12.45
287	0	0	0.55	1.45
287	0	3	1.55	2.45
287	0	6	2.55	3.45
287	0	29	3.55	4.45
287	0	37	4.55	5.45
287	0	61	5.55	6.45
287	0	71	6.55	7.45
287	0	44	7.55	8.45
287	0	17	8.55	9.45
287	0	7	9.55	10.45
287	0	0	10.55	11.45
287	0	0	11.55	12.45
288	0	0	0.55	1.45
288	0	3	1.55	2.45
288	0	6	2.55	3.45
288	0	29	3.55	4.45
288	0	38	4.55	5.45
288	0	61	5.55	6.45
288	0	71	6.55	7.45
288	0	44	7.55	8.45
288	0	17	8.55	9.45
288	0	7	9.55	10.45
288	0	0	10.55	11.45
288	0	0	11.55	12.45
289	0	0	0.55	1.45
289	0	3	1.55	2.45
289	0	6	2.55	3.45
289	0	29	3.55	4.45
289	0	38	4.55	5.45
289	0	61	5.55	6.45
289	0	71	6.55	7.45
289	0	45	7.55	8.45
289	0	17	8.55	9.45
289	0	7	9.55	10.45
289	0	0	10.55	11.45
289	0	0	11.55	12.45
290	0	0	0.55	1.45
290	0	3	1.55	2.45
290	0	6	2.55	3.45
290	0	29	3.55	4.45
290	0	38	4.55	5.45
290	0	62	5.55	6.45
290	0	71	6.55	7.45
290	0	45	7.55	8.45
290	0	17	8.55	9.45
290	0	7	9.55	10.45
290	0	0	10.55	11.45
290	0	0	11.55	12.45
291	0	0	0.55	1.45
291	0	3	1.55	2.45
291	0	6	2.55	3.45
291	0	29	3.55	4.45
291	0	38	4.55	5.45
291	0	62	5.55	6.45
291	0	71	6.55	7.45
291	0	45	7.55	8.45
291	0	18	8.55	9.45
291	0	7	9.55	10.45
291	0	0	10.55	11.45
291	0	0	11.55	12.45
292	0	0	0.55	1.45
292	0	3	1.55	2.45
292	0	6	2.55	3.45
292	0	29	3.55	4.45
292	0	39	4.55	5.45
292	0	62	5.55	6.45
292	0	71	6.55	7.45
292	0	45	7.55	8.45
292	0	18	8.55	9.45
292	0	7	9.55	10.45
292	0	0	10.55	11.45
292	0	0	11.55	12.45
293	0	0	0.55	1.45
293	0	3	1.55	2.45
293	0	6	2.55	3.45
293	0	29	3.55	4.45
293	0	39	4.55	5.45
293	0	62	5.55	6.45
293	0	72	6.55	7.45
293	0	45	7.55	8.45
293	0	18	8.55	9.45
293	0	7	9.55	10.45
293	0	0	10.55	11.45
293	0	0	11.55	12.45
294	0	0	0.55	1.45
294	0	3	1.55	2.45
294	0	6	2.55	3.45
294	0	29	3.55	4.45
294	0	39	4.55	5.45
294	0	62	5.55	6.45
294	0	72	6.55	7.45
294	0	45	7.55	8.45
294	0	19	8.55	9.45
294	0	7	9.55	10.45
294	0	0	10.55	11.45
294	0	0	11.55	12.45
295	0	0	0.55	1.45
295	0	3	1.55	2.45
295	0	6	2.55	3.45
295	0	29	3.55	4.45
295	0	39	4.55	5.45
295	0	62	5.55	6.45
295	0	73	6.55	7.45
295	0	45	7.55	8.45
295	0	19	8.55	9.45
295	0	7	9.55	10.45
295	0	0	10.55	11.45
295	0	0	11.55	12.45
296	0	0	0.55	1.45
296	0	3	1.55	2.45
296	0	6	2.55	3.45
296	0	29	3.55	4.45
296	0	39	4.55	5.45
296	0	63	5.55	6.45
296	0	73	6.55	7.45
296	0	45	7.55	8.45
296	0	19	8.55	9.45
296	0	7	9.55	10.45
296	0	0	10.55	11.45
296	0	0	11.55	12.45
297	0	0	0.55	1.45
297	0	3	1.55	2.45
297	0	6	2.55	3.45
297	0	29	3.55	4.45
297	0	40	4.55	5.45
297	0	63	5.55	6.45
297	0	73	6.55	7.45
297	0	45	7.55	8.45
297	0	19	8.55	9.45
297	0	7	9.55	10.45
297	0	0	10.55	11.45
297	0	0	11.55	12.45
298	0	0	0.55	1.45
298	0	3	1.55	2.45
298	0	6	2.55	3.45
298	0	29	3.55	4.45
298	0	40	4.55	5.45
298	0	64	5.55	6.45
298	0	73	6.55	7.45
298	0	45	7.55	8.45
298	0	19	8.55	9.45
298	0	7	9.55	10.45
298	0	0	10.55	11.45
298	0	0	11.55	12.45
299	0	0	0.55	1.45
299	0	3	1.55	2.45
299	0	6	2.55	3.45
299	0	29	3.55	4.45
299	0	40	4.55	5.45
299	0	65	5.55	6.45
299	0	73	6.55	7.45
299	0	45	7.55	8.45
299	0	19	8.55	9.45
299	0	7	9.55	10.45
299	0	0	10.55	11.45
299	0	0	11.55	12.45
300	0	0	0.55	1.45
300	0	3	1.55	2.45
300	0	6	2.55	3.45
300	0	29	3.55	4.45
300	0	41	4.55	5.45
300	0	65	5.55	6.45
300	0	73	6.55	7.45
300	0	45	7.55	8.45
300	0	19	8.55	9.45
300	0	7	9.55	10.45
300	0	0	10.55	11.45
300	0	0	11.55	12.45
301	0	0	0.55	1.45
301	0	3	1.55	2.45
301	0	6	2.55	3.45
301	0	29	3.55	4.45
301	0	41	4.55	5.45
301	0	66	5.55	6.45
301	0	73	6.55	7.45
301	0	45	7.55	8.45
301	0	19	8.55	9.45
301	0	7	9.55	10.45
301	0	0	10.55	11.45
301	0	0	11.55	12.45
302	0	0	0.55	1.45
302	0	3	1.55	2.45
302	0	6	2.55	3.45
302	0	29	3.55	4.45
302	0	41	4.55	5.45
302	0	66	5.55	6.45
302	0	73	6.55	7.45
302	0	45	7.55	8.45
302	0	19	8.55	9.45
302	0	8	9.55	10.45
302	0	0	10.55	11.45
302	0	0	11.55	12.45
303	0	0	0.55	1.45
303	0	3	1.55	2.45
303	0	6	2.55	3.45
303	0	29	3.55	4.45
303	0	41	4.55	5.45
303	0	66	5.55	6.45
303	0	73	6.55	7.45
303	0	46	7.55	8.45
303	0	19	8.55	9.45
303	0	8	9.55	10.45
303	0	0	10.55	11.45
303	0	0	11.55	12.45
304	0	0	0.55	1.45
304	0	3	1.55	2.45
304	0	6	2.55	3.45
304	0	29	3.55	4.45
304	0	41	4.55	5.45
304	0	67	5.55	6.45
304	0	73	6.55	7.45
304	0	46	7.55	8.45
304	0	19	8.55	9.45
304	0	8	9.55	10.45
304	0	0	10.55	11.45
304	0	0	11.55	12.45
305	0	0	0.55	1.45
305	0	3	1.55	2.45
305	0	6	2.55	3.45
305	0	29	3.55	4.45
305	0	42	4.55	5.45
305	0	67	5.55	6.45
305	0	73	6.55	7.45
305	0	46	7.55	8.45
305	0	19	8.55	9.45
305	0	8	9.55	10.45
305	0	0	10.55	11.45
305	0	0	11.55	12.45
306	0	0	0.55	1.45
306	0	3	1.55	2.45
306	0	6	2.55	3.45
306	0	29	3.55	4.45
306	0	42	4.55	5.45
306	0	67	5.55	6.45
306	0	74	6.55	7.45
306	0	46	7.55	8.45
306	0	19	8.55	9.45
306	0	8	9.55	10.45
306	0	0	10.55	11.45
306	0	0	11.55	12.45
307	0	0	0.55	1.45
307	0	3	1.55	2.45
307	0	6	2.55	3.45
307	0	29	3.55	4.45
307	0	42	4.55	5.45
307	0	68	5.55	6.45
307	0	74	6.55	7.45
307	0	46	7.55	8.45
307	0	19	8.55	9.45
307	0	8	9.55	10.45
307	0	0	10.55	11.45
307	0	0	11.55	12.45
308	0	0	0.55	1.45
308	0	3	1.55	2.45
308	0	6	2.55	3.45
308	0	29	3.55	4.45
308	0	42	4.55	5.45
308	0	69	5.55	6.45
308	0	74	6.55	7.45
308	0	46	7.55	8.45
308	0	19	8.55	9.45
308	0	8	9.55	10.45
308	0	0	10.55	11.45
308	0	0	11.55	12.45
309	0	0	0.55	1.45
309	0	3	1.55	2.45
309	0	6	2.55	3.45
309	0	29	3.55	4.45
309	0	43	4.55	5.45
309	0	69	5.55	6.45
309	0	74	6.55	7.45
309	0	46	7.55	8.45
309	0	19	8.55	9.45
309	0	8	9.55	10.45
309	0	0	10.55	11.45
309	0	0	11.55	12.45
310	0	0	0.55	1.45
310	0	3	1.55	2.45
310	0	6	2.55	3.45
310	0	29	3.55	4.45
310	0	43	4.55	5.45
310	0	70	5.55	6.45
310	0	74	6.55	7.45
310	0	46	7.55	8.45
310	0	19	8.55	9.45
310	0	8	9.55	10.45
310	0	0	10.55	11.45
310	0	0	11.55	12.45
311	0	0	0.55	1.45
311	0	3	1.55	2.45
311	0	6	2.55	3.45
311	0	29	3.55	4.45
311	0	43	4.55	5.45
311	0	70	5.55	6.45
311	0	74	6.55	7.45
311	0	47	7.55	8.45
311	0	19	8.55	9.45
311	0	8	9.55	10.45
311	0	0	10.55	11.45
311	0	0	11.55	12.45
312	0	0	0.55	1.45
312	0	3	1.55	2.45
312	0	6	2.55	3.45
312	0	29	3.55	4.45
312	0	43	4.55	5.45
312	0	70	5.55	6.45
312	0	75	6.55	7.45
312	0	47	7.55	8.45
312	0	19	8.55	9.45
312	0	8	9.55	10.45
312	0	0	10.55	11.45
312	0	0	11.55	12.45
