group	x	y	showSelected1
1	1	0	1
1	2	0	1
1	3	0	1
1	4	0	1
1	5	0	1
1	6	0	1
1	7	0	1
1	8	0	1
1	9	0	1
1	10	0	1
1	11	0	1
1	12	0	1
2	1	0	2
2	2	0	2
2	3	0	2
2	4	0	2
2	5	0	2
2	6	0	2
2	7	0	2
2	8	0	2
2	9	0	2
2	10	0	2
2	11	0	2
2	12	0	2
3	1	0	3
3	2	0	3
3	3	0	3
3	4	0	3
3	5	0	3
3	6	0	3
3	7	0	3
3	8	0	3
3	9	0	3
3	10	0	3
3	11	0	3
3	12	0	3
4	1	0	4
4	2	0	4
4	3	0	4
4	4	0	4
4	5	0	4
4	6	0	4
4	7	0	4
4	8	0	4
4	9	0	4
4	10	0	4
4	11	0	4
4	12	0	4
5	1	0	5
5	2	0	5
5	3	0	5
5	4	0	5
5	5	0	5
5	6	0	5
5	7	0	5
5	8	0	5
5	9	0	5
5	10	0	5
5	11	0	5
5	12	0	5
6	1	0	6
6	2	0	6
6	3	0	6
6	4	0	6
6	5	0	6
6	6	0	6
6	7	0	6
6	8	0	6
6	9	0	6
6	10	0	6
6	11	0	6
6	12	0	6
7	1	0	7
7	2	0	7
7	3	0	7
7	4	0	7
7	5	0	7
7	6	0	7
7	7	0	7
7	8	0	7
7	9	0	7
7	10	0	7
7	11	0	7
7	12	0	7
8	1	0	8
8	2	0	8
8	3	0	8
8	4	0	8
8	5	0	8
8	6	0	8
8	7	0	8
8	8	0	8
8	9	0	8
8	10	0	8
8	11	0	8
8	12	0	8
9	1	0	9
9	2	0	9
9	3	0	9
9	4	0	9
9	5	0	9
9	6	0	9
9	7	0	9
9	8	0	9
9	9	0	9
9	10	0	9
9	11	0	9
9	12	0	9
10	1	0	10
10	2	0	10
10	3	0	10
10	4	0	10
10	5	0	10
10	6	0	10
10	7	0	10
10	8	0	10
10	9	0	10
10	10	0	10
10	11	0	10
10	12	0	10
11	1	0	11
11	2	0	11
11	3	0	11
11	4	0	11
11	5	0	11
11	6	0	11
11	7	0	11
11	8	0	11
11	9	0	11
11	10	0	11
11	11	0	11
11	12	0	11
12	1	0	12
12	2	0	12
12	3	0	12
12	4	0	12
12	5	0	12
12	6	0	12
12	7	0	12
12	8	0	12
12	9	0	12
12	10	0	12
12	11	0	12
12	12	0	12
13	1	0	13
13	2	0	13
13	3	0	13
13	4	0	13
13	5	1	13
13	6	0	13
13	7	0	13
13	8	0	13
13	9	0	13
13	10	0	13
13	11	0	13
13	12	0	13
14	1	0	14
14	2	0	14
14	3	0	14
14	4	0	14
14	5	2	14
14	6	0	14
14	7	0	14
14	8	0	14
14	9	0	14
14	10	0	14
14	11	0	14
14	12	0	14
15	1	0	15
15	2	0	15
15	3	0	15
15	4	0	15
15	5	2	15
15	6	0	15
15	7	1	15
15	8	0	15
15	9	0	15
15	10	0	15
15	11	0	15
15	12	0	15
16	1	0	16
16	2	0	16
16	3	0	16
16	4	0	16
16	5	2	16
16	6	0	16
16	7	2	16
16	8	0	16
16	9	0	16
16	10	0	16
16	11	0	16
16	12	0	16
17	1	0	17
17	2	0	17
17	3	0	17
17	4	0	17
17	5	3	17
17	6	0	17
17	7	2	17
17	8	0	17
17	9	0	17
17	10	0	17
17	11	0	17
17	12	0	17
18	1	0	18
18	2	0	18
18	3	0	18
18	4	0	18
18	5	3	18
18	6	0	18
18	7	3	18
18	8	0	18
18	9	0	18
18	10	0	18
18	11	0	18
18	12	0	18
19	1	0	19
19	2	0	19
19	3	0	19
19	4	0	19
19	5	3	19
19	6	0	19
19	7	3	19
19	8	0	19
19	9	0	19
19	10	1	19
19	11	0	19
19	12	0	19
20	1	0	20
20	2	0	20
20	3	0	20
20	4	1	20
20	5	3	20
20	6	0	20
20	7	3	20
20	8	0	20
20	9	0	20
20	10	1	20
20	11	0	20
20	12	0	20
21	1	0	21
21	2	0	21
21	3	0	21
21	4	1	21
21	5	3	21
21	6	0	21
21	7	3	21
21	8	1	21
21	9	0	21
21	10	1	21
21	11	0	21
21	12	0	21
22	1	0	22
22	2	0	22
22	3	0	22
22	4	1	22
22	5	3	22
22	6	0	22
22	7	3	22
22	8	2	22
22	9	0	22
22	10	1	22
22	11	0	22
22	12	0	22
23	1	0	23
23	2	0	23
23	3	0	23
23	4	1	23
23	5	3	23
23	6	0	23
23	7	4	23
23	8	2	23
23	9	0	23
23	10	1	23
23	11	0	23
23	12	0	23
24	1	0	24
24	2	0	24
24	3	0	24
24	4	1	24
24	5	4	24
24	6	0	24
24	7	4	24
24	8	2	24
24	9	0	24
24	10	1	24
24	11	0	24
24	12	0	24
25	1	0	25
25	2	0	25
25	3	0	25
25	4	1	25
25	5	4	25
25	6	0	25
25	7	4	25
25	8	3	25
25	9	0	25
25	10	1	25
25	11	0	25
25	12	0	25
26	1	0	26
26	2	0	26
26	3	0	26
26	4	1	26
26	5	4	26
26	6	0	26
26	7	5	26
26	8	3	26
26	9	0	26
26	10	1	26
26	11	0	26
26	12	0	26
27	1	0	27
27	2	0	27
27	3	0	27
27	4	1	27
27	5	4	27
27	6	0	27
27	7	6	27
27	8	3	27
27	9	0	27
27	10	1	27
27	11	0	27
27	12	0	27
28	1	0	28
28	2	0	28
28	3	0	28
28	4	1	28
28	5	4	28
28	6	0	28
28	7	7	28
28	8	3	28
28	9	0	28
28	10	1	28
28	11	0	28
28	12	0	28
29	1	0	29
29	2	0	29
29	3	0	29
29	4	1	29
29	5	5	29
29	6	0	29
29	7	7	29
29	8	3	29
29	9	0	29
29	10	1	29
29	11	0	29
29	12	0	29
30	1	0	30
30	2	0	30
30	3	0	30
30	4	1	30
30	5	5	30
30	6	1	30
30	7	7	30
30	8	3	30
30	9	0	30
30	10	1	30
30	11	0	30
30	12	0	30
31	1	0	31
31	2	0	31
31	3	0	31
31	4	1	31
31	5	5	31
31	6	2	31
31	7	7	31
31	8	3	31
31	9	0	31
31	10	1	31
31	11	0	31
31	12	0	31
32	1	0	32
32	2	0	32
32	3	0	32
32	4	1	32
32	5	5	32
32	6	2	32
32	7	7	32
32	8	4	32
32	9	0	32
32	10	1	32
32	11	0	32
32	12	0	32
33	1	0	33
33	2	0	33
33	3	0	33
33	4	1	33
33	5	5	33
33	6	2	33
33	7	7	33
33	8	4	33
33	9	1	33
33	10	1	33
33	11	0	33
33	12	0	33
34	1	0	34
34	2	0	34
34	3	0	34
34	4	1	34
34	5	5	34
34	6	2	34
34	7	7	34
34	8	5	34
34	9	1	34
34	10	1	34
34	11	0	34
34	12	0	34
35	1	0	35
35	2	0	35
35	3	0	35
35	4	1	35
35	5	5	35
35	6	2	35
35	7	7	35
35	8	5	35
35	9	2	35
35	10	1	35
35	11	0	35
35	12	0	35
36	1	0	36
36	2	0	36
36	3	0	36
36	4	1	36
36	5	5	36
36	6	2	36
36	7	7	36
36	8	6	36
36	9	2	36
36	10	1	36
36	11	0	36
36	12	0	36
37	1	0	37
37	2	0	37
37	3	0	37
37	4	1	37
37	5	5	37
37	6	2	37
37	7	8	37
37	8	6	37
37	9	2	37
37	10	1	37
37	11	0	37
37	12	0	37
38	1	0	38
38	2	0	38
38	3	0	38
38	4	1	38
38	5	5	38
38	6	3	38
38	7	8	38
38	8	6	38
38	9	2	38
38	10	1	38
38	11	0	38
38	12	0	38
39	1	0	39
39	2	0	39
39	3	0	39
39	4	1	39
39	5	5	39
39	6	3	39
39	7	9	39
39	8	6	39
39	9	2	39
39	10	1	39
39	11	0	39
39	12	0	39
40	1	0	40
40	2	0	40
40	3	0	40
40	4	1	40
40	5	5	40
40	6	3	40
40	7	9	40
40	8	7	40
40	9	2	40
40	10	1	40
40	11	0	40
40	12	0	40
41	1	0	41
41	2	0	41
41	3	0	41
41	4	1	41
41	5	5	41
41	6	3	41
41	7	10	41
41	8	7	41
41	9	2	41
41	10	1	41
41	11	0	41
41	12	0	41
42	1	0	42
42	2	0	42
42	3	0	42
42	4	2	42
42	5	5	42
42	6	3	42
42	7	10	42
42	8	7	42
42	9	2	42
42	10	1	42
42	11	0	42
42	12	0	42
43	1	0	43
43	2	0	43
43	3	0	43
43	4	2	43
43	5	5	43
43	6	3	43
43	7	10	43
43	8	8	43
43	9	2	43
43	10	1	43
43	11	0	43
43	12	0	43
44	1	0	44
44	2	0	44
44	3	0	44
44	4	2	44
44	5	5	44
44	6	3	44
44	7	11	44
44	8	8	44
44	9	2	44
44	10	1	44
44	11	0	44
44	12	0	44
45	1	0	45
45	2	0	45
45	3	0	45
45	4	2	45
45	5	6	45
45	6	3	45
45	7	11	45
45	8	8	45
45	9	2	45
45	10	1	45
45	11	0	45
45	12	0	45
46	1	0	46
46	2	0	46
46	3	0	46
46	4	2	46
46	5	6	46
46	6	4	46
46	7	11	46
46	8	8	46
46	9	2	46
46	10	1	46
46	11	0	46
46	12	0	46
47	1	0	47
47	2	0	47
47	3	0	47
47	4	2	47
47	5	6	47
47	6	4	47
47	7	11	47
47	8	9	47
47	9	2	47
47	10	1	47
47	11	0	47
47	12	0	47
48	1	0	48
48	2	0	48
48	3	0	48
48	4	2	48
48	5	7	48
48	6	4	48
48	7	11	48
48	8	9	48
48	9	2	48
48	10	1	48
48	11	0	48
48	12	0	48
49	1	0	49
49	2	0	49
49	3	0	49
49	4	2	49
49	5	7	49
49	6	4	49
49	7	11	49
49	8	9	49
49	9	2	49
49	10	2	49
49	11	0	49
49	12	0	49
50	1	0	50
50	2	0	50
50	3	0	50
50	4	2	50
50	5	8	50
50	6	4	50
50	7	11	50
50	8	9	50
50	9	2	50
50	10	2	50
50	11	0	50
50	12	0	50
51	1	0	51
51	2	0	51
51	3	0	51
51	4	2	51
51	5	8	51
51	6	5	51
51	7	11	51
51	8	9	51
51	9	2	51
51	10	2	51
51	11	0	51
51	12	0	51
52	1	0	52
52	2	0	52
52	3	0	52
52	4	2	52
52	5	8	52
52	6	5	52
52	7	12	52
52	8	9	52
52	9	2	52
52	10	2	52
52	11	0	52
52	12	0	52
53	1	0	53
53	2	0	53
53	3	0	53
53	4	2	53
53	5	8	53
53	6	6	53
53	7	12	53
53	8	9	53
53	9	2	53
53	10	2	53
53	11	0	53
53	12	0	53
54	1	0	54
54	2	0	54
54	3	0	54
54	4	2	54
54	5	8	54
54	6	7	54
54	7	12	54
54	8	9	54
54	9	2	54
54	10	2	54
54	11	0	54
54	12	0	54
55	1	0	55
55	2	0	55
55	3	0	55
55	4	2	55
55	5	8	55
55	6	8	55
55	7	12	55
55	8	9	55
55	9	2	55
55	10	2	55
55	11	0	55
55	12	0	55
56	1	0	56
56	2	0	56
56	3	0	56
56	4	2	56
56	5	8	56
56	6	8	56
56	7	13	56
56	8	9	56
56	9	2	56
56	10	2	56
56	11	0	56
56	12	0	56
57	1	0	57
57	2	0	57
57	3	0	57
57	4	2	57
57	5	8	57
57	6	8	57
57	7	13	57
57	8	10	57
57	9	2	57
57	10	2	57
57	11	0	57
57	12	0	57
58	1	0	58
58	2	0	58
58	3	0	58
58	4	2	58
58	5	8	58
58	6	9	58
58	7	13	58
58	8	10	58
58	9	2	58
58	10	2	58
58	11	0	58
58	12	0	58
59	1	0	59
59	2	0	59
59	3	0	59
59	4	2	59
59	5	8	59
59	6	9	59
59	7	13	59
59	8	11	59
59	9	2	59
59	10	2	59
59	11	0	59
59	12	0	59
60	1	0	60
60	2	0	60
60	3	0	60
60	4	2	60
60	5	8	60
60	6	9	60
60	7	13	60
60	8	12	60
60	9	2	60
60	10	2	60
60	11	0	60
60	12	0	60
61	1	0	61
61	2	0	61
61	3	1	61
61	4	2	61
61	5	8	61
61	6	9	61
61	7	13	61
61	8	12	61
61	9	2	61
61	10	2	61
61	11	0	61
61	12	0	61
62	1	0	62
62	2	0	62
62	3	1	62
62	4	2	62
62	5	8	62
62	6	9	62
62	7	14	62
62	8	12	62
62	9	2	62
62	10	2	62
62	11	0	62
62	12	0	62
63	1	0	63
63	2	0	63
63	3	1	63
63	4	3	63
63	5	8	63
63	6	9	63
63	7	14	63
63	8	12	63
63	9	2	63
63	10	2	63
63	11	0	63
63	12	0	63
64	1	0	64
64	2	0	64
64	3	1	64
64	4	3	64
64	5	8	64
64	6	9	64
64	7	14	64
64	8	12	64
64	9	2	64
64	10	3	64
64	11	0	64
64	12	0	64
65	1	0	65
65	2	0	65
65	3	1	65
65	4	4	65
65	5	8	65
65	6	9	65
65	7	14	65
65	8	12	65
65	9	2	65
65	10	3	65
65	11	0	65
65	12	0	65
66	1	0	66
66	2	0	66
66	3	2	66
66	4	4	66
66	5	8	66
66	6	9	66
66	7	14	66
66	8	12	66
66	9	2	66
66	10	3	66
66	11	0	66
66	12	0	66
67	1	0	67
67	2	0	67
67	3	2	67
67	4	4	67
67	5	8	67
67	6	9	67
67	7	15	67
67	8	12	67
67	9	2	67
67	10	3	67
67	11	0	67
67	12	0	67
68	1	0	68
68	2	0	68
68	3	2	68
68	4	4	68
68	5	9	68
68	6	9	68
68	7	15	68
68	8	12	68
68	9	2	68
68	10	3	68
68	11	0	68
68	12	0	68
69	1	0	69
69	2	0	69
69	3	2	69
69	4	4	69
69	5	9	69
69	6	9	69
69	7	15	69
69	8	12	69
69	9	3	69
69	10	3	69
69	11	0	69
69	12	0	69
70	1	0	70
70	2	0	70
70	3	3	70
70	4	4	70
70	5	9	70
70	6	9	70
70	7	15	70
70	8	12	70
70	9	3	70
70	10	3	70
70	11	0	70
70	12	0	70
71	1	0	71
71	2	0	71
71	3	3	71
71	4	4	71
71	5	9	71
71	6	9	71
71	7	15	71
71	8	13	71
71	9	3	71
71	10	3	71
71	11	0	71
71	12	0	71
72	1	0	72
72	2	0	72
72	3	3	72
72	4	4	72
72	5	9	72
72	6	9	72
72	7	16	72
72	8	13	72
72	9	3	72
72	10	3	72
72	11	0	72
72	12	0	72
73	1	0	73
73	2	0	73
73	3	3	73
73	4	4	73
73	5	9	73
73	6	9	73
73	7	16	73
73	8	14	73
73	9	3	73
73	10	3	73
73	11	0	73
73	12	0	73
74	1	0	74
74	2	0	74
74	3	3	74
74	4	4	74
74	5	9	74
74	6	9	74
74	7	17	74
74	8	14	74
74	9	3	74
74	10	3	74
74	11	0	74
74	12	0	74
75	1	0	75
75	2	0	75
75	3	3	75
75	4	4	75
75	5	9	75
75	6	9	75
75	7	17	75
75	8	14	75
75	9	3	75
75	10	4	75
75	11	0	75
75	12	0	75
76	1	0	76
76	2	0	76
76	3	3	76
76	4	4	76
76	5	9	76
76	6	9	76
76	7	18	76
76	8	14	76
76	9	3	76
76	10	4	76
76	11	0	76
76	12	0	76
77	1	0	77
77	2	0	77
77	3	3	77
77	4	4	77
77	5	9	77
77	6	9	77
77	7	18	77
77	8	15	77
77	9	3	77
77	10	4	77
77	11	0	77
77	12	0	77
78	1	0	78
78	2	0	78
78	3	3	78
78	4	4	78
78	5	9	78
78	6	10	78
78	7	18	78
78	8	15	78
78	9	3	78
78	10	4	78
78	11	0	78
78	12	0	78
79	1	0	79
79	2	0	79
79	3	3	79
79	4	4	79
79	5	9	79
79	6	11	79
79	7	18	79
79	8	15	79
79	9	3	79
79	10	4	79
79	11	0	79
79	12	0	79
80	1	0	80
80	2	0	80
80	3	3	80
80	4	4	80
80	5	9	80
80	6	11	80
80	7	19	80
80	8	15	80
80	9	3	80
80	10	4	80
80	11	0	80
80	12	0	80
81	1	0	81
81	2	0	81
81	3	3	81
81	4	4	81
81	5	9	81
81	6	11	81
81	7	20	81
81	8	15	81
81	9	3	81
81	10	4	81
81	11	0	81
81	12	0	81
82	1	0	82
82	2	0	82
82	3	3	82
82	4	4	82
82	5	9	82
82	6	11	82
82	7	21	82
82	8	15	82
82	9	3	82
82	10	4	82
82	11	0	82
82	12	0	82
83	1	0	83
83	2	0	83
83	3	3	83
83	4	4	83
83	5	9	83
83	6	11	83
83	7	21	83
83	8	16	83
83	9	3	83
83	10	4	83
83	11	0	83
83	12	0	83
84	1	0	84
84	2	0	84
84	3	3	84
84	4	4	84
84	5	9	84
84	6	11	84
84	7	22	84
84	8	16	84
84	9	3	84
84	10	4	84
84	11	0	84
84	12	0	84
85	1	0	85
85	2	0	85
85	3	3	85
85	4	4	85
85	5	10	85
85	6	11	85
85	7	22	85
85	8	16	85
85	9	3	85
85	10	4	85
85	11	0	85
85	12	0	85
86	1	0	86
86	2	0	86
86	3	3	86
86	4	4	86
86	5	10	86
86	6	11	86
86	7	22	86
86	8	17	86
86	9	3	86
86	10	4	86
86	11	0	86
86	12	0	86
87	1	0	87
87	2	0	87
87	3	3	87
87	4	4	87
87	5	10	87
87	6	12	87
87	7	22	87
87	8	17	87
87	9	3	87
87	10	4	87
87	11	0	87
87	12	0	87
88	1	0	88
88	2	0	88
88	3	3	88
88	4	4	88
88	5	10	88
88	6	12	88
88	7	23	88
88	8	17	88
88	9	3	88
88	10	4	88
88	11	0	88
88	12	0	88
89	1	0	89
89	2	0	89
89	3	3	89
89	4	4	89
89	5	10	89
89	6	12	89
89	7	23	89
89	8	17	89
89	9	4	89
89	10	4	89
89	11	0	89
89	12	0	89
90	1	0	90
90	2	0	90
90	3	3	90
90	4	4	90
90	5	10	90
90	6	12	90
90	7	23	90
90	8	18	90
90	9	4	90
90	10	4	90
90	11	0	90
90	12	0	90
91	1	0	91
91	2	0	91
91	3	3	91
91	4	5	91
91	5	10	91
91	6	12	91
91	7	23	91
91	8	18	91
91	9	4	91
91	10	4	91
91	11	0	91
91	12	0	91
92	1	0	92
92	2	0	92
92	3	3	92
92	4	5	92
92	5	10	92
92	6	12	92
92	7	23	92
92	8	18	92
92	9	4	92
92	10	5	92
92	11	0	92
92	12	0	92
93	1	0	93
93	2	0	93
93	3	3	93
93	4	5	93
93	5	10	93
93	6	13	93
93	7	23	93
93	8	18	93
93	9	4	93
93	10	5	93
93	11	0	93
93	12	0	93
94	1	0	94
94	2	0	94
94	3	3	94
94	4	5	94
94	5	10	94
94	6	13	94
94	7	23	94
94	8	18	94
94	9	5	94
94	10	5	94
94	11	0	94
94	12	0	94
95	1	0	95
95	2	0	95
95	3	3	95
95	4	5	95
95	5	10	95
95	6	13	95
95	7	24	95
95	8	18	95
95	9	5	95
95	10	5	95
95	11	0	95
95	12	0	95
96	1	0	96
96	2	0	96
96	3	3	96
96	4	5	96
96	5	11	96
96	6	13	96
96	7	24	96
96	8	18	96
96	9	5	96
96	10	5	96
96	11	0	96
96	12	0	96
97	1	0	97
97	2	0	97
97	3	3	97
97	4	5	97
97	5	11	97
97	6	14	97
97	7	24	97
97	8	18	97
97	9	5	97
97	10	5	97
97	11	0	97
97	12	0	97
98	1	0	98
98	2	0	98
98	3	3	98
98	4	5	98
98	5	11	98
98	6	14	98
98	7	25	98
98	8	18	98
98	9	5	98
98	10	5	98
98	11	0	98
98	12	0	98
99	1	0	99
99	2	0	99
99	3	3	99
99	4	6	99
99	5	11	99
99	6	14	99
99	7	25	99
99	8	18	99
99	9	5	99
99	10	5	99
99	11	0	99
99	12	0	99
100	1	0	100
100	2	0	100
100	3	3	100
100	4	6	100
100	5	11	100
100	6	14	100
100	7	26	100
100	8	18	100
100	9	5	100
100	10	5	100
100	11	0	100
100	12	0	100
101	1	0	101
101	2	0	101
101	3	3	101
101	4	6	101
101	5	11	101
101	6	14	101
101	7	27	101
101	8	18	101
101	9	5	101
101	10	5	101
101	11	0	101
101	12	0	101
102	1	0	102
102	2	0	102
102	3	3	102
102	4	6	102
102	5	11	102
102	6	15	102
102	7	27	102
102	8	18	102
102	9	5	102
102	10	5	102
102	11	0	102
102	12	0	102
103	1	0	103
103	2	0	103
103	3	3	103
103	4	6	103
103	5	11	103
103	6	15	103
103	7	28	103
103	8	18	103
103	9	5	103
103	10	5	103
103	11	0	103
103	12	0	103
104	1	0	104
104	2	0	104
104	3	3	104
104	4	6	104
104	5	11	104
104	6	16	104
104	7	28	104
104	8	18	104
104	9	5	104
104	10	5	104
104	11	0	104
104	12	0	104
105	1	0	105
105	2	0	105
105	3	3	105
105	4	6	105
105	5	11	105
105	6	16	105
105	7	28	105
105	8	19	105
105	9	5	105
105	10	5	105
105	11	0	105
105	12	0	105
106	1	0	106
106	2	0	106
106	3	3	106
106	4	6	106
106	5	11	106
106	6	17	106
106	7	28	106
106	8	19	106
106	9	5	106
106	10	5	106
106	11	0	106
106	12	0	106
107	1	0	107
107	2	0	107
107	3	3	107
107	4	6	107
107	5	11	107
107	6	17	107
107	7	29	107
107	8	19	107
107	9	5	107
107	10	5	107
107	11	0	107
107	12	0	107
108	1	0	108
108	2	0	108
108	3	4	108
108	4	6	108
108	5	11	108
108	6	17	108
108	7	29	108
108	8	19	108
108	9	5	108
108	10	5	108
108	11	0	108
108	12	0	108
109	1	0	109
109	2	0	109
109	3	4	109
109	4	6	109
109	5	11	109
109	6	17	109
109	7	29	109
109	8	20	109
109	9	5	109
109	10	5	109
109	11	0	109
109	12	0	109
110	1	0	110
110	2	0	110
110	3	4	110
110	4	6	110
110	5	11	110
110	6	18	110
110	7	29	110
110	8	20	110
110	9	5	110
110	10	5	110
110	11	0	110
110	12	0	110
111	1	0	111
111	2	0	111
111	3	4	111
111	4	6	111
111	5	11	111
111	6	18	111
111	7	29	111
111	8	21	111
111	9	5	111
111	10	5	111
111	11	0	111
111	12	0	111
112	1	0	112
112	2	0	112
112	3	4	112
112	4	6	112
112	5	11	112
112	6	19	112
112	7	29	112
112	8	21	112
112	9	5	112
112	10	5	112
112	11	0	112
112	12	0	112
113	1	0	113
113	2	0	113
113	3	4	113
113	4	6	113
113	5	11	113
113	6	19	113
113	7	29	113
113	8	22	113
113	9	5	113
113	10	5	113
113	11	0	113
113	12	0	113
114	1	0	114
114	2	0	114
114	3	4	114
114	4	6	114
114	5	11	114
114	6	19	114
114	7	29	114
114	8	23	114
114	9	5	114
114	10	5	114
114	11	0	114
114	12	0	114
115	1	0	115
115	2	0	115
115	3	4	115
115	4	6	115
115	5	11	115
115	6	19	115
115	7	30	115
115	8	23	115
115	9	5	115
115	10	5	115
115	11	0	115
115	12	0	115
116	1	0	116
116	2	0	116
116	3	4	116
116	4	6	116
116	5	11	116
116	6	19	116
116	7	31	116
116	8	23	116
116	9	5	116
116	10	5	116
116	11	0	116
116	12	0	116
117	1	0	117
117	2	0	117
117	3	4	117
117	4	6	117
117	5	11	117
117	6	19	117
117	7	31	117
117	8	24	117
117	9	5	117
117	10	5	117
117	11	0	117
117	12	0	117
118	1	0	118
118	2	0	118
118	3	4	118
118	4	7	118
118	5	11	118
118	6	19	118
118	7	31	118
118	8	24	118
118	9	5	118
118	10	5	118
118	11	0	118
118	12	0	118
119	1	0	119
119	2	0	119
119	3	4	119
119	4	7	119
119	5	12	119
119	6	19	119
119	7	31	119
119	8	24	119
119	9	5	119
119	10	5	119
119	11	0	119
119	12	0	119
120	1	0	120
120	2	0	120
120	3	4	120
120	4	7	120
120	5	12	120
120	6	19	120
120	7	31	120
120	8	25	120
120	9	5	120
120	10	5	120
120	11	0	120
120	12	0	120
121	1	0	121
121	2	0	121
121	3	4	121
121	4	7	121
121	5	12	121
121	6	19	121
121	7	32	121
121	8	25	121
121	9	5	121
121	10	5	121
121	11	0	121
121	12	0	121
122	1	0	122
122	2	0	122
122	3	4	122
122	4	7	122
122	5	12	122
122	6	20	122
122	7	32	122
122	8	25	122
122	9	5	122
122	10	5	122
122	11	0	122
122	12	0	122
123	1	0	123
123	2	0	123
123	3	4	123
123	4	7	123
123	5	12	123
123	6	21	123
123	7	32	123
123	8	25	123
123	9	5	123
123	10	5	123
123	11	0	123
123	12	0	123
124	1	0	124
124	2	0	124
124	3	4	124
124	4	7	124
124	5	13	124
124	6	21	124
124	7	32	124
124	8	25	124
124	9	5	124
124	10	5	124
124	11	0	124
124	12	0	124
125	1	0	125
125	2	0	125
125	3	4	125
125	4	7	125
125	5	13	125
125	6	21	125
125	7	32	125
125	8	26	125
125	9	5	125
125	10	5	125
125	11	0	125
125	12	0	125
126	1	0	126
126	2	0	126
126	3	4	126
126	4	7	126
126	5	13	126
126	6	21	126
126	7	32	126
126	8	26	126
126	9	5	126
126	10	6	126
126	11	0	126
126	12	0	126
127	1	0	127
127	2	0	127
127	3	4	127
127	4	7	127
127	5	14	127
127	6	21	127
127	7	32	127
127	8	26	127
127	9	5	127
127	10	6	127
127	11	0	127
127	12	0	127
128	1	0	128
128	2	0	128
128	3	4	128
128	4	7	128
128	5	14	128
128	6	21	128
128	7	32	128
128	8	26	128
128	9	6	128
128	10	6	128
128	11	0	128
128	12	0	128
129	1	0	129
129	2	0	129
129	3	4	129
129	4	7	129
129	5	14	129
129	6	21	129
129	7	33	129
129	8	26	129
129	9	6	129
129	10	6	129
129	11	0	129
129	12	0	129
130	1	0	130
130	2	0	130
130	3	4	130
130	4	7	130
130	5	14	130
130	6	21	130
130	7	33	130
130	8	27	130
130	9	6	130
130	10	6	130
130	11	0	130
130	12	0	130
131	1	0	131
131	2	0	131
131	3	4	131
131	4	7	131
131	5	14	131
131	6	22	131
131	7	33	131
131	8	27	131
131	9	6	131
131	10	6	131
131	11	0	131
131	12	0	131
132	1	0	132
132	2	0	132
132	3	4	132
132	4	8	132
132	5	14	132
132	6	22	132
132	7	33	132
132	8	27	132
132	9	6	132
132	10	6	132
132	11	0	132
132	12	0	132
133	1	0	133
133	2	0	133
133	3	4	133
133	4	8	133
133	5	14	133
133	6	22	133
133	7	34	133
133	8	27	133
133	9	6	133
133	10	6	133
133	11	0	133
133	12	0	133
134	1	0	134
134	2	0	134
134	3	4	134
134	4	8	134
134	5	15	134
134	6	22	134
134	7	34	134
134	8	27	134
134	9	6	134
134	10	6	134
134	11	0	134
134	12	0	134
135	1	0	135
135	2	0	135
135	3	4	135
135	4	8	135
135	5	15	135
135	6	22	135
135	7	35	135
135	8	27	135
135	9	6	135
135	10	6	135
135	11	0	135
135	12	0	135
136	1	0	136
136	2	0	136
136	3	4	136
136	4	8	136
136	5	15	136
136	6	23	136
136	7	35	136
136	8	27	136
136	9	6	136
136	10	6	136
136	11	0	136
136	12	0	136
137	1	0	137
137	2	0	137
137	3	4	137
137	4	8	137
137	5	15	137
137	6	24	137
137	7	35	137
137	8	27	137
137	9	6	137
137	10	6	137
137	11	0	137
137	12	0	137
138	1	0	138
138	2	0	138
138	3	4	138
138	4	8	138
138	5	15	138
138	6	25	138
138	7	35	138
138	8	27	138
138	9	6	138
138	10	6	138
138	11	0	138
138	12	0	138
139	1	0	139
139	2	0	139
139	3	4	139
139	4	9	139
139	5	15	139
139	6	25	139
139	7	35	139
139	8	27	139
139	9	6	139
139	10	6	139
139	11	0	139
139	12	0	139
140	1	0	140
140	2	0	140
140	3	4	140
140	4	9	140
140	5	15	140
140	6	25	140
140	7	35	140
140	8	27	140
140	9	6	140
140	10	7	140
140	11	0	140
140	12	0	140
141	1	0	141
141	2	0	141
141	3	4	141
141	4	9	141
141	5	15	141
141	6	25	141
141	7	35	141
141	8	28	141
141	9	6	141
141	10	7	141
141	11	0	141
141	12	0	141
142	1	0	142
142	2	0	142
142	3	4	142
142	4	9	142
142	5	15	142
142	6	26	142
142	7	35	142
142	8	28	142
142	9	6	142
142	10	7	142
142	11	0	142
142	12	0	142
143	1	0	143
143	2	0	143
143	3	4	143
143	4	9	143
143	5	15	143
143	6	27	143
143	7	35	143
143	8	28	143
143	9	6	143
143	10	7	143
143	11	0	143
143	12	0	143
144	1	0	144
144	2	0	144
144	3	4	144
144	4	9	144
144	5	15	144
144	6	27	144
144	7	36	144
144	8	28	144
144	9	6	144
144	10	7	144
144	11	0	144
144	12	0	144
145	1	0	145
145	2	0	145
145	3	4	145
145	4	9	145
145	5	16	145
145	6	27	145
145	7	36	145
145	8	28	145
145	9	6	145
145	10	7	145
145	11	0	145
145	12	0	145
146	1	0	146
146	2	0	146
146	3	4	146
146	4	9	146
146	5	17	146
146	6	27	146
146	7	36	146
146	8	28	146
146	9	6	146
146	10	7	146
146	11	0	146
146	12	0	146
147	1	0	147
147	2	0	147
147	3	4	147
147	4	9	147
147	5	17	147
147	6	27	147
147	7	37	147
147	8	28	147
147	9	6	147
147	10	7	147
147	11	0	147
147	12	0	147
148	1	0	148
148	2	0	148
148	3	4	148
148	4	9	148
148	5	18	148
148	6	27	148
148	7	37	148
148	8	28	148
148	9	6	148
148	10	7	148
148	11	0	148
148	12	0	148
149	1	0	149
149	2	0	149
149	3	4	149
149	4	10	149
149	5	18	149
149	6	27	149
149	7	37	149
149	8	28	149
149	9	6	149
149	10	7	149
149	11	0	149
149	12	0	149
150	1	0	150
150	2	0	150
150	3	4	150
150	4	10	150
150	5	19	150
150	6	27	150
150	7	37	150
150	8	28	150
150	9	6	150
150	10	7	150
150	11	0	150
150	12	0	150
151	1	0	151
151	2	0	151
151	3	4	151
151	4	10	151
151	5	19	151
151	6	27	151
151	7	38	151
151	8	28	151
151	9	6	151
151	10	7	151
151	11	0	151
151	12	0	151
152	1	0	152
152	2	0	152
152	3	4	152
152	4	10	152
152	5	19	152
152	6	27	152
152	7	38	152
152	8	28	152
152	9	7	152
152	10	7	152
152	11	0	152
152	12	0	152
153	1	0	153
153	2	0	153
153	3	4	153
153	4	10	153
153	5	19	153
153	6	27	153
153	7	38	153
153	8	28	153
153	9	8	153
153	10	7	153
153	11	0	153
153	12	0	153
154	1	0	154
154	2	0	154
154	3	4	154
154	4	10	154
154	5	19	154
154	6	27	154
154	7	38	154
154	8	29	154
154	9	8	154
154	10	7	154
154	11	0	154
154	12	0	154
155	1	0	155
155	2	0	155
155	3	4	155
155	4	10	155
155	5	19	155
155	6	27	155
155	7	39	155
155	8	29	155
155	9	8	155
155	10	7	155
155	11	0	155
155	12	0	155
156	1	0	156
156	2	0	156
156	3	4	156
156	4	10	156
156	5	19	156
156	6	28	156
156	7	39	156
156	8	29	156
156	9	8	156
156	10	7	156
156	11	0	156
156	12	0	156
157	1	0	157
157	2	0	157
157	3	4	157
157	4	10	157
157	5	19	157
157	6	28	157
157	7	39	157
157	8	30	157
157	9	8	157
157	10	7	157
157	11	0	157
157	12	0	157
158	1	0	158
158	2	0	158
158	3	4	158
158	4	11	158
158	5	19	158
158	6	28	158
158	7	39	158
158	8	30	158
158	9	8	158
158	10	7	158
158	11	0	158
158	12	0	158
159	1	0	159
159	2	0	159
159	3	4	159
159	4	11	159
159	5	19	159
159	6	29	159
159	7	39	159
159	8	30	159
159	9	8	159
159	10	7	159
159	11	0	159
159	12	0	159
160	1	0	160
160	2	0	160
160	3	4	160
160	4	11	160
160	5	19	160
160	6	29	160
160	7	40	160
160	8	30	160
160	9	8	160
160	10	7	160
160	11	0	160
160	12	0	160
161	1	0	161
161	2	0	161
161	3	4	161
161	4	11	161
161	5	19	161
161	6	29	161
161	7	41	161
161	8	30	161
161	9	8	161
161	10	7	161
161	11	0	161
161	12	0	161
162	1	0	162
162	2	0	162
162	3	4	162
162	4	11	162
162	5	19	162
162	6	29	162
162	7	42	162
162	8	30	162
162	9	8	162
162	10	7	162
162	11	0	162
162	12	0	162
163	1	0	163
163	2	0	163
163	3	4	163
163	4	11	163
163	5	19	163
163	6	30	163
163	7	42	163
163	8	30	163
163	9	8	163
163	10	7	163
163	11	0	163
163	12	0	163
164	1	0	164
164	2	0	164
164	3	4	164
164	4	11	164
164	5	19	164
164	6	30	164
164	7	43	164
164	8	30	164
164	9	8	164
164	10	7	164
164	11	0	164
164	12	0	164
165	1	0	165
165	2	0	165
165	3	4	165
165	4	12	165
165	5	19	165
165	6	30	165
165	7	43	165
165	8	30	165
165	9	8	165
165	10	7	165
165	11	0	165
165	12	0	165
166	1	0	166
166	2	0	166
166	3	4	166
166	4	12	166
166	5	19	166
166	6	31	166
166	7	43	166
166	8	30	166
166	9	8	166
166	10	7	166
166	11	0	166
166	12	0	166
167	1	0	167
167	2	0	167
167	3	4	167
167	4	12	167
167	5	19	167
167	6	31	167
167	7	43	167
167	8	31	167
167	9	8	167
167	10	7	167
167	11	0	167
167	12	0	167
168	1	0	168
168	2	0	168
168	3	4	168
168	4	12	168
168	5	19	168
168	6	32	168
168	7	43	168
168	8	31	168
168	9	8	168
168	10	7	168
168	11	0	168
168	12	0	168
169	1	0	169
169	2	0	169
169	3	4	169
169	4	13	169
169	5	19	169
169	6	32	169
169	7	43	169
169	8	31	169
169	9	8	169
169	10	7	169
169	11	0	169
169	12	0	169
170	1	0	170
170	2	0	170
170	3	4	170
170	4	13	170
170	5	19	170
170	6	32	170
170	7	43	170
170	8	32	170
170	9	8	170
170	10	7	170
170	11	0	170
170	12	0	170
171	1	0	171
171	2	1	171
171	3	4	171
171	4	13	171
171	5	19	171
171	6	32	171
171	7	43	171
171	8	32	171
171	9	8	171
171	10	7	171
171	11	0	171
171	12	0	171
172	1	0	172
172	2	2	172
172	3	4	172
172	4	13	172
172	5	19	172
172	6	32	172
172	7	43	172
172	8	32	172
172	9	8	172
172	10	7	172
172	11	0	172
172	12	0	172
173	1	0	173
173	2	2	173
173	3	4	173
173	4	14	173
173	5	19	173
173	6	32	173
173	7	43	173
173	8	32	173
173	9	8	173
173	10	7	173
173	11	0	173
173	12	0	173
174	1	0	174
174	2	2	174
174	3	4	174
174	4	14	174
174	5	20	174
174	6	32	174
174	7	43	174
174	8	32	174
174	9	8	174
174	10	7	174
174	11	0	174
174	12	0	174
175	1	0	175
175	2	3	175
175	3	4	175
175	4	14	175
175	5	20	175
175	6	32	175
175	7	43	175
175	8	32	175
175	9	8	175
175	10	7	175
175	11	0	175
175	12	0	175
176	1	0	176
176	2	3	176
176	3	4	176
176	4	14	176
176	5	21	176
176	6	32	176
176	7	43	176
176	8	32	176
176	9	8	176
176	10	7	176
176	11	0	176
176	12	0	176
177	1	0	177
177	2	3	177
177	3	4	177
177	4	14	177
177	5	21	177
177	6	32	177
177	7	44	177
177	8	32	177
177	9	8	177
177	10	7	177
177	11	0	177
177	12	0	177
178	1	0	178
178	2	3	178
178	3	4	178
178	4	14	178
178	5	21	178
178	6	32	178
178	7	44	178
178	8	33	178
178	9	8	178
178	10	7	178
178	11	0	178
178	12	0	178
179	1	0	179
179	2	3	179
179	3	4	179
179	4	14	179
179	5	21	179
179	6	33	179
179	7	44	179
179	8	33	179
179	9	8	179
179	10	7	179
179	11	0	179
179	12	0	179
180	1	0	180
180	2	3	180
180	3	4	180
180	4	14	180
180	5	21	180
180	6	34	180
180	7	44	180
180	8	33	180
180	9	8	180
180	10	7	180
180	11	0	180
180	12	0	180
181	1	0	181
181	2	3	181
181	3	4	181
181	4	14	181
181	5	21	181
181	6	34	181
181	7	45	181
181	8	33	181
181	9	8	181
181	10	7	181
181	11	0	181
181	12	0	181
182	1	0	182
182	2	3	182
182	3	4	182
182	4	14	182
182	5	22	182
182	6	34	182
182	7	45	182
182	8	33	182
182	9	8	182
182	10	7	182
182	11	0	182
182	12	0	182
183	1	0	183
183	2	3	183
183	3	4	183
183	4	14	183
183	5	22	183
183	6	34	183
183	7	46	183
183	8	33	183
183	9	8	183
183	10	7	183
183	11	0	183
183	12	0	183
184	1	0	184
184	2	3	184
184	3	4	184
184	4	14	184
184	5	22	184
184	6	34	184
184	7	47	184
184	8	33	184
184	9	8	184
184	10	7	184
184	11	0	184
184	12	0	184
185	1	0	185
185	2	3	185
185	3	4	185
185	4	14	185
185	5	22	185
185	6	35	185
185	7	47	185
185	8	33	185
185	9	8	185
185	10	7	185
185	11	0	185
185	12	0	185
186	1	0	186
186	2	3	186
186	3	4	186
186	4	14	186
186	5	23	186
186	6	35	186
186	7	47	186
186	8	33	186
186	9	8	186
186	10	7	186
186	11	0	186
186	12	0	186
187	1	0	187
187	2	3	187
187	3	4	187
187	4	14	187
187	5	23	187
187	6	35	187
187	7	48	187
187	8	33	187
187	9	8	187
187	10	7	187
187	11	0	187
187	12	0	187
188	1	0	188
188	2	3	188
188	3	5	188
188	4	14	188
188	5	23	188
188	6	35	188
188	7	48	188
188	8	33	188
188	9	8	188
188	10	7	188
188	11	0	188
188	12	0	188
189	1	0	189
189	2	3	189
189	3	5	189
189	4	14	189
189	5	23	189
189	6	35	189
189	7	49	189
189	8	33	189
189	9	8	189
189	10	7	189
189	11	0	189
189	12	0	189
190	1	0	190
190	2	3	190
190	3	5	190
190	4	14	190
190	5	23	190
190	6	36	190
190	7	49	190
190	8	33	190
190	9	8	190
190	10	7	190
190	11	0	190
190	12	0	190
191	1	0	191
191	2	3	191
191	3	5	191
191	4	14	191
191	5	23	191
191	6	37	191
191	7	49	191
191	8	33	191
191	9	8	191
191	10	7	191
191	11	0	191
191	12	0	191
192	1	0	192
192	2	3	192
192	3	5	192
192	4	14	192
192	5	23	192
192	6	37	192
192	7	49	192
192	8	33	192
192	9	9	192
192	10	7	192
192	11	0	192
192	12	0	192
193	1	0	193
193	2	3	193
193	3	5	193
193	4	14	193
193	5	23	193
193	6	37	193
193	7	50	193
193	8	33	193
193	9	9	193
193	10	7	193
193	11	0	193
193	12	0	193
194	1	0	194
194	2	3	194
194	3	5	194
194	4	14	194
194	5	24	194
194	6	37	194
194	7	50	194
194	8	33	194
194	9	9	194
194	10	7	194
194	11	0	194
194	12	0	194
195	1	0	195
195	2	3	195
195	3	5	195
195	4	14	195
195	5	24	195
195	6	37	195
195	7	51	195
195	8	33	195
195	9	9	195
195	10	7	195
195	11	0	195
195	12	0	195
196	1	0	196
196	2	3	196
196	3	5	196
196	4	14	196
196	5	24	196
196	6	37	196
196	7	51	196
196	8	33	196
196	9	10	196
196	10	7	196
196	11	0	196
196	12	0	196
197	1	0	197
197	2	3	197
197	3	5	197
197	4	14	197
197	5	24	197
197	6	38	197
197	7	51	197
197	8	33	197
197	9	10	197
197	10	7	197
197	11	0	197
197	12	0	197
198	1	0	198
198	2	3	198
198	3	5	198
198	4	14	198
198	5	24	198
198	6	38	198
198	7	52	198
198	8	33	198
198	9	10	198
198	10	7	198
198	11	0	198
198	12	0	198
199	1	0	199
199	2	3	199
199	3	5	199
199	4	14	199
199	5	24	199
199	6	38	199
199	7	52	199
199	8	34	199
199	9	10	199
199	10	7	199
199	11	0	199
199	12	0	199
200	1	0	200
200	2	3	200
200	3	5	200
200	4	14	200
200	5	24	200
200	6	38	200
200	7	53	200
200	8	34	200
200	9	10	200
200	10	7	200
200	11	0	200
200	12	0	200
201	1	0	201
201	2	3	201
201	3	5	201
201	4	14	201
201	5	24	201
201	6	39	201
201	7	53	201
201	8	34	201
201	9	10	201
201	10	7	201
201	11	0	201
201	12	0	201
202	1	0	202
202	2	3	202
202	3	5	202
202	4	14	202
202	5	24	202
202	6	40	202
202	7	53	202
202	8	34	202
202	9	10	202
202	10	7	202
202	11	0	202
202	12	0	202
203	1	0	203
203	2	3	203
203	3	5	203
203	4	14	203
203	5	24	203
203	6	41	203
203	7	53	203
203	8	34	203
203	9	10	203
203	10	7	203
203	11	0	203
203	12	0	203
204	1	0	204
204	2	3	204
204	3	5	204
204	4	14	204
204	5	25	204
204	6	41	204
204	7	53	204
204	8	34	204
204	9	10	204
204	10	7	204
204	11	0	204
204	12	0	204
205	1	0	205
205	2	3	205
205	3	5	205
205	4	14	205
205	5	25	205
205	6	41	205
205	7	53	205
205	8	34	205
205	9	11	205
205	10	7	205
205	11	0	205
205	12	0	205
206	1	0	206
206	2	3	206
206	3	5	206
206	4	15	206
206	5	25	206
206	6	41	206
206	7	53	206
206	8	34	206
206	9	11	206
206	10	7	206
206	11	0	206
206	12	0	206
207	1	0	207
207	2	3	207
207	3	5	207
207	4	15	207
207	5	25	207
207	6	42	207
207	7	53	207
207	8	34	207
207	9	11	207
207	10	7	207
207	11	0	207
207	12	0	207
208	1	0	208
208	2	3	208
208	3	5	208
208	4	15	208
208	5	25	208
208	6	43	208
208	7	53	208
208	8	34	208
208	9	11	208
208	10	7	208
208	11	0	208
208	12	0	208
209	1	0	209
209	2	3	209
209	3	5	209
209	4	16	209
209	5	25	209
209	6	43	209
209	7	53	209
209	8	34	209
209	9	11	209
209	10	7	209
209	11	0	209
209	12	0	209
210	1	0	210
210	2	3	210
210	3	5	210
210	4	16	210
210	5	25	210
210	6	43	210
210	7	54	210
210	8	34	210
210	9	11	210
210	10	7	210
210	11	0	210
210	12	0	210
211	1	0	211
211	2	3	211
211	3	5	211
211	4	16	211
211	5	26	211
211	6	43	211
211	7	54	211
211	8	34	211
211	9	11	211
211	10	7	211
211	11	0	211
211	12	0	211
212	1	0	212
212	2	3	212
212	3	5	212
212	4	16	212
212	5	26	212
212	6	44	212
212	7	54	212
212	8	34	212
212	9	11	212
212	10	7	212
212	11	0	212
212	12	0	212
213	1	0	213
213	2	3	213
213	3	5	213
213	4	16	213
213	5	26	213
213	6	44	213
213	7	54	213
213	8	35	213
213	9	11	213
213	10	7	213
213	11	0	213
213	12	0	213
214	1	0	214
214	2	3	214
214	3	5	214
214	4	16	214
214	5	26	214
214	6	45	214
214	7	54	214
214	8	35	214
214	9	11	214
214	10	7	214
214	11	0	214
214	12	0	214
215	1	0	215
215	2	3	215
215	3	5	215
215	4	16	215
215	5	26	215
215	6	45	215
215	7	54	215
215	8	35	215
215	9	12	215
215	10	7	215
215	11	0	215
215	12	0	215
216	1	0	216
216	2	3	216
216	3	5	216
216	4	16	216
216	5	26	216
216	6	45	216
216	7	54	216
216	8	36	216
216	9	12	216
216	10	7	216
216	11	0	216
216	12	0	216
217	1	0	217
217	2	3	217
217	3	5	217
217	4	16	217
217	5	26	217
217	6	46	217
217	7	54	217
217	8	36	217
217	9	12	217
217	10	7	217
217	11	0	217
217	12	0	217
218	1	0	218
218	2	3	218
218	3	5	218
218	4	16	218
218	5	26	218
218	6	46	218
218	7	55	218
218	8	36	218
218	9	12	218
218	10	7	218
218	11	0	218
218	12	0	218
219	1	0	219
219	2	3	219
219	3	5	219
219	4	16	219
219	5	26	219
219	6	46	219
219	7	56	219
219	8	36	219
219	9	12	219
219	10	7	219
219	11	0	219
219	12	0	219
220	1	0	220
220	2	3	220
220	3	5	220
220	4	16	220
220	5	26	220
220	6	47	220
220	7	56	220
220	8	36	220
220	9	12	220
220	10	7	220
220	11	0	220
220	12	0	220
221	1	0	221
221	2	3	221
221	3	5	221
221	4	17	221
221	5	26	221
221	6	47	221
221	7	56	221
221	8	36	221
221	9	12	221
221	10	7	221
221	11	0	221
221	12	0	221
222	1	0	222
222	2	3	222
222	3	5	222
222	4	18	222
222	5	26	222
222	6	47	222
222	7	56	222
222	8	36	222
222	9	12	222
222	10	7	222
222	11	0	222
222	12	0	222
223	1	0	223
223	2	3	223
223	3	5	223
223	4	18	223
223	5	26	223
223	6	47	223
223	7	56	223
223	8	37	223
223	9	12	223
223	10	7	223
223	11	0	223
223	12	0	223
224	1	0	224
224	2	3	224
224	3	5	224
224	4	18	224
224	5	26	224
224	6	47	224
224	7	56	224
224	8	38	224
224	9	12	224
224	10	7	224
224	11	0	224
224	12	0	224
225	1	0	225
225	2	3	225
225	3	5	225
225	4	18	225
225	5	26	225
225	6	47	225
225	7	56	225
225	8	39	225
225	9	12	225
225	10	7	225
225	11	0	225
225	12	0	225
226	1	0	226
226	2	3	226
226	3	5	226
226	4	18	226
226	5	26	226
226	6	47	226
226	7	57	226
226	8	39	226
226	9	12	226
226	10	7	226
226	11	0	226
226	12	0	226
227	1	0	227
227	2	3	227
227	3	5	227
227	4	18	227
227	5	26	227
227	6	47	227
227	7	58	227
227	8	39	227
227	9	12	227
227	10	7	227
227	11	0	227
227	12	0	227
228	1	0	228
228	2	3	228
228	3	5	228
228	4	18	228
228	5	26	228
228	6	48	228
228	7	58	228
228	8	39	228
228	9	12	228
228	10	7	228
228	11	0	228
228	12	0	228
229	1	0	229
229	2	3	229
229	3	5	229
229	4	19	229
229	5	26	229
229	6	48	229
229	7	58	229
229	8	39	229
229	9	12	229
229	10	7	229
229	11	0	229
229	12	0	229
230	1	0	230
230	2	3	230
230	3	5	230
230	4	19	230
230	5	26	230
230	6	49	230
230	7	58	230
230	8	39	230
230	9	12	230
230	10	7	230
230	11	0	230
230	12	0	230
231	1	0	231
231	2	3	231
231	3	5	231
231	4	19	231
231	5	26	231
231	6	49	231
231	7	59	231
231	8	39	231
231	9	12	231
231	10	7	231
231	11	0	231
231	12	0	231
232	1	0	232
232	2	3	232
232	3	5	232
232	4	19	232
232	5	26	232
232	6	50	232
232	7	59	232
232	8	39	232
232	9	12	232
232	10	7	232
232	11	0	232
232	12	0	232
233	1	0	233
233	2	3	233
233	3	5	233
233	4	19	233
233	5	26	233
233	6	50	233
233	7	60	233
233	8	39	233
233	9	12	233
233	10	7	233
233	11	0	233
233	12	0	233
234	1	0	234
234	2	3	234
234	3	5	234
234	4	19	234
234	5	26	234
234	6	51	234
234	7	60	234
234	8	39	234
234	9	12	234
234	10	7	234
234	11	0	234
234	12	0	234
235	1	0	235
235	2	3	235
235	3	5	235
235	4	19	235
235	5	26	235
235	6	51	235
235	7	60	235
235	8	40	235
235	9	12	235
235	10	7	235
235	11	0	235
235	12	0	235
236	1	0	236
236	2	3	236
236	3	5	236
236	4	19	236
236	5	27	236
236	6	51	236
236	7	60	236
236	8	40	236
236	9	12	236
236	10	7	236
236	11	0	236
236	12	0	236
237	1	0	237
237	2	3	237
237	3	5	237
237	4	20	237
237	5	27	237
237	6	51	237
237	7	60	237
237	8	40	237
237	9	12	237
237	10	7	237
237	11	0	237
237	12	0	237
238	1	0	238
238	2	3	238
238	3	5	238
238	4	20	238
238	5	28	238
238	6	51	238
238	7	60	238
238	8	40	238
238	9	12	238
238	10	7	238
238	11	0	238
238	12	0	238
239	1	0	239
239	2	3	239
239	3	5	239
239	4	21	239
239	5	28	239
239	6	51	239
239	7	60	239
239	8	40	239
239	9	12	239
239	10	7	239
239	11	0	239
239	12	0	239
240	1	0	240
240	2	3	240
240	3	5	240
240	4	21	240
240	5	28	240
240	6	51	240
240	7	60	240
240	8	40	240
240	9	13	240
240	10	7	240
240	11	0	240
240	12	0	240
241	1	0	241
241	2	3	241
241	3	5	241
241	4	21	241
241	5	28	241
241	6	51	241
241	7	61	241
241	8	40	241
241	9	13	241
241	10	7	241
241	11	0	241
241	12	0	241
242	1	0	242
242	2	3	242
242	3	5	242
242	4	22	242
242	5	28	242
242	6	51	242
242	7	61	242
242	8	40	242
242	9	13	242
242	10	7	242
242	11	0	242
242	12	0	242
243	1	0	243
243	2	3	243
243	3	5	243
243	4	22	243
243	5	29	243
243	6	51	243
243	7	61	243
243	8	40	243
243	9	13	243
243	10	7	243
243	11	0	243
243	12	0	243
244	1	0	244
244	2	3	244
244	3	5	244
244	4	22	244
244	5	29	244
244	6	52	244
244	7	61	244
244	8	40	244
244	9	13	244
244	10	7	244
244	11	0	244
244	12	0	244
245	1	0	245
245	2	3	245
245	3	5	245
245	4	22	245
245	5	29	245
245	6	53	245
245	7	61	245
245	8	40	245
245	9	13	245
245	10	7	245
245	11	0	245
245	12	0	245
246	1	0	246
246	2	3	246
246	3	5	246
246	4	22	246
246	5	29	246
246	6	54	246
246	7	61	246
246	8	40	246
246	9	13	246
246	10	7	246
246	11	0	246
246	12	0	246
247	1	0	247
247	2	3	247
247	3	5	247
247	4	22	247
247	5	30	247
247	6	54	247
247	7	61	247
247	8	40	247
247	9	13	247
247	10	7	247
247	11	0	247
247	12	0	247
248	1	0	248
248	2	3	248
248	3	5	248
248	4	22	248
248	5	30	248
248	6	54	248
248	7	62	248
248	8	40	248
248	9	13	248
248	10	7	248
248	11	0	248
248	12	0	248
249	1	0	249
249	2	3	249
249	3	5	249
249	4	22	249
249	5	30	249
249	6	54	249
249	7	62	249
249	8	40	249
249	9	14	249
249	10	7	249
249	11	0	249
249	12	0	249
250	1	0	250
250	2	3	250
250	3	5	250
250	4	22	250
250	5	30	250
250	6	54	250
250	7	63	250
250	8	40	250
250	9	14	250
250	10	7	250
250	11	0	250
250	12	0	250
251	1	0	251
251	2	3	251
251	3	5	251
251	4	22	251
251	5	31	251
251	6	54	251
251	7	63	251
251	8	40	251
251	9	14	251
251	10	7	251
251	11	0	251
251	12	0	251
252	1	0	252
252	2	3	252
252	3	5	252
252	4	22	252
252	5	31	252
252	6	54	252
252	7	63	252
252	8	41	252
252	9	14	252
252	10	7	252
252	11	0	252
252	12	0	252
253	1	0	253
253	2	3	253
253	3	5	253
253	4	22	253
253	5	32	253
253	6	54	253
253	7	63	253
253	8	41	253
253	9	14	253
253	10	7	253
253	11	0	253
253	12	0	253
254	1	0	254
254	2	3	254
254	3	5	254
254	4	22	254
254	5	32	254
254	6	55	254
254	7	63	254
254	8	41	254
254	9	14	254
254	10	7	254
254	11	0	254
254	12	0	254
255	1	0	255
255	2	3	255
255	3	5	255
255	4	22	255
255	5	33	255
255	6	55	255
255	7	63	255
255	8	41	255
255	9	14	255
255	10	7	255
255	11	0	255
255	12	0	255
256	1	0	256
256	2	3	256
256	3	5	256
256	4	22	256
256	5	33	256
256	6	56	256
256	7	63	256
256	8	41	256
256	9	14	256
256	10	7	256
256	11	0	256
256	12	0	256
257	1	0	257
257	2	3	257
257	3	5	257
257	4	22	257
257	5	34	257
257	6	56	257
257	7	63	257
257	8	41	257
257	9	14	257
257	10	7	257
257	11	0	257
257	12	0	257
258	1	0	258
258	2	3	258
258	3	5	258
258	4	23	258
258	5	34	258
258	6	56	258
258	7	63	258
258	8	41	258
258	9	14	258
258	10	7	258
258	11	0	258
258	12	0	258
259	1	0	259
259	2	3	259
259	3	5	259
259	4	23	259
259	5	34	259
259	6	56	259
259	7	63	259
259	8	42	259
259	9	14	259
259	10	7	259
259	11	0	259
259	12	0	259
260	1	0	260
260	2	3	260
260	3	5	260
260	4	23	260
260	5	34	260
260	6	56	260
260	7	63	260
260	8	43	260
260	9	14	260
260	10	7	260
260	11	0	260
260	12	0	260
261	1	0	261
261	2	3	261
261	3	5	261
261	4	23	261
261	5	34	261
261	6	56	261
261	7	64	261
261	8	43	261
261	9	14	261
261	10	7	261
261	11	0	261
261	12	0	261
262	1	0	262
262	2	3	262
262	3	5	262
262	4	24	262
262	5	34	262
262	6	56	262
262	7	64	262
262	8	43	262
262	9	14	262
262	10	7	262
262	11	0	262
262	12	0	262
263	1	0	263
263	2	3	263
263	3	5	263
263	4	24	263
263	5	35	263
263	6	56	263
263	7	64	263
263	8	43	263
263	9	14	263
263	10	7	263
263	11	0	263
263	12	0	263
264	1	0	264
264	2	3	264
264	3	5	264
264	4	24	264
264	5	35	264
264	6	56	264
264	7	65	264
264	8	43	264
264	9	14	264
264	10	7	264
264	11	0	264
264	12	0	264
265	1	0	265
265	2	3	265
265	3	5	265
265	4	24	265
265	5	35	265
265	6	57	265
265	7	65	265
265	8	43	265
265	9	14	265
265	10	7	265
265	11	0	265
265	12	0	265
266	1	0	266
266	2	3	266
266	3	5	266
266	4	24	266
266	5	35	266
266	6	57	266
266	7	66	266
266	8	43	266
266	9	14	266
266	10	7	266
266	11	0	266
266	12	0	266
267	1	0	267
267	2	3	267
267	3	5	267
267	4	24	267
267	5	35	267
267	6	57	267
267	7	67	267
267	8	43	267
267	9	14	267
267	10	7	267
267	11	0	267
267	12	0	267
268	1	0	268
268	2	3	268
268	3	5	268
268	4	24	268
268	5	35	268
268	6	57	268
268	7	67	268
268	8	44	268
268	9	14	268
268	10	7	268
268	11	0	268
268	12	0	268
269	1	0	269
269	2	3	269
269	3	5	269
269	4	25	269
269	5	35	269
269	6	57	269
269	7	67	269
269	8	44	269
269	9	14	269
269	10	7	269
269	11	0	269
269	12	0	269
270	1	0	270
270	2	3	270
270	3	5	270
270	4	25	270
270	5	35	270
270	6	58	270
270	7	67	270
270	8	44	270
270	9	14	270
270	10	7	270
270	11	0	270
270	12	0	270
271	1	0	271
271	2	3	271
271	3	5	271
271	4	25	271
271	5	35	271
271	6	58	271
271	7	67	271
271	8	44	271
271	9	15	271
271	10	7	271
271	11	0	271
271	12	0	271
272	1	0	272
272	2	3	272
272	3	5	272
272	4	25	272
272	5	36	272
272	6	58	272
272	7	67	272
272	8	44	272
272	9	15	272
272	10	7	272
272	11	0	272
272	12	0	272
273	1	0	273
273	2	3	273
273	3	5	273
273	4	26	273
273	5	36	273
273	6	58	273
273	7	67	273
273	8	44	273
273	9	15	273
273	10	7	273
273	11	0	273
273	12	0	273
274	1	0	274
274	2	3	274
274	3	5	274
274	4	26	274
274	5	36	274
274	6	58	274
274	7	68	274
274	8	44	274
274	9	15	274
274	10	7	274
274	11	0	274
274	12	0	274
275	1	0	275
275	2	3	275
275	3	5	275
275	4	27	275
275	5	36	275
275	6	58	275
275	7	68	275
275	8	44	275
275	9	15	275
275	10	7	275
275	11	0	275
275	12	0	275
276	1	0	276
276	2	3	276
276	3	5	276
276	4	27	276
276	5	36	276
276	6	59	276
276	7	68	276
276	8	44	276
276	9	15	276
276	10	7	276
276	11	0	276
276	12	0	276
277	1	0	277
277	2	3	277
277	3	5	277
277	4	27	277
277	5	36	277
277	6	59	277
277	7	68	277
277	8	44	277
277	9	16	277
277	10	7	277
277	11	0	277
277	12	0	277
278	1	0	278
278	2	3	278
278	3	5	278
278	4	28	278
278	5	36	278
278	6	59	278
278	7	68	278
278	8	44	278
278	9	16	278
278	10	7	278
278	11	0	278
278	12	0	278
279	1	0	279
279	2	3	279
279	3	5	279
279	4	28	279
279	5	36	279
279	6	59	279
279	7	69	279
279	8	44	279
279	9	16	279
279	10	7	279
279	11	0	279
279	12	0	279
280	1	0	280
280	2	3	280
280	3	5	280
280	4	28	280
280	5	36	280
280	6	59	280
280	7	69	280
280	8	44	280
280	9	17	280
280	10	7	280
280	11	0	280
280	12	0	280
281	1	0	281
281	2	3	281
281	3	5	281
281	4	28	281
281	5	36	281
281	6	59	281
281	7	70	281
281	8	44	281
281	9	17	281
281	10	7	281
281	11	0	281
281	12	0	281
282	1	0	282
282	2	3	282
282	3	5	282
282	4	28	282
282	5	36	282
282	6	59	282
282	7	71	282
282	8	44	282
282	9	17	282
282	10	7	282
282	11	0	282
282	12	0	282
283	1	0	283
283	2	3	283
283	3	6	283
283	4	28	283
283	5	36	283
283	6	59	283
283	7	71	283
283	8	44	283
283	9	17	283
283	10	7	283
283	11	0	283
283	12	0	283
284	1	0	284
284	2	3	284
284	3	6	284
284	4	29	284
284	5	36	284
284	6	59	284
284	7	71	284
284	8	44	284
284	9	17	284
284	10	7	284
284	11	0	284
284	12	0	284
285	1	0	285
285	2	3	285
285	3	6	285
285	4	29	285
285	5	37	285
285	6	59	285
285	7	71	285
285	8	44	285
285	9	17	285
285	10	7	285
285	11	0	285
285	12	0	285
286	1	0	286
286	2	3	286
286	3	6	286
286	4	29	286
286	5	37	286
286	6	60	286
286	7	71	286
286	8	44	286
286	9	17	286
286	10	7	286
286	11	0	286
286	12	0	286
287	1	0	287
287	2	3	287
287	3	6	287
287	4	29	287
287	5	37	287
287	6	61	287
287	7	71	287
287	8	44	287
287	9	17	287
287	10	7	287
287	11	0	287
287	12	0	287
288	1	0	288
288	2	3	288
288	3	6	288
288	4	29	288
288	5	38	288
288	6	61	288
288	7	71	288
288	8	44	288
288	9	17	288
288	10	7	288
288	11	0	288
288	12	0	288
289	1	0	289
289	2	3	289
289	3	6	289
289	4	29	289
289	5	38	289
289	6	61	289
289	7	71	289
289	8	45	289
289	9	17	289
289	10	7	289
289	11	0	289
289	12	0	289
290	1	0	290
290	2	3	290
290	3	6	290
290	4	29	290
290	5	38	290
290	6	62	290
290	7	71	290
290	8	45	290
290	9	17	290
290	10	7	290
290	11	0	290
290	12	0	290
291	1	0	291
291	2	3	291
291	3	6	291
291	4	29	291
291	5	38	291
291	6	62	291
291	7	71	291
291	8	45	291
291	9	18	291
291	10	7	291
291	11	0	291
291	12	0	291
292	1	0	292
292	2	3	292
292	3	6	292
292	4	29	292
292	5	39	292
292	6	62	292
292	7	71	292
292	8	45	292
292	9	18	292
292	10	7	292
292	11	0	292
292	12	0	292
293	1	0	293
293	2	3	293
293	3	6	293
293	4	29	293
293	5	39	293
293	6	62	293
293	7	72	293
293	8	45	293
293	9	18	293
293	10	7	293
293	11	0	293
293	12	0	293
294	1	0	294
294	2	3	294
294	3	6	294
294	4	29	294
294	5	39	294
294	6	62	294
294	7	72	294
294	8	45	294
294	9	19	294
294	10	7	294
294	11	0	294
294	12	0	294
295	1	0	295
295	2	3	295
295	3	6	295
295	4	29	295
295	5	39	295
295	6	62	295
295	7	73	295
295	8	45	295
295	9	19	295
295	10	7	295
295	11	0	295
295	12	0	295
296	1	0	296
296	2	3	296
296	3	6	296
296	4	29	296
296	5	39	296
296	6	63	296
296	7	73	296
296	8	45	296
296	9	19	296
296	10	7	296
296	11	0	296
296	12	0	296
297	1	0	297
297	2	3	297
297	3	6	297
297	4	29	297
297	5	40	297
297	6	63	297
297	7	73	297
297	8	45	297
297	9	19	297
297	10	7	297
297	11	0	297
297	12	0	297
298	1	0	298
298	2	3	298
298	3	6	298
298	4	29	298
298	5	40	298
298	6	64	298
298	7	73	298
298	8	45	298
298	9	19	298
298	10	7	298
298	11	0	298
298	12	0	298
299	1	0	299
299	2	3	299
299	3	6	299
299	4	29	299
299	5	40	299
299	6	65	299
299	7	73	299
299	8	45	299
299	9	19	299
299	10	7	299
299	11	0	299
299	12	0	299
300	1	0	300
300	2	3	300
300	3	6	300
300	4	29	300
300	5	41	300
300	6	65	300
300	7	73	300
300	8	45	300
300	9	19	300
300	10	7	300
300	11	0	300
300	12	0	300
301	1	0	301
301	2	3	301
301	3	6	301
301	4	29	301
301	5	41	301
301	6	66	301
301	7	73	301
301	8	45	301
301	9	19	301
301	10	7	301
301	11	0	301
301	12	0	301
302	1	0	302
302	2	3	302
302	3	6	302
302	4	29	302
302	5	41	302
302	6	66	302
302	7	73	302
302	8	45	302
302	9	19	302
302	10	8	302
302	11	0	302
302	12	0	302
303	1	0	303
303	2	3	303
303	3	6	303
303	4	29	303
303	5	41	303
303	6	66	303
303	7	73	303
303	8	46	303
303	9	19	303
303	10	8	303
303	11	0	303
303	12	0	303
304	1	0	304
304	2	3	304
304	3	6	304
304	4	29	304
304	5	41	304
304	6	67	304
304	7	73	304
304	8	46	304
304	9	19	304
304	10	8	304
304	11	0	304
304	12	0	304
305	1	0	305
305	2	3	305
305	3	6	305
305	4	29	305
305	5	42	305
305	6	67	305
305	7	73	305
305	8	46	305
305	9	19	305
305	10	8	305
305	11	0	305
305	12	0	305
306	1	0	306
306	2	3	306
306	3	6	306
306	4	29	306
306	5	42	306
306	6	67	306
306	7	74	306
306	8	46	306
306	9	19	306
306	10	8	306
306	11	0	306
306	12	0	306
307	1	0	307
307	2	3	307
307	3	6	307
307	4	29	307
307	5	42	307
307	6	68	307
307	7	74	307
307	8	46	307
307	9	19	307
307	10	8	307
307	11	0	307
307	12	0	307
308	1	0	308
308	2	3	308
308	3	6	308
308	4	29	308
308	5	42	308
308	6	69	308
308	7	74	308
308	8	46	308
308	9	19	308
308	10	8	308
308	11	0	308
308	12	0	308
309	1	0	309
309	2	3	309
309	3	6	309
309	4	29	309
309	5	43	309
309	6	69	309
309	7	74	309
309	8	46	309
309	9	19	309
309	10	8	309
309	11	0	309
309	12	0	309
310	1	0	310
310	2	3	310
310	3	6	310
310	4	29	310
310	5	43	310
310	6	70	310
310	7	74	310
310	8	46	310
310	9	19	310
310	10	8	310
310	11	0	310
310	12	0	310
311	1	0	311
311	2	3	311
311	3	6	311
311	4	29	311
311	5	43	311
311	6	70	311
311	7	74	311
311	8	47	311
311	9	19	311
311	10	8	311
311	11	0	311
311	12	0	311
312	1	0	312
312	2	3	312
312	3	6	312
312	4	29	312
312	5	43	312
312	6	70	312
312	7	75	312
312	8	47	312
312	9	19	312
312	10	8	312
312	11	0	312
312	12	0	312
