iso3,country,NIQ_UW,NIQ_NW,NIQ_QNW,NIQ_SAS,NIQ_QNW+SAS,NIQ_QNW+SAS+GEO,NIQ_L&V02,NIQ_L&V02+GEO,NIQ_L&V12,NIQ_L&V12+GEO,NIQ_IQ(L&V12)-NIQ,NIQ_R,1.3,1.3.1,1.3.2,1.3.3,1.3.4,Educational attainment (0−18 years) (1990),Educational attainment (0−18 years) (2016),Educational attainment (0−18 years) (1990 & 2016),Learning (0−100) (1990),Learning (0−100) (2016),Learning (0−100) (1990 & 2016),Harmonized  Learning Outcomes,Human Capital (1990),Human Capital (2016),Human Capital (1990 & 2016)
AFG,Afghanistan,,,,,,82.14290790986576,,83.0,,75.0,,71.57,,,,,,,,,,,,315.4551,,,
ALB,Albania,,,,82.82028318963907,82.82028318963907,82.82028318963907,,90.0,,82.0,,82.32,,,,,,10.0,11.0,10.5,76.0,78.0,77.0,411.6444,11.0,14.0,12.5
DZA,Algeria,,,,75.9977255182966,75.9977255182966,75.9977255182966,,84.0,,84.2,8.202274481703398,85.08,,,,,,10.0,12.0,11.0,63.0,68.0,65.5,382.7845,8.0,14.0,11.0
AND,Andorra,,,,,,96.4030642394078,,,,97.0,0.5969357605922028,94.53,,,,,,12.0,13.0,12.5,85.0,86.0,85.5,,21.0,24.0,22.5
AGO,Angola,75.1,75.1,75.1,,75.1,75.1,,69.0,,71.0,,67.4,75.1,75.1,75.1,75.1,75.1,,10.0,10.0,,66.0,66.0,263.1357,,7.0,7.0
ATG,Antigua and Barbuda,,,,,,70.44349231854152,,75.0,,74.0,3.556507681458484,70.53,,,,,,9.0,11.0,10.0,70.0,70.0,70.0,,10.0,14.0,12.0
ARG,Argentina,96.11110744581333,95.11367721119214,95.52433593899454,79.40198766119136,87.46316180009295,87.46316180009295,96.0,96.0,92.8,92.8,5.336838199907049,87.91,93.84906598984533,93.85,93.85,95.52,95.52433593899454,10.0,12.0,11.0,71.0,72.0,71.5,418.3477,12.0,16.0,14.0
ARM,Armenia,,,,88.81870321099198,88.81870321099198,88.81870321099198,,93.0,,93.2,4.381296789008019,90.91,,,,,,13.0,13.0,13.0,76.0,78.0,77.0,464.5221,15.0,17.0,16.0
AUS,Australia,98.73859192107813,99.58691118051556,99.54279014802276,98.8543359842027,99.19856306611274,99.19856306611274,98.0,98.0,99.2,99.2,0.0014369338872626258,99.86,99.5187070478613,99.52,99.52,99.54,99.54279014802276,11.0,13.0,12.0,88.0,87.0,87.5,521.7819,20.0,23.0,21.5
AUT,Austria,102.22745014888444,100.38682411239597,100.78602899992103,98.74447420575886,99.76525160283995,99.76525160283995,102.0,102.0,99.0,99.0,,99.28,97.99532927180356,98.0,98.0,98.37,98.37139977847902,11.0,13.0,12.0,87.0,87.0,87.0,515.229,20.0,24.0,22.0
AZE,Azerbaijan,,,,84.88666966815886,84.88666966815886,84.88666966815886,,87.0,,84.9,0.013330331841146403,87.11,,,,,,11.0,11.0,11.0,75.0,76.0,75.5,433.1995,11.0,14.0,12.5
BHS,"Bahamas, The",84.21999999999998,87.04372060857537,86.94749659863945,,86.94749659863945,86.94749659863945,,78.0,,84.0,,80.96,86.99228063135365,86.99,86.99,86.95,86.94749659863945,10.0,11.0,10.5,72.0,73.0,72.5,,12.0,14.0,13.0
BHR,Bahrain,86.81909626719056,86.81909626719056,86.81909626719056,80.38292240578988,83.60100933649022,83.60100933649022,,83.0,85.9,85.9,2.298990663509784,86.77,86.81909626719056,86.82,86.82,86.82,86.81909626719056,8.0,11.0,9.5,69.0,74.0,71.5,440.5934,9.0,14.0,11.5
BGD,Bangladesh,76.81035282258065,74.18823763613274,74.35863487851384,,74.35863487851384,74.35863487851384,,81.0,81.0,81.0,6.64136512148616,80.02,74.32716955662407,74.33,74.33,74.36,74.35863487851384,,8.0,8.0,,69.0,69.0,303.6015,,6.0,6.0
BRB,Barbados,91.36583333333333,91.38962962962962,91.6876385076751,,91.6876385076751,91.6876385076751,78.0,78.0,80.0,80.0,,78.98,91.59829311694783,91.6,91.6,91.69,91.6876385076751,12.0,14.0,13.0,72.0,74.0,73.0,,15.0,18.0,16.5
BLR,Belarus,101.6,101.6,101.60000000000001,95.19866803143942,98.39933401571972,98.39933401571972,,96.0,,95.0,,96.54,101.49697942211843,101.6,101.6,101.6,101.60000000000001,12.0,15.0,13.5,81.0,84.0,82.5,,18.0,23.0,20.5
BEL,Belgium,97.71711538461537,98.53960693641616,98.65893676984219,97.881501450489,98.27021911016558,98.27021911016558,100.0,100.0,99.3,99.3,1.029780889834413,99.56,97.06969853138781,97.07,97.07,97.3,97.29812088180262,12.0,13.0,12.5,87.0,88.0,87.5,521.2859,22.0,25.0,23.5
BLZ,Belize,,,,62.548239971933114,62.548239971933114,62.548239971933114,,83.0,,78.8,16.251760028066883,72.9,,,,,,8.0,10.0,9.0,63.0,65.0,64.0,326.8286,7.0,11.0,9.0
BEN,Benin,70.35899155794769,70.35899155794769,70.35899155794769,,70.35899155794769,70.35899155794769,,69.0,,71.0,0.6410084420523106,71.51,,,70.36,70.36,70.35899155794769,,,,,,,329.2407,,,
BMU,Bermuda,92.4475,93.40814634146341,93.19469974715551,,93.19469974715551,93.19469974715551,,,90.0,90.0,,89.41,93.47735060673128,93.48,93.48,93.15,93.15298240100567,9.0,9.0,9.0,70.0,68.0,69.0,,11.0,12.0,11.5
BTN,Bhutan,,,,,,87.35018575755296,,78.0,,78.0,,74.7,,,,,,7.0,11.0,9.0,67.0,70.0,68.5,,4.0,9.0,6.5
BOL,Bolivia,83.78666666666666,77.34942307692306,77.34942307692307,,77.34942307692307,77.34942307692307,,85.0,87.0,87.0,9.650576923076926,83.36,76.53283733826248,76.53,76.53,77.35,77.34942307692307,9.0,12.0,10.5,64.0,67.0,65.5,,7.0,12.0,9.5
BIH,Bosnia and Herzegovina,90.9236260777221,90.80821133224072,90.70787730795185,85.40676068678926,88.05731899737054,88.05731899737054,,,83.2,83.2,,92.11,90.7298054739642,90.73,90.73,90.71,90.70787730795185,11.0,12.0,11.5,80.0,81.0,80.5,460.8042,14.0,17.0,15.5
BWA,Botswana,76.06157116051497,76.06157116051497,76.06157116051497,62.830403503577344,69.44598733204616,69.44598733204616,,72.0,76.9,76.9,7.454012667953847,75.42,76.06157116051497,76.06,76.06,76.06,76.06157116051497,9.0,12.0,10.5,60.0,65.0,62.5,394.4283,6.0,8.0,7.0
BRA,Brazil,86.87733449088425,85.08006331270401,85.07340395990883,81.9032547804675,83.48832937018817,83.48832937018817,87.0,87.0,85.6,85.6,2.111670629811826,84.44,85.2153951993147,85.22,85.22,85.3,85.29963986878055,9.0,12.0,10.5,69.0,73.0,71.0,413.7813,9.0,16.0,12.5
BRN,Brunei,,,,87.60851140450015,87.60851140450015,87.60851140450015,,92.0,,89.0,1.391488595499851,82.19,,,,,,12.0,13.0,12.5,87.0,92.0,89.5,,18.0,23.0,20.5
BGR,Bulgaria,87.15714285714287,87.15714285714287,87.15714285714287,94.85796120898802,91.00755203306545,91.00755203306545,93.0,93.0,93.3,93.3,2.292447966934546,94.0,87.0976883739362,87.1,87.1,87.1,87.10466504368459,12.0,13.0,12.5,83.0,83.0,83.0,475.5102,17.0,20.0,18.5
BFA,Burkina Faso,73.79999999999997,73.79999999999997,73.79999999999997,,73.79999999999997,73.79999999999997,,67.0,,70.0,,66.35,73.79999999999997,73.8,73.8,73.8,73.79999999999997,,,,,,,345.6874,,,
BDI,Burundi,,,,,,72.16232152577925,,70.0,,72.0,,68.44,,,,,,,,,,,,334.5039,,,
CPV,Cabo Verde,,,,,,60.0,,78.0,,76.0,16.0,72.61,,,,,,5.0,9.0,7.0,65.0,67.0,66.0,,4.0,9.0,6.5
KHM,Cambodia,80.6279578605179,99.03793453710252,99.73442485006788,,99.73442485006788,99.73442485006788,,89.0,,92.0,,85.18,99.75239419344268,99.75,99.75,99.73,99.73442485006788,6.0,9.0,7.5,67.0,71.0,69.0,445.0891,3.0,7.0,5.0
CMR,Cameroon,,,,,,67.82970081398378,,70.0,64.0,64.0,,62.28,,,,,,6.0,11.0,8.5,78.0,71.0,74.5,377.8324,4.0,7.0,5.5
CAN,Canada,91.45576264430952,98.76039946159935,98.36810700836315,100.86728340835934,99.61769520836125,99.61769520836125,97.0,97.0,100.4,100.4,0.7823047916387509,101.22,98.12247916050292,98.12,98.12,97.86,97.85927324123531,13.0,13.0,13.0,87.0,89.0,88.0,535.9052,23.0,25.0,24.0
CYM,Cayman Islands,,,,,,82.26100417617803,,,,,,,,,,,,,,,,,,,,,
CAF,Central African Rep.,,,,,,63.579074270974736,,68.0,64.0,64.0,0.4209257290252637,62.28,,,,,,,,,,,,,,,
TCD,Chad,,,,,,77.95458516472871,,72.0,,66.0,,62.18,,,,,,,,,,,,312.4825,,,
CHL,Chile,87.89878031964408,89.6073708150694,89.8818223572061,86.02380507809364,87.95281371764987,87.95281371764987,,93.0,89.8,89.8,1.8471862823501226,88.1,89.8469927153335,89.85,89.85,89.88,89.8818223572061,11.0,11.0,11.0,72.0,78.0,75.0,448.851,15.0,19.0,17.0
CHN,China,103.79329039437026,100.83967350338932,100.3320729975229,105.34147603953534,102.83677451852913,102.83677451852913,100.0,100.0,105.8,105.8,2.9632254814708716,103.39,104.96934718031257,104.97,104.97,104.66,104.65858216141788,10.0,13.0,11.5,85.0,89.0,87.0,556.416,11.0,20.0,15.5
COL,Colombia,79.37277777777778,85.10967299578058,85.65215742681406,80.40164873599748,83.02690308140578,83.02690308140578,89.0,89.0,83.1,83.1,0.07309691859421719,81.54,85.95095401168639,85.95,85.95,85.65,85.65215742681406,9.0,11.0,10.0,66.0,72.0,69.0,416.1059,9.0,14.0,11.5
COM,Comoros,,,,,,77.00920972497077,,79.0,,77.0,,73.66,,,,,,5.0,10.0,7.5,59.0,64.0,61.5,326.3648,3.0,7.0,5.0
COD,"Congo, Democratic Republic of the",64.12109999999998,64.75769162112931,65.67152085008358,,65.67152085008358,65.67152085008358,65.0,65.0,68.0,68.0,2.3284791499164186,66.46,64.92469322409366,64.92,64.92,65.67,65.67152085008358,8.0,,8.0,58.0,,58.0,286.682,3.0,,3.0
COG,"Congo, Republic of the",62.96627639999999,62.96627639999999,62.9662764,,62.9662764,62.9662764,73.0,73.0,73.0,73.0,10.033723600000002,71.67,62.9662764,62.97,62.97,62.97,62.9662764,10.0,11.0,10.5,58.0,62.0,60.0,336.205,5.0,7.0,6.0
COK,Cook Islands,,,,,,83.96000000000001,,,89.0,89.0,5.039999999999992,88.37,,,,,,,,,,,,,,,
CRI,Costa Rica,87.4509558671854,88.04291898837255,89.09728785128978,87.42610566424551,88.26169675776765,88.26169675776765,,91.0,86.0,86.0,,87.32,88.8898132272312,88.89,88.89,89.1,89.09728785128978,8.0,11.0,9.5,74.0,76.0,75.0,445.9334,11.0,16.0,13.5
CIV,Cote d'Ivoire,,,,,,60.83531464195182,,71.0,71.0,71.0,10.164685358048182,69.59,,,,,,,,,,,,339.4407,,,
HRV,Croatia,91.35486282088071,92.10435727304494,92.1715221160465,97.49605973061291,94.8337909233297,94.8337909233297,90.0,90.0,97.8,97.8,2.966209076670296,97.05,93.92260489457023,93.92,93.92,93.72,93.7216803567108,13.0,14.0,13.5,84.0,85.0,84.5,500.1697,19.0,22.0,20.5
CUB,Cuba,82.82019620851158,83.60637486782238,83.78146046620671,,83.78146046620671,83.78146046620671,85.0,85.0,,85.0,1.2185395337932903,84.2,83.90252345319202,83.9,83.9,83.78,83.78146046620671,12.0,12.0,12.0,85.0,87.0,86.0,524.2694,18.0,20.0,19.0
CYP,Cyprus,95.51453091619922,95.75069550101463,95.75223547973644,90.96923788195737,93.36073668084691,93.36073668084691,,92.0,,91.8,,94.61,95.75186005012921,95.75,95.75,95.75,95.75223547973644,12.0,13.0,12.5,81.0,83.0,82.0,478.5039,19.0,24.0,21.5
CZE,Czechia,,,,99.22028697625478,99.22028697625478,99.22028697625478,97.0,97.0,98.9,98.9,,99.17,90.61999999999999,90.62,90.62,90.62,90.62,12.0,13.0,12.5,89.0,87.0,88.0,516.687,20.0,23.0,21.5
DNK,Denmark,97.4865822376,97.4865822376,97.4865822376,99.0211784876437,98.25388036262186,98.25388036262186,98.0,98.0,97.2,97.2,,98.64,96.68203111723035,96.68,96.68,96.84,96.83852592470915,13.0,14.0,13.5,85.0,88.0,86.5,519.8731,23.0,27.0,25.0
DJI,Djibouti,60.0,60.0,60.0,,60.0,60.0,,68.0,,75.0,15.0,71.57,,,52.14,60.0,60.0,5.0,9.0,7.0,62.0,66.0,64.0,,3.0,6.0,4.5
DMA,Dominica,66.03790517447744,66.03063777303889,66.02348118490521,,66.02348118490521,66.02348118490521,,75.0,67.0,67.0,0.9765188150947921,65.41,66.02507051480687,66.03,66.03,66.02,66.02348118490521,10.0,12.0,11.0,73.0,74.0,73.5,,12.0,15.0,13.5
DOM,Dominican Republic,89.15,89.15,89.15,74.42786141871485,81.78893070935743,81.78893070935743,,84.0,82.0,82.0,0.21106929064256974,79.56,89.15,89.15,89.15,89.15,89.15,9.0,10.0,9.5,61.0,63.0,62.0,365.5136,8.0,11.0,9.5
ECU,Ecuador,76.74199630625,78.2769412126984,78.23546038122689,,78.23546038122689,78.23546038122689,80.0,80.0,88.0,88.0,9.764539618773114,82.56,78.25820442183654,78.26,78.26,78.24,78.23546038122689,9.0,10.0,9.5,66.0,69.0,67.5,407.3172,9.0,12.0,10.5
EGY,Egypt,80.81477826000555,86.35217869262546,86.42548602826825,66.18798115347651,76.30673359087238,76.30673359087238,83.0,83.0,82.7,82.7,6.3932664091276195,84.12,86.45529942413762,86.46,86.46,86.41,86.40806951287972,9.0,12.0,10.5,65.0,66.0,65.5,381.6071,6.0,12.0,9.0
SLV,El Salvador,,,,69.63380001715281,69.63380001715281,69.63380001715281,,84.0,,78.0,8.366199982847192,78.96,,,,,,8.0,11.0,9.5,65.0,68.0,66.5,378.535,7.0,12.0,9.5
GNQ,Equatorial Guinea,,,,,,,59.0,59.0,,69.0,,65.31,,,,,,8.0,12.0,10.0,64.0,68.0,66.0,,4.0,9.0,6.5
ERI,Eritrea,71.85006308999999,68.69025034659686,68.59808707745246,,68.59808707745246,68.59808707745246,,68.0,75.5,75.5,6.901912922547538,74.28,68.77339986516242,68.77,68.77,68.6,68.59808707745246,,10.0,10.0,,64.0,64.0,,,7.0,7.0
EST,Estonia,100.44369254071765,99.32582060784908,99.32582060784908,102.90392077887523,101.11487069336215,101.11487069336215,,97.0,99.7,99.7,,100.61,98.57584289030297,98.58,98.58,99.33,99.32582060784908,13.0,14.0,13.5,88.0,90.0,89.0,532.3697,19.0,24.0,21.5
ETH,Ethiopia,68.89353172383333,68.24327956927466,68.55958337731356,,68.55958337731356,68.55958337731356,63.0,63.0,68.5,68.5,,66.98,68.41528697182707,68.42,68.42,68.56,68.55958337731356,,,,,,,323.8424,,,
FJI,Fiji,,,,,,83.96000000000001,84.0,84.0,85.0,85.0,1.039999999999992,84.2,,,,,,9.0,12.0,10.5,76.0,78.0,77.0,,10.0,14.0,12.0
FIN,Finland,98.0274819611111,98.67355077506872,98.35688769730831,102.95327817833832,100.65508293782332,100.65508293782332,97.0,97.0,100.9,100.9,0.24491706217668252,101.47,99.31117705628671,99.31,99.31,98.0,98.00476601829679,14.0,15.0,14.5,89.0,91.0,90.0,549.4081,25.0,28.0,26.5
GAB,Gabon,,,,,,62.9662764,,66.0,,69.0,6.033723600000002,65.31,,,,,,9.0,11.0,10.0,78.0,83.0,80.5,443.1604,7.0,12.0,9.5
GMB,"Gambia, The",60.0,60.0,60.00000000000001,,60.00000000000001,60.00000000000001,,65.0,62.0,62.0,1.999999999999993,60.19,52.67984066236238,49.78,49.78,60.0,60.00000000000001,5.0,9.0,7.0,62.0,65.0,63.5,326.6085,3.0,5.0,4.0
PSE,Gaza Strip,79.44779177058213,76.46234215695976,76.82800321574574,75.71796550893015,76.27298436233795,76.27298436233795,,,84.5,84.5,8.22701563766205,83.75,79.6618358884459,79.66,79.66,79.8,79.80109871056169,10.0,14.0,12.0,68.0,69.0,68.5,403.6316,10.0,15.0,12.5
DEU,Germany,100.62504751942673,101.18326018803475,102.05736614029576,99.16482128741917,100.61109371385746,100.61109371385746,102.0,102.0,98.8,98.8,,99.13,102.32594354081724,102.33,102.33,101.66,101.65769069065608,11.0,12.0,11.5,86.0,88.0,87.0,522.0789,20.0,23.0,21.5
GEO,Georgia,,,,84.43035475321595,84.43035475321595,84.43035475321595,,93.0,,86.7,2.2696452467840516,87.0,,,,,,13.0,13.0,13.0,72.0,75.0,73.5,436.5674,15.0,18.0,16.5
GHA,Ghana,62.92587033462692,61.586194868851656,61.67062928390363,60.0,60.83531464195181,60.83531464195181,71.0,71.0,69.7,69.7,8.864685358048192,64.22,61.62883477531994,61.63,61.63,61.95,61.95106652977627,6.0,11.0,8.5,55.0,55.0,55.0,287.0956,3.0,7.0,5.0
GRC,Greece,86.24676573426575,87.75774332731287,87.98215200998453,95.04671353872094,91.51443277435274,91.51443277435274,92.0,92.0,93.2,93.2,1.6855672256472616,95.47,86.44740042815218,86.45,86.45,86.38,86.38065226124885,13.0,13.0,13.0,82.0,83.0,82.5,482.6788,21.0,23.0,22.0
GRL,Greenland,94.68,94.68,94.68,,94.68,94.68,,,91.0,91.0,,88.27,,,,94.68,94.68,8.0,10.0,9.0,83.0,84.0,83.5,,12.0,16.0,14.0
GRD,Grenada,,,,,,79.38877806850768,,75.0,,74.0,,70.53,,,,,,7.0,10.0,8.5,68.0,71.0,69.5,,7.0,12.0,9.5
GTM,Guatemala,61.32165994887142,60.99130632005417,61.29494247598246,,61.29494247598246,61.29494247598246,79.0,79.0,79.0,79.0,17.70505752401754,79.91,47.721433294136794,47.72,47.72,61.29,61.29494247598246,6.0,9.0,7.5,65.0,69.0,67.0,398.0742,4.0,8.0,6.0
GIN,Guinea,,,,,,60.0,66.0,66.0,66.5,66.5,6.5,64.89,,,,,,,,,,,,360.3864,,,
GNB,Guinea-Bissau,,,,,,,,66.0,,69.0,,65.31,,,,,,,,,,,,,,,
GUY,Guyana,,,,,,83.3263538462026,,84.0,,81.0,,77.83,,,,,,8.0,10.0,9.0,71.0,72.0,71.5,300.2046,7.0,10.0,8.5
HTI,Haiti,78.4236219174838,86.20686326230316,88.60079139588072,,88.60079139588072,88.60079139588072,,72.0,,67.0,,63.22,82.10467649720903,82.1,83.87,88.6,88.60079139588072,5.0,9.0,7.0,66.0,68.0,67.0,284.634,3.0,7.0,5.0
HND,Honduras,,,,62.15840503169477,62.15840503169477,62.15840503169477,,84.0,81.0,81.0,18.84159496830523,80.12,,,,,,7.0,9.0,8.0,62.0,67.0,64.5,404.8022,6.0,10.0,8.0
HKG,Hong Kong,110.31285823691606,106.00993153529575,106.08408376842864,104.62241034127061,105.35324705484962,105.35324705484962,107.0,107.0,105.7,105.7,0.346752945150385,103.91,106.05950836197995,106.06,106.06,106.08,106.08408376842864,,,,,,,559.3899,,,
HUN,Hungary,99.36707999999999,99.36707999999999,99.36707999999999,99.24293360524945,99.30500680262472,99.30500680262472,99.0,99.0,98.1,98.1,,98.43,99.2067693851858,99.21,99.21,99.22,99.21666029783742,11.0,13.0,12.0,87.0,87.0,87.0,517.9305,17.0,22.0,19.5
ISL,Iceland,99.99328290349342,100.49865138264451,100.4986513826445,95.95224834376582,98.22544986320516,98.22544986320516,,98.0,98.6,98.6,0.37455013679483784,99.06,100.4986513826445,100.5,100.5,100.5,100.4986513826445,14.0,14.0,14.0,84.0,86.0,85.0,508.153,24.0,27.0,25.5
IND,India,73.94017871837183,78.42197226687128,78.7098619948321,73.57138102562851,76.1406215102303,76.1406215102303,81.0,81.0,82.2,82.2,6.059378489769699,76.21,78.9169130349902,78.92,78.92,78.76,78.75715332527743,6.0,10.0,8.0,63.0,66.0,64.5,367.6497,3.0,7.0,5.0
IDN,Indonesia,79.70322532469606,79.13290384346853,79.0679220353314,78.5195958505062,78.7937589429188,78.7937589429188,89.0,89.0,85.8,85.8,7.006241057081198,84.33,78.46712698120123,78.47,78.54,79.07,79.0679220353314,9.0,11.0,10.0,68.0,70.0,69.0,407.3909,6.0,10.0,8.0
IRN,Iran,79.39924208720595,78.98283520063987,78.8680670295424,81.13936423810625,80.00371563382433,80.00371563382433,84.0,84.0,85.6,85.6,5.5962843661756665,84.82,78.87706187854519,78.88,78.88,78.87,78.8680670295424,10.0,12.0,11.0,69.0,73.0,71.0,430.3248,9.0,15.0,12.0
IRQ,Iraq,90.70193972853828,89.2836922165748,89.81242835390111,,89.81242835390111,89.81242835390111,87.0,87.0,87.0,87.0,,86.28,89.28300481086775,89.28,89.28,89.45,94.49985857739053,8.0,10.0,9.0,65.0,67.0,66.0,331.2157,6.0,9.0,7.5
IRL,Ireland,89.67599833,89.65031038890025,90.10323144535397,100.31744675942514,95.21033910238955,95.21033910238955,93.0,93.0,94.9,94.9,,97.72,89.9387818819185,89.94,89.94,90.01,90.01342987916395,12.0,13.0,12.5,86.0,89.0,87.5,526.2687,20.0,24.0,22.0
ISR,Israel,92.18129718146372,90.60879481305578,90.64123078795326,94.38846331262232,92.51484705028778,92.51484705028778,94.0,94.0,94.6,94.6,2.08515294971221,94.37,90.57138296442794,90.57,90.57,90.64,90.64123078795326,11.0,12.0,11.5,85.0,85.0,85.0,487.4813,19.0,21.0,20.0
ITA,Italy,91.85145378702339,91.2078239876494,91.12841165029607,96.81412663615674,93.97126914322641,93.97126914322641,102.0,102.0,96.1,96.1,2.1287308567735863,97.99,91.65920148232533,91.66,91.66,91.51,91.51337724548964,11.0,12.0,11.5,85.0,86.0,85.5,503.7631,19.0,22.0,20.5
JAM,Jamaica,74.03672795022318,74.32884011285124,75.16611707949694,,75.16611707949694,75.16611707949694,72.0,72.0,71.0,71.0,,69.59,75.08437421602,75.08,75.08,75.31,75.30686171281624,9.0,11.0,10.0,72.0,73.0,72.5,374.2811,10.0,14.0,12.0
JPN,Japan,107.46563628904762,106.87201859977787,107.3090548488313,105.46536994988497,106.38721239935813,106.38721239935813,105.0,105.0,104.2,104.2,,103.99,107.406751571011,107.41,108.47,107.31,107.3090548488313,11.0,12.0,11.5,93.0,94.0,93.5,552.8587,21.0,24.0,22.5
JOR,Jordan,77.85141512845576,77.80382232324354,77.90184667847633,83.6315285555508,80.76668761701356,80.76668761701356,,87.0,87.6,87.6,6.833312382986435,87.6,77.97292750047235,77.97,77.97,77.9,77.90184667847633,11.0,13.0,12.0,73.0,71.0,72.0,417.897,12.0,16.0,14.0
KAZ,Kazakhstan,89.49169787269659,84.26667093560232,84.26667093560232,93.26353591282422,88.76510342421327,88.76510342421327,,93.0,85.0,85.0,,86.79,84.26667093560232,84.27,84.27,84.27,84.26667093560232,11.0,13.0,12.0,82.0,84.0,83.0,488.5769,13.0,18.0,15.5
KEN,Kenya,73.81409752382814,75.21696547899329,75.22246843674809,,75.22246843674809,75.22246843674809,72.0,72.0,,74.5,,75.99,75.20418386249322,75.2,75.2,75.22,75.22246843674809,8.0,11.0,9.5,61.0,66.0,63.5,417.9574,5.0,8.0,6.5
KIR,Kiribati,,,,,,83.96000000000001,,84.0,,85.0,1.039999999999992,82.01,,,,,,5.0,8.0,6.5,72.0,75.0,73.5,366.9276,4.0,7.0,5.5
PRK,"Korea, North",,,,,,102.7526689906257,,104.0,,104.6,1.847331009374301,99.89,,,,,,9.0,11.0,10.0,78.0,83.0,80.5,,8.0,12.0,10.0
KOR,"Korea, South",101.00583736428571,97.7343424469362,98.10087957051726,107.17685849189905,102.63886903120816,102.63886903120816,106.0,106.0,104.6,104.6,1.961130968791835,104.96,97.36749866291152,97.37,97.37,97.59,97.5858997494226,12.0,13.0,12.5,93.0,96.0,94.5,565.0503,20.0,26.0,23.0
KWT,Kuwait,89.02599474865663,88.05605054965316,88.02795491990564,69.21158447483035,78.61976969736799,78.61976969736799,,83.0,85.6,85.6,6.980230302632009,80.44,88.06862141626412,88.07,88.07,88.03,88.03067814391119,8.0,13.0,10.5,65.0,65.0,65.0,368.355,9.0,17.0,13.0
KGZ,Kyrgyzstan,86.93557690006662,86.93557690006662,86.93557690006662,71.24984809011985,79.09271249509324,79.09271249509324,,87.0,,74.8,,76.46,87.07982883492906,86.94,86.94,86.94,86.93557690006662,12.0,13.0,12.5,68.0,70.0,69.0,354.662,11.0,14.0,12.5
LAO,Laos,85.44374999999998,82.43947183098591,80.12453168685927,,80.12453168685927,80.12453168685927,,89.0,89.0,89.0,8.875468313140729,88.37,80.99259810791871,80.99,80.99,80.12,80.12453168685927,6.0,9.0,7.5,68.0,71.0,69.5,339.7734,3.0,7.0,5.0
LVA,Latvia,91.14460638079998,91.14460638079998,91.14460638079998,98.4906687488021,94.81763756480103,94.81763756480103,,97.0,,95.9,1.0823624351989736,97.31,91.14460638079998,91.14,91.14,91.14,91.14460638079998,13.0,14.0,13.5,84.0,87.0,85.5,510.0098,18.0,23.0,20.5
LBN,Lebanon,83.09999999999997,83.09999999999997,83.38846153846151,80.03279948209595,81.71063051027873,81.71063051027873,86.0,86.0,84.6,84.6,2.889369489721261,82.9,83.2973684210526,83.3,83.3,83.39,83.38846153846151,13.0,15.0,14.0,69.0,72.0,70.5,414.6213,14.0,18.0,16.0
LSO,Lesotho,,,,,,69.79818526640575,,72.0,,66.5,,66.04,,,,,,7.0,,7.0,54.0,,54.0,347.6396,3.0,,3.0
LBR,Liberia,,,,,,59.999999999999986,,65.0,,68.0,8.000000000000014,64.26,,,,,,,,,,,,284.1087,,,
LBY,Libya,77.84993589547635,79.46527948222453,79.83051841404959,,79.83051841404959,79.83051841404959,,84.0,85.0,85.0,5.1694815859504075,84.2,80.91792057355251,80.92,80.92,81.0,80.99845526770866,8.0,14.0,11.0,68.0,74.0,71.0,,8.0,16.0,12.0
LIE,Liechtenstein,,,,101.07357982825421,101.07357982825421,101.07357982825421,,,,100.3,,99.54,,,,,,,,,,,,527.9789,,,
LTU,Lithuania,93.80119106037579,94.18349026434112,94.87406853058171,97.21900703362947,96.04653778210559,96.04653778210559,,97.0,94.3,94.3,,95.04,94.53030563370515,94.53,94.53,94.73,94.7330287409028,13.0,13.0,13.0,84.0,86.0,85.0,512.6881,18.0,21.0,19.5
LUX,Luxembourg,,,,99.90266040935163,99.90266040935163,99.90266040935163,,101.0,,95.0,,97.73,,,,,,12.0,13.0,12.5,85.0,87.0,86.0,495.9385,21.0,25.0,23.0
MAC,Macau,,,,100.13903801110811,100.13903801110811,100.13903801110811,,,,99.9,,98.13,,,,,,,,,,,,528.9288,,,
MKD,Macedonia,,,,82.50572307777773,82.50572307777773,82.50572307777773,,93.0,,90.5,7.994276922222269,86.46,,,,,,11.0,13.0,12.0,75.0,75.0,75.0,417.156,15.0,18.0,16.5
MDG,Madagascar,,,,,,77.04060714348303,,79.0,82.0,82.0,4.9593928565169705,81.07,,,,,,5.0,,5.0,80.0,,80.0,318.5682,3.0,,3.0
MWI,Malawi,69.70399301086897,69.70399301086897,69.70399301086897,,69.70399301086897,69.70399301086897,,71.0,60.1,60.1,,60.43,69.70399301086897,69.7,69.7,69.7,69.70399301086897,,,,,,,293.8125,,,
MYS,Malaysia,87.21590081062075,88.28397245072738,88.31657564797001,89.26604282434766,88.79130923615884,88.79130923615884,92.0,92.0,91.7,91.7,2.9086907638411645,91.11,86.05000000000001,86.05,86.05,86.05,86.05000000000001,8.0,12.0,10.0,78.0,78.0,78.0,454.2159,8.0,15.0,11.5
MDV,Maldives,,,,,,80.50624395393496,,81.0,,81.0,0.49375604606504453,77.83,,,,,,7.0,11.0,9.0,68.0,74.0,71.0,,4.0,12.0,8.0
MLI,Mali,60.0,60.0,60.00000000000001,,60.00000000000001,60.00000000000001,,69.0,69.5,69.5,9.499999999999993,68.02,59.75999999999997,59.76,59.76,60.0,60.00000000000001,,,,,,,263.4047,,,
MLT,Malta,91.93410620596664,93.59873797694418,93.71161672485127,88.82445681756509,91.26803677120819,91.26803677120819,,95.0,95.3,95.3,4.03196322879181,94.54,93.66629726430642,93.67,93.67,93.71,93.71161672485127,10.0,12.0,11.0,82.0,82.0,82.0,470.8925,17.0,21.0,19.0
MNP,Mariana Islands,,,,,,81.89246166872822,,84.0,81.0,81.0,,80.02,,,,,,12.0,14.0,13.0,73.0,76.0,74.5,,15.0,18.0,16.5
MHL,Marshall Islands,83.96000000000001,83.96000000000001,83.96000000000001,,83.96000000000001,83.96000000000001,84.0,84.0,84.0,84.0,0.03999999999999204,83.15,83.96000000000001,83.96,83.96,83.96,83.96000000000001,9.0,11.0,10.0,73.0,76.0,74.5,,9.0,12.0,10.5
MRT,Mauritania,,,,,,60.000000000000014,,74.0,,74.0,13.999999999999986,74.08,,,,,,5.0,9.0,7.0,69.0,71.0,70.0,278.0977,3.0,7.0,5.0
MUS,Mauritius,86.82,86.82,86.82,86.30117270788915,86.56058635394457,86.56058635394457,,81.0,,88.0,1.4394136460554279,87.67,86.82,86.82,86.82,86.82,86.82,10.0,11.0,10.5,66.0,73.0,69.5,455.4983,8.0,12.0,10.0
MEX,Mexico,90.33656336102496,90.43643858297499,90.43643858297499,85.23443138268587,87.83543498283044,87.83543498283044,87.0,87.0,87.8,87.8,,85.55,90.43643858297499,90.44,90.44,90.44,90.43643858297499,9.0,10.0,9.5,70.0,74.0,72.0,435.0883,10.0,13.0,11.5
FSM,"Micronesia, Federated States of",,,,,,83.96000000000001,,84.0,,84.0,0.03999999999999204,80.96,,,,,,10.0,11.0,10.5,73.0,76.0,74.5,,8.0,12.0,10.0
MDA,Moldova,,,,90.19961123645778,90.19961123645778,90.19961123645778,,95.0,,92.0,1.800388763542216,90.64,,,,,,11.0,13.0,12.0,78.0,80.0,79.0,458.5083,13.0,18.0,15.5
MNG,Mongolia,99.35797870211249,99.35797870211249,99.35797870211249,82.69437369120335,91.02617619665793,91.02617619665793,,98.0,100.0,100.0,8.973823803342071,91.24,99.35797870211249,99.36,99.36,99.36,99.35797870211249,10.0,11.0,10.5,73.0,74.0,73.5,434.6187,9.0,12.0,10.5
MNE,Montenegro,,,,86.11290602124548,86.11290602124548,86.11290602124548,,,,85.9,,88.27,,,,,,12.0,13.0,12.5,80.0,79.0,79.5,429.1718,17.0,19.0,18.0
MAR,Morocco,73.3731953311668,68.7590381945881,68.61697729274016,69.9189719002055,69.26797459647284,69.26797459647284,85.0,85.0,82.4,82.4,13.132025403527166,75.35,68.72627335240433,68.73,68.73,68.7,68.7021521377393,6.0,11.0,8.5,58.0,62.0,60.0,348.3888,5.0,10.0,7.5
MOZ,Mozambique,,,,,,72.45300961485687,,72.0,69.5,69.5,,77.87,,,,,,,,,,,,373.5743,,,
MMR,Myanmar,,,,,,90.79690277514848,,86.0,,85.0,,82.01,,,,,,6.0,9.0,7.5,68.0,72.0,70.0,436.744,3.0,8.0,5.5
NAM,Namibia,66.19438314685002,66.19438314685002,66.19438314685002,,66.19438314685002,66.19438314685002,,72.0,70.4,70.4,4.205616853149991,68.24,66.19438314685002,66.19,66.19,66.19,66.19438314685002,8.0,11.0,9.5,51.0,57.0,54.0,354.5742,4.0,6.0,5.0
NPL,Nepal,60.0,60.0,60.0,,60.0,60.0,78.0,78.0,78.0,78.0,18.0,76.89,42.98873014163005,42.99,42.99,60.0,60.0,,9.0,9.0,,69.0,69.0,340.5283,,7.0,7.0
NLD,Netherlands,101.0508294568292,100.13131573889504,100.36227257763122,101.1655593925596,100.76391598509541,100.76391598509541,102.0,102.0,100.4,100.4,,101.23,100.18643822981127,100.19,100.19,100.32,100.32338784695389,12.0,14.0,13.0,89.0,89.0,89.0,533.648,23.0,27.0,25.0
ANT,Netherlands Antilles,80.01445279999999,80.01445279999999,80.01445279999999,,80.01445279999999,80.01445279999999,,,87.0,87.0,6.985547200000013,86.28,80.01445279999999,80.01,80.01,80.01,80.01445279999999,,,,,,,,,,
NCL,New Caledonia,,,,,,94.15957621545607,,,,85.0,,84.2,,,,,,,,,,,,,,,
NZL,New Zealand,99.9161,100.46351566265061,100.60268974668276,98.03764141382815,99.32016558025546,99.32016558025546,100.0,100.0,98.9,98.9,,99.85,99.01276779355582,99.01,99.01,99.58,99.57868074199297,11.0,13.0,12.0,85.0,86.0,85.5,517.2933,19.0,22.0,20.5
NIC,Nicaragua,61.16,60.35248618784531,60.21673129053289,,60.21673129053289,60.21673129053289,,84.0,,84.0,23.78326870946711,81.4,52.689273855738854,52.69,52.69,60.22,60.21673129053289,7.0,9.0,8.0,66.0,68.0,67.0,409.7143,7.0,11.0,9.0
NER,Niger,,,,,,70.86518010034624,,67.0,,70.0,,66.35,,,,,,,,,,,,276.1302,,,
NGA,Nigeria,72.66042072558625,67.86762698798127,67.82970081398378,,67.82970081398378,67.82970081398378,67.0,67.0,71.2,71.2,3.3702991860162257,75.21,67.76423011107674,67.8,67.8,67.83,67.8287104904437,8.0,,8.0,64.0,,64.0,261.8287,3.0,,3.0
NOR,Norway,100.87764027499996,100.54158122416354,102.24818800808542,94.79136998175225,98.51977899491884,98.51977899491884,98.0,98.0,97.2,97.2,,98.33,99.50865547970676,99.51,99.51,99.66,99.65645755440448,12.0,13.0,12.5,83.0,86.0,84.5,495.5166,21.0,25.0,23.0
OMN,Oman,85.1610178896808,83.50309161716838,83.77904626698137,74.10213724066648,78.94059175382392,78.94059175382392,,83.0,84.5,84.5,5.559408246176076,81.37,83.29824356553158,83.3,83.3,83.32,83.31968918856047,8.0,12.0,10.0,67.0,74.0,70.5,405.5205,6.0,14.0,10.0
PAK,Pakistan,81.8563547999818,79.75106814319682,80.04897108727721,,80.04897108727721,80.04897108727721,,81.0,84.0,84.0,3.9510289127227907,83.15,80.00430873518695,80.0,80.0,80.05,80.05108600393172,5.0,9.0,7.0,66.0,68.0,67.0,280.8463,3.0,6.0,4.5
PAN,Panama,,,,78.81547867569434,78.81547867569434,78.81547867569434,,85.0,,80.0,1.1845213243056634,81.05,,,,,,10.0,12.0,11.0,68.0,69.0,68.5,392.5971,11.0,15.0,13.0
PNG,Papua New Guinea,,,,,,78.7937589429188,,84.0,83.4,83.4,4.606241057081206,81.59,,,,,,4.0,,4.0,71.0,,71.0,357.3704,2.0,,2.0
PRY,Paraguay,,,,,,84.65647210730103,,85.0,84.0,84.0,,82.37,,,,,,8.0,11.0,9.5,64.0,67.0,65.5,389.0865,9.0,14.0,11.5
PER,Peru,81.59047560087727,85.56618461656014,85.34476284320961,78.84862585760652,82.09669435040806,82.09669435040806,90.0,90.0,84.2,84.2,2.1033056495919453,81.73,85.39406944637041,85.39,85.39,85.34,85.34476284320961,10.0,11.0,10.5,66.0,70.0,68.0,396.1988,9.0,13.0,11.0
PHL,Philippines,90.10844735646235,92.72714947494435,92.28645044866357,73.56080167786808,82.92362606326583,82.92362606326583,86.0,86.0,86.1,86.1,3.1763739367341657,80.36,92.47481976274742,92.47,92.47,92.29,92.28645044866357,10.0,12.0,11.0,63.0,64.0,63.5,371.7499,7.0,10.0,8.5
POL,Poland,97.08899972375453,94.17779782325665,94.52995463798939,98.22280039113171,96.37637751456055,96.37637751456055,99.0,99.0,96.1,96.1,,97.47,94.61592606285198,94.62,94.62,94.74,94.74375780645215,12.0,14.0,13.0,86.0,87.0,86.5,516.2302,17.0,23.0,20.0
PRT,Portugal,88.42220083254193,89.22193849429837,89.42119180116582,96.15940815073559,92.7902999759507,92.7902999759507,95.0,95.0,94.4,94.4,1.6097000240493031,93.5,89.50354020900716,89.71,89.71,89.65,89.65436624957192,9.0,11.0,10.0,82.0,86.0,84.0,502.7092,15.0,20.0,17.5
PRI,Puerto Rico,87.53955482893403,82.0828212301628,81.88613175763781,,81.88613175763781,81.88613175763781,84.0,84.0,83.5,83.5,1.6138682423621873,81.59,81.9851357695249,81.99,81.99,81.89,81.88613175763781,13.0,13.0,13.0,71.0,73.0,72.0,,16.0,18.0,17.0
QAT,Qatar,85.5761528032433,85.5761528032433,85.5761528032433,76.38007987614338,80.97811633969334,80.97811633969334,78.0,78.0,80.1,80.1,,81.66,85.5761528032433,85.58,85.58,85.58,85.5761528032433,10.0,11.0,10.5,64.0,70.0,67.0,387.8694,10.0,15.0,12.5
ROU,Romania,88.43365277998834,82.83461210547128,83.187702247704,90.62359587764713,86.90564906267556,86.90564906267556,94.0,94.0,91.0,91.0,4.094350937324435,90.34,83.10713408832869,83.11,83.11,83.19,83.187702247704,11.0,13.0,12.0,80.0,79.0,79.5,461.113,15.0,18.0,16.5
RUS,Russia,96.15476883468834,96.38718201550388,96.14996333581638,99.7175876072692,97.93377547154279,97.93377547154279,96.0,96.0,96.6,96.6,,97.38,92.94535355401591,92.95,92.95,93.18,96.14996333581638,11.0,12.0,11.5,86.0,90.0,88.0,517.6613,15.0,19.0,17.0
RWA,Rwanda,,,,,,70.22754664945913,,70.0,76.0,76.0,5.7724533505408715,74.8,,,,,,,8.0,8.0,,62.0,62.0,308.1743,,6.0,6.0
SHN,"Saint Helena, Ascension, and Tristan da Cunha",,,,,,68.98863466564454,,,,86.0,17.01136533435546,83.05,,,,,,,,,,,,,,,
LCA,Saint Lucia,,,,,,73.7106612352206,,,62.0,62.0,,60.19,,,,,,7.0,11.0,9.0,70.0,72.0,71.0,,7.0,14.0,10.5
VCT,Saint Vincent and the Grenadines,63.4208640130815,63.4208640130815,63.4208640130815,,63.4208640130815,63.4208640130815,,,71.0,71.0,7.5791359869185015,69.59,63.4208640130815,63.42,63.42,63.42,63.4208640130815,6.0,9.0,7.5,68.0,71.0,69.5,,7.0,11.0,9.0
WSM,Samoa,,,,,,83.96000000000001,87.0,87.0,88.0,88.0,4.039999999999992,87.33,,,,,,9.0,11.0,10.0,76.0,78.0,77.0,,11.0,15.0,13.0
STP,Sao Tome and Principe,,,,,,65.48916602135579,,59.0,,67.0,1.5108339786442144,63.22,,,,,,7.0,9.0,8.0,62.0,66.0,64.0,,4.0,7.0,5.5
SAU,Saudi Arabia,78.63394944001485,78.52133345002702,78.77846535868929,76.80668687035002,77.79257611451965,77.79257611451965,,83.0,79.6,79.6,1.8074238854803468,78.44,78.48338830861422,78.48,78.48,78.73,78.72562296465054,8.0,14.0,11.0,63.0,68.0,65.5,394.9916,7.0,17.0,12.0
SEN,Senegal,,,,,,60.000000000000014,,65.0,70.5,70.5,10.499999999999986,69.06,,,,,,,,,,,,327.6022,,,
SRB,Serbia,87.28128040685579,87.48619137815761,87.88686985182984,91.52425836320114,89.7055641075155,89.7055641075155,,93.0,90.3,90.3,0.5944358924844977,91.08,87.82010447213742,87.82,87.82,87.89,87.88686985182984,12.0,13.0,12.5,81.0,82.0,81.5,474.9976,17.0,20.0,18.5
SYC,Seychelles,78.75999999999999,78.75999999999999,78.75999999999999,,78.75999999999999,78.75999999999999,,81.0,,84.4,5.640000000000015,82.5,78.75999999999999,78.76,78.76,78.76,78.75999999999999,10.0,11.0,10.5,67.0,72.0,69.5,456.522,10.0,14.0,12.0
SLE,Sierra Leone,60.0,60.0,59.99999999999999,,59.99999999999999,59.99999999999999,64.0,64.0,64.0,64.0,4.000000000000007,62.28,45.07451526273404,45.07,45.07,60.0,59.99999999999999,,,,,,,244.8024,,,
SGP,Singapore,101.99310273741999,103.74711393235962,105.10718141825723,107.24136439028673,106.17427290427199,106.17427290427199,103.0,103.0,107.1,107.1,0.925727095728007,105.29,104.58458041392767,104.58,104.58,105.11,105.10718141825723,10.0,12.0,11.0,94.0,98.0,96.0,578.5142,17.0,24.0,20.5
SVK,Slovakia,95.31822500000003,95.31822500000003,95.31822500000003,97.24736353455039,96.28279426727521,96.28279426727521,96.0,96.0,98.0,98.0,1.7172057327247927,98.2,95.31822500000003,95.32,95.32,95.32,95.31822500000003,12.0,13.0,12.5,87.0,85.0,86.0,503.1807,18.0,21.0,19.5
SVN,Slovenia,97.75783422258327,98.33796398840401,98.82515000029997,98.57534783979584,98.7002489200479,98.7002489200479,95.0,95.0,97.6,97.6,,97.88,98.5977482297888,98.6,98.6,98.74,98.73664501362983,12.0,14.0,13.0,86.0,86.0,86.0,516.3006,18.0,23.0,20.5
SLB,Solomon Islands,,,,,,83.96000000000001,,84.0,,83.0,,79.92,,,,,,5.0,8.0,6.5,72.0,75.0,73.5,328.967,4.0,7.0,5.5
SOM,Somalia,67.67491892113637,67.67491892113637,67.67491892113637,,67.67491892113637,67.67491892113637,,68.0,,72.0,4.325081078863633,68.44,67.67491892113637,67.67,67.67,67.67,67.67491892113637,,,,,,,,,,
ZAF,South Africa,74.54231382914752,79.63833851185125,79.5963705328115,60.0,69.79818526640575,69.79818526640575,72.0,72.0,71.6,71.6,1.8018147335942416,70.23,79.19625159526082,79.2,79.2,79.59,79.59465718932759,10.0,12.0,11.0,53.0,58.0,55.5,351.99,6.0,7.0,6.5
SSD,South Sudan,63.108931864572696,60.113435463799,60.114141404905396,,60.114141404905396,60.114141404905396,,,,,,,58.61219026556507,58.61,58.61,60.11,60.114141404905396,,,,,,,278.7276,,,
ESP,Spain,92.58901813471778,93.11562627676052,92.55959275987779,95.48413342968979,94.02186309478378,94.02186309478378,97.0,97.0,96.6,96.6,2.578136905216212,96.76,92.32346929163354,92.32,92.32,92.26,92.25965701062785,10.0,11.0,10.5,85.0,86.0,85.5,502.0695,18.0,20.0,19.0
LKA,Sri Lanka,91.31371522444446,86.62197585198366,86.61811035157457,,86.61811035157457,86.61811035157457,,81.0,79.0,79.0,,77.94,86.61895963854481,86.62,86.62,86.62,86.61811035157457,9.0,13.0,11.0,70.0,75.0,72.5,400.0,7.0,13.0,10.0
SDN,Sudan,77.0575009195885,78.10887023985595,77.95458516472871,,77.95458516472871,77.95458516472871,72.0,72.0,77.5,77.5,,76.37,78.87409984169602,78.87,77.91,77.83,77.82557281871084,6.0,10.0,8.0,62.0,67.0,64.5,360.6543,3.0,7.0,5.0
SUR,Suriname,,,,,,91.60888460309923,89.0,89.0,89.0,89.0,,88.37,,,,,,8.0,10.0,9.0,68.0,70.0,69.0,,8.0,11.0,9.5
SWZ,Swaziland,,,,,,69.79818526640575,,72.0,,75.4,5.601814733594253,75.64,,,,,,8.0,10.0,9.0,54.0,56.0,55.0,422.9953,5.0,5.0,5.0
SWE,Sweden,96.44,96.44,96.44,99.08645988417798,97.763229942089,97.763229942089,101.0,101.0,98.6,98.6,0.8367700579109965,99.81,94.96361702916005,94.96,94.96,94.92,94.9220305681742,12.0,13.0,12.5,87.0,87.0,87.0,516.5414,22.0,24.0,23.0
CHE,Switzerland,99.70935364583333,97.62054656502225,97.56850619051657,101.10343144392144,99.335968817219,99.335968817219,101.0,101.0,100.2,100.2,0.8640311827810052,100.34,97.26455130221038,97.26,97.26,97.27,97.27451308662292,11.0,13.0,12.0,88.0,88.0,88.0,524.1566,20.0,25.0,22.5
SYR,Syria,72.85445318634936,72.98499916989596,72.98630382976555,75.83381903468994,74.41006143222774,74.41006143222774,,87.0,82.0,82.0,7.589938567772265,82.37,72.98710162653076,72.99,72.99,72.99,72.98720586009642,9.0,13.0,11.0,64.0,69.0,66.5,403.589,7.0,12.0,9.5
TWN,Taiwan,106.94188641727543,108.79909224346352,109.04000952219802,104.13581146453794,106.58791049336799,106.58791049336799,104.0,104.0,104.6,104.6,,103.01,108.68956958607794,108.69,108.69,108.71,108.71264858397157,13.0,14.0,13.5,93.0,95.0,94.0,557.957,21.0,26.0,23.5
TJK,Tajikistan,87.71476303333336,87.71476303333336,87.71476303333336,,87.71476303333336,87.71476303333336,,87.0,,80.0,,82.45,87.71476303333336,87.71,87.71,87.71,87.71476303333336,11.0,11.0,11.0,76.0,76.0,76.0,478.4159,10.0,11.0,10.5
TZA,Tanzania,71.33072943912556,74.55094724092238,74.76304981009875,,74.76304981009875,74.76304981009875,72.0,72.0,73.0,73.0,,73.57,74.9547890762073,74.95,74.95,74.76,74.76304981009875,,9.0,9.0,,64.0,64.0,415.5146,,6.0,6.0
THA,Thailand,87.4670685854212,88.5210635626345,90.30056848793333,87.88473868094181,89.09265358443757,89.09265358443757,91.0,91.0,89.9,89.9,0.807346415562435,89.72,89.78157058158108,89.78,89.88,90.3,90.30056848793333,9.0,13.0,11.0,76.0,77.0,76.5,445.3512,8.0,16.0,12.0
TLS,Timor-Leste,,,,,,78.7937589429188,,,,85.0,6.2062410570812006,82.01,,,,,,7.0,11.0,9.0,69.0,72.0,70.5,341.0854,4.0,8.0,6.0
TGO,Togo,,,,,,65.03653137291863,,69.0,,70.0,4.963468627081369,66.35,,,,,,5.0,9.0,7.0,63.0,64.0,63.5,336.1701,3.0,6.0,4.5
TON,Tonga,,,,,,83.96000000000001,87.0,87.0,86.0,86.0,2.039999999999992,85.24,,,,,,10.0,11.0,10.5,76.0,77.0,76.5,349.3031,11.0,14.0,12.5
TTO,Trinidad and Tobago,,,,85.62754548983699,85.62754548983699,85.62754548983699,,80.0,86.4,86.4,0.7724545101630156,88.04,,,,,,8.0,9.0,8.5,75.0,76.0,75.5,445.6272,10.0,12.0,11.0
TUN,Tunisia,,,,79.2210365316352,79.2210365316352,79.2210365316352,,84.0,85.4,85.4,6.178963468364799,85.65,,,,,,9.0,13.0,11.0,64.0,68.0,66.0,391.6288,8.0,15.0,11.5
TUR,Turkey,89.97339383596359,87.11262390195064,87.14736008341929,87.14081336398749,87.1440867237034,87.1440867237034,90.0,90.0,89.4,89.4,2.25591327629661,86.33,86.65687470588234,86.66,86.66,87.15,87.14736008341929,8.0,14.0,11.0,73.0,79.0,76.0,462.5486,8.0,20.0,14.0
TKM,Turkmenistan,,,,,,85.49227084980328,,87.0,,80.0,,81.88,,,,,,11.0,10.0,10.5,75.0,77.0,76.0,,10.0,13.0,11.5
TCA,Turks and Caicos Islands,,,,,,84.20502960749467,,,,,,,,,,,,,,,,,,,,,
UGA,Uganda,67.73202451042515,75.74726459984784,76.47705422914173,,76.47705422914173,76.47705422914173,73.0,73.0,71.7,71.7,,70.27,76.41983656539571,76.42,76.42,76.48,76.47705422914173,,,,,,,348.6825,,,
UKR,Ukraine,88.60664639999996,88.60664639999996,88.60664639999996,92.62896255283633,90.61780447641814,90.61780447641814,,96.0,94.3,94.3,3.6821955235818535,93.51,88.60664639999996,88.61,88.61,88.61,88.60664639999996,13.0,14.0,13.5,80.0,82.0,81.0,478.3699,17.0,20.0,18.5
ARE,United Arab Emirates,79.47521010833333,79.47521010833333,79.47521010833333,84.59684243260709,82.03602627047022,82.03602627047022,,83.0,87.1,87.1,5.063973729529778,89.06,79.47521010833333,79.48,79.48,79.48,79.47521010833333,11.0,13.0,12.0,72.0,77.0,74.5,451.1339,10.0,16.0,13.0
GBR,United Kingdom,98.18057699714359,99.24807035553407,99.32375402193087,99.9999554245655,99.66185472324818,99.66185472324818,100.0,100.0,99.1,99.1,,100.0,98.23423174887004,98.23,98.35,98.44,98.44204459236383,11.0,12.0,11.5,87.0,88.0,87.5,519.4038,19.0,22.0,20.5
USA,United States,92.7715264885485,,95.93890358763622,99.06980854283347,97.50435606523484,97.50435606523484,98.0,98.0,97.5,97.5,,98.64,95.86300357697652,95.86,95.86,95.91,95.91417982848141,13.0,12.0,12.5,87.0,89.0,88.0,521.2767,22.0,23.0,22.5
URY,Uruguay,,,,87.60702726327536,87.60702726327536,87.60702726327536,96.0,96.0,90.6,90.6,2.9929727367246386,90.31,,,,,,9.0,11.0,10.0,75.0,76.0,75.5,446.6065,12.0,15.0,13.5
UZB,Uzbekistan,89.00641551681042,89.00641551681042,89.00641551681042,,89.00641551681042,89.00641551681042,,87.0,,80.0,,82.43,89.61366923639659,89.01,89.01,89.01,89.00641551681042,11.0,12.0,11.5,76.0,78.0,77.0,,11.0,14.0,12.5
VUT,Vanuatu,,,,,,94.15957621545607,,84.0,,84.0,,80.96,,,,,,7.0,9.0,8.0,72.0,75.0,73.5,317.0284,5.0,8.0,6.5
VEN,Venezuela,81.04666666666667,81.54830845771144,82.37312605610003,83.74253731343283,83.05783168476643,83.05783168476643,,89.0,83.5,83.5,0.44216831523357314,82.33,82.23349522740033,82.23,82.23,82.37,82.37312605610003,9.0,12.0,10.5,66.0,71.0,68.5,432.937,10.0,15.0,12.5
VNM,Vietnam,77.39425479339246,77.95204886397835,77.843194723525,101.37342317696202,89.60830895024351,89.60830895024351,,96.0,94.0,94.0,4.3916910497564885,93.59,77.84793280483323,77.85,77.85,77.84,77.843194723525,8.0,11.0,9.5,77.0,82.0,79.5,520.6438,7.0,14.0,10.5
VGB,Virgin Islands,,,,,,76.56618121730016,,,,,,,,,,,,12.0,13.0,12.5,74.0,74.0,74.0,,16.0,18.0,17.0
YEM,Yemen,73.16913422544643,72.17651963864928,72.22918385099244,60.0,66.11459192549623,66.11459192549623,,83.0,80.5,80.5,14.385408074503772,69.98,72.225467190256,72.23,72.23,72.23,72.22918385099244,,,,,,,254.7073,,,
ZMB,Zambia,,,,,,68.84231119288428,77.0,77.0,74.0,74.0,5.1576888071157185,68.85,,,,,,7.0,,7.0,51.0,,51.0,301.4299,3.0,,3.0
ZWE,Zimbabwe,74.0062144,74.00621439999999,74.0062144,,74.0062144,74.0062144,66.0,66.0,72.1,72.1,,71.19,74.0062144,74.01,74.01,74.01,74.0062144,9.0,11.0,10.0,54.0,56.0,55.0,388.1569,5.0,5.0,5.0
