sample_id,iso3,country,year,IQ,n_individuals,test_type,Region,population,IQ_national
AGO7765,AGO,Angola,2013,75.1,19.0,WIS,Sub-Saharan Africa,29310273.0,75.1
ARG8078,ARG,Argentina,1948,86.2212581448,1680.0,RPM,Latin America & Caribbean,43886748.0,87.46316180009295
ARG2424,ARG,Argentina,1964,89.51733390640001,880.0,RPM,Latin America & Caribbean,43886748.0,87.46316180009295
ARG8081,ARG,Argentina,1996,104.52186666666668,420.0,RPM,Latin America & Caribbean,43886748.0,87.46316180009295
ARG2485,ARG,Argentina,1997,100.5950203112,1740.0,RPM,Latin America & Caribbean,43886748.0,87.46316180009295
ARG2436,ARG,Argentina,1998,99.70005819999997,1390.0,RPM,Latin America & Caribbean,43886748.0,87.46316180009295
AUS5624,AUS,Australia,1980,97.99766666666667,640.0,RPM,East Asia & Pacific,22992654.0,99.19856306611274
AUS3651,AUS,Australia,1986,105.83279095645207,666.6666666666667,RPM,East Asia & Pacific,22992654.0,99.19856306611274
AUS4319,AUS,Australia,1986,100.28304733333331,3333.3333333333335,RPM,East Asia & Pacific,22992654.0,99.19856306611274
AUS4314,AUS,Australia,2005,93.59782868361667,615.0,RPM,East Asia & Pacific,22992654.0,99.19856306611274
AUS5488,AUS,Australia,2016,96.32748683919999,455.0,RPM,East Asia & Pacific,22992654.0,99.19856306611274
AUS3074,AUS,Australia,2017,98.39273104719999,252.0,RPM,East Asia & Pacific,22992654.0,99.19856306611274
AUT6231,AUT,Austria,1991,98.87204902289997,81.0,RPM,Europe & Central Asia,8711770.0,99.76525160283995
AUT2215,AUT,Austria,2008,119.23210385625,51.0,RPM,Europe & Central Asia,8711770.0,99.76525160283995
AUT4153,AUT,Austria,2008,88.57819756750334,71.0,RPM,Europe & Central Asia,8711770.0,99.76525160283995
BHS6343,BHS,"Bahamas, The",1988,87.28999999999999,694.0,OLSAT,Latin America & Caribbean,327316.0,86.94749659863945
BHS4254,BHS,"Bahamas, The",1999,81.14999999999998,29.0,WIS,Latin America & Caribbean,327316.0,86.94749659863945
BHR9522,BHR,Bahrain,2015,86.81909626719056,1018.0,WIS,Middle East & North Africa,1378904.0,83.60100933649022
BGD7140,BGD,Bangladesh,1995,88.46000000000001,246.0,MSE,South Asia,156186882.0,74.35863487851384
BGD7433,BGD,Bangladesh,1995,75.66,426.0,MSE,South Asia,156186882.0,74.35863487851384
BGD1844,BGD,Bangladesh,2004,75.63176411290323,3964.0,RPM,South Asia,156186882.0,74.35863487851384
BGD3896,BGD,Bangladesh,2004,71.91999999999999,4111.0,WIS,South Asia,156186882.0,74.35863487851384
BGD9287,BGD,Bangladesh,2004,72.38,296.0,WIS,South Asia,156186882.0,74.35863487851384
BRB1174,BRB,Barbados,1987,88.58166666666666,58.0,WIS,Latin America & Caribbean,291495.0,91.6876385076751
BRB6124,BRB,Barbados,2014,94.14999999999999,59.0,WIS,Latin America & Caribbean,291495.0,91.6876385076751
BLR4679,BLR,Belarus,2003,97.7,6912.0,WIS,Europe & Central Asia,9570376.0,98.39933401571972
BLR3775,BLR,Belarus,2003,105.5,6912.0,WIS,Europe & Central Asia,9570376.0,98.39933401571972
BEL2726,BEL,Belgium,1997,96.63423076923077,104.0,WIS,Europe & Central Asia,11409077.0,98.27021911016558
BEL5263,BEL,Belgium,1998,98.79999999999997,761.0,WIS,Europe & Central Asia,11409077.0,98.27021911016558
BEN3861,BEN,Benin,2017,70.35899155794769,4054.0,RPM,Sub-Saharan Africa,11038805.0,70.35899155794769
BMU6957,BMU,Bermuda,1976,85.82,89.0,WIS,Latin America & Caribbean,70537.0,93.19469974715551
BMU2904,BMU,Bermuda,1985,95.58,163.0,SBIS,Latin America & Caribbean,70537.0,93.19469974715551
BMU3524,BMU,Bermuda,1985,93.23,163.0,SBIS,Latin America & Caribbean,70537.0,93.19469974715551
BMU2475,BMU,Bermuda,1988,95.16,200.0,SBIS,Latin America & Caribbean,70537.0,93.19469974715551
BOL4654,BOL,Bolivia,1970,67.94999999999999,94.0,SBIS,Latin America & Caribbean,10969649.0,77.34942307692307
BOL1444,BOL,Bolivia,2006,91.38,41.0,WIS,Latin America & Caribbean,10969649.0,77.34942307692307
BOL1632,BOL,Bolivia,2006,92.03,21.0,WIS,Latin America & Caribbean,10969649.0,77.34942307692307
BIH1725,BIH,Bosnia and Herzegovina,2005,93.08230928024422,239.0,RPM,Europe & Central Asia,3861912.0,88.05731899737054
BIH6364,BIH,Bosnia and Herzegovina,2005,88.76494287519998,266.0,RPM,Europe & Central Asia,3861912.0,88.05731899737054
BWA2323,BWA,Botswana,1995,76.06157116051497,140.0,RPM,Sub-Saharan Africa,2209208.0,69.44598733204616
BRA4770,BRA,Brazil,1988,82.33750714285713,1417.0,RPM,Latin America & Caribbean,205823665.0,83.48832937018817
BRA9512,BRA,Brazil,1990,89.96201301120004,562.0,RPM,Latin America & Caribbean,205823665.0,83.48832937018817
BRA2002,BRA,Brazil,2000,66.38821519999999,223.0,RPM,Latin America & Caribbean,205823665.0,83.48832937018817
BRA2511,BRA,Brazil,2000,97.061,186.0,RPM,Latin America & Caribbean,205823665.0,83.48832937018817
BRA8353,BRA,Brazil,2000,77.76450879999999,718.0,RPM,Latin America & Caribbean,205823665.0,83.48832937018817
BRA9745,BRA,Brazil,2000,91.40690000000001,735.0,RPM,Latin America & Caribbean,205823665.0,83.48832937018817
BRA6746,BRA,Brazil,2000,87.64910178330001,243.0,RPM,Latin America & Caribbean,205823665.0,83.48832937018817
BRA8720,BRA,Brazil,2001,94.77137465160001,87.0,RPM,Latin America & Caribbean,205823665.0,83.48832937018817
BRA4066,BRA,Brazil,2004,84.32857550165713,779.0,RPM,Latin America & Caribbean,205823665.0,83.48832937018817
BRA9771,BRA,Brazil,2004,94.00666666666667,83.0,SON-R,Latin America & Caribbean,205823665.0,83.48832937018817
BRA2643,BRA,Brazil,2006,87.73813819999998,374.0,RPM,Latin America & Caribbean,205823665.0,83.48832937018817
BRA3233,BRA,Brazil,2007,84.46291368000001,169.0,RPM,Latin America & Caribbean,205823665.0,83.48832937018817
BRA3543,BRA,Brazil,2007,92.1610265,372.0,RPM,Latin America & Caribbean,205823665.0,83.48832937018817
BRA6909,BRA,Brazil,2007,97.14299505999998,100.0,RPM,Latin America & Caribbean,205823665.0,83.48832937018817
BRA2126,BRA,Brazil,2007,65.3778336448,59.0,RPM,Latin America & Caribbean,205823665.0,83.48832937018817
BRA4813,BRA,Brazil,2007,91.35883692499999,143.0,RPM,Latin America & Caribbean,205823665.0,83.48832937018817
BRA1537,BRA,Brazil,2008,83.13916479999997,160.0,RPM,Latin America & Caribbean,205823665.0,83.48832937018817
BRA1430,BRA,Brazil,2008,95.40652069434174,55.0,RPM,Latin America & Caribbean,205823665.0,83.48832937018817
BRA7075,BRA,Brazil,2008,85.04317154999998,174.0,RPM,Latin America & Caribbean,205823665.0,83.48832937018817
BRA7840,BRA,Brazil,2008,96.18876309999999,197.0,RPM,Latin America & Caribbean,205823665.0,83.48832937018817
BRA2545,BRA,Brazil,2008,83.9657291375,239.0,RPM,Latin America & Caribbean,205823665.0,83.48832937018817
BRA1328,BRA,Brazil,2008,76.72,83.0,WIS,Latin America & Caribbean,205823665.0,83.48832937018817
BRA3185,BRA,Brazil,2010,95.00252198250004,215.0,RPM,Latin America & Caribbean,205823665.0,83.48832937018817
BRA9335,BRA,Brazil,2014,85.6725497498,355.0,RPM,Latin America & Caribbean,205823665.0,83.48832937018817
BGR1307,BGR,Bulgaria,1982,87.15714285714287,1456.0,CFT,Europe & Central Asia,7144653.0,91.00755203306545
BFA9496,BFA,Burkina Faso,2008,73.79999999999997,4635.0,WIS,Sub-Saharan Africa,19512533.0,73.79999999999997
KHM2888,KHM,Cambodia,1993,60.0,44.0,CFT,East Asia & Pacific,15957223.0,99.73442485006788
KHM9181,KHM,Cambodia,1993,80.20339657301201,306.0,RPM,East Asia & Pacific,15957223.0,99.73442485006788
KHM4764,KHM,Cambodia,2016,101.68047700854166,2831.0,RPM,East Asia & Pacific,15957223.0,99.73442485006788
CAN3280,CAN,Canada,1972,91.21645269999999,219.0,RPM,North America,35362905.0,99.61769520836125
CAN7766,CAN,Canada,1976,76.02494999999999,100.0,WIS,North America,35362905.0,99.61769520836125
CAN8547,CAN,Canada,1976,75.32916666666667,60.0,WIS,North America,35362905.0,99.61769520836125
CAN8614,CAN,Canada,1979,96.2022,313.0,RPM,North America,35362905.0,99.61769520836125
CAN7598,CAN,Canada,1994,97.8,1100.0,WIS,North America,35362905.0,99.61769520836125
CAN9881,CAN,Canada,1995,68.46485707642844,304.0,RPM,North America,35362905.0,99.61769520836125
CAN1036,CAN,Canada,1997,103.60000000000001,548.0,WIS,North America,35362905.0,99.61769520836125
CAN3879,CAN,Canada,1997,102.80000000000001,542.0,WIS,North America,35362905.0,99.61769520836125
CAN8210,CAN,Canada,2008,101.11999999999999,362.0,WIS,North America,35362905.0,99.61769520836125
CAN3009,CAN,Canada,2008,102.0,681.0,WIS,North America,35362905.0,99.61769520836125
CHL1702,CHL,Chile,2000,88.32824199999999,1685.0,RPM,Latin America & Caribbean,17650114.0,87.95281371764987
CHL5835,CHL,Chile,2000,99.69125713301942,391.0,RPM,Latin America & Caribbean,17650114.0,87.95281371764987
CHL2160,CHL,Chile,2006,87.82999999999998,108.0,WIS,Latin America & Caribbean,17650114.0,87.95281371764987
CHL5103,CHL,Chile,2006,88.13999999999999,107.0,WIS,Latin America & Caribbean,17650114.0,87.95281371764987
CHL2393,CHL,Chile,2012,75.50440246520101,102.0,RPM,Latin America & Caribbean,17650114.0,87.95281371764987
CHN7424,CHN,China,1980,101.82000000000001,352.0,WIS,East Asia & Pacific,1373541278.0,102.83677451852913
CHN4119,CHN,China,1984,106.1,660.0,WIS,East Asia & Pacific,1373541278.0,102.83677451852913
CHN3286,CHN,China,1986,92.39067369072326,5108.0,RPM,East Asia & Pacific,1373541278.0,102.83677451852913
CHN9787,CHN,China,1986,99.76477842105265,5108.0,RPM,East Asia & Pacific,1373541278.0,102.83677451852913
CHN1744,CHN,China,1992,118.59203486238982,1497.0,RPM,East Asia & Pacific,1373541278.0,102.83677451852913
CHN3239,CHN,China,1992,113.805575,1799.0,RPM,East Asia & Pacific,1373541278.0,102.83677451852913
CHN7665,CHN,China,2016,94.07997078642606,750.0,RPM,East Asia & Pacific,1373541278.0,102.83677451852913
COL7447,COL,Colombia,1969,67.72,14.0,WIS,Latin America & Caribbean,47220856.0,83.02690308140578
COL9733,COL,Colombia,1972,82.71333333333334,353.0,SBIS,Latin America & Caribbean,47220856.0,83.02690308140578
COL8578,COL,Colombia,2011,87.68499999999999,423.0,WIS,Latin America & Caribbean,47220856.0,83.02690308140578
COD7120,COD,"Congo, Democratic Republic of the",1993,60.0,30.0,KABC,Sub-Saharan Africa,81331050.0,65.67152085008358
COD5527,COD,"Congo, Democratic Republic of the",1993,65.70999999999998,97.0,KABC,Sub-Saharan Africa,81331050.0,65.67152085008358
COD7002,COD,"Congo, Democratic Republic of the",1993,63.309999999999974,97.0,KABC,Sub-Saharan Africa,81331050.0,65.67152085008358
COD1719,COD,"Congo, Democratic Republic of the",1993,67.63499999999998,32.0,KABC,Sub-Saharan Africa,81331050.0,65.67152085008358
COD3826,COD,"Congo, Democratic Republic of the",1993,60.0,23.0,KABC,Sub-Saharan Africa,81331050.0,65.67152085008358
COD8886,COD,"Congo, Democratic Republic of the",1995,60.0,87.0,KABC,Sub-Saharan Africa,81331050.0,65.67152085008358
COD5179,COD,"Congo, Democratic Republic of the",2002,68.15690000000001,155.0,RPM,Sub-Saharan Africa,81331050.0,65.67152085008358
COD7480,COD,"Congo, Democratic Republic of the",2002,68.15690000000001,28.0,RPM,Sub-Saharan Africa,81331050.0,65.67152085008358
COG6635,COG,"Congo, Republic of the",1994,62.96627639999999,88.0,RPM,Sub-Saharan Africa,4852412.0,62.9662764
CRI7021,CRI,Costa Rica,2008,74.51233336123747,73.0,RPM,Latin America & Caribbean,4872543.0,88.26169675776765
CRI3498,CRI,Costa Rica,2008,100.38957837313333,80.0,RPM,Latin America & Caribbean,4872543.0,88.26169675776765
HRV2479,HRV,Croatia,2008,92.4958129741753,396.0,RPM,Europe & Central Asia,4313707.0,94.8337909233297
HRV4727,HRV,Croatia,2014,90.21391266758613,82.0,RPM,Europe & Central Asia,4313707.0,94.8337909233297
CUB6365,CUB,Cuba,1973,86.90267591,1065.0,RPM,Latin America & Caribbean,11179995.0,83.78146046620671
CUB8945,CUB,Cuba,1973,84.49239262680933,386.0,RPM,Latin America & Caribbean,11179995.0,83.78146046620671
CUB3907,CUB,Cuba,2000,77.06552008872539,589.0,RPM,Latin America & Caribbean,11179995.0,83.78146046620671
CYP1414,CYP,Cyprus,2006,95.23149317073386,290.87951807228916,RPM,Europe & Central Asia,1205575.0,93.36073668084691
CYP6250,CYP,Cyprus,2006,95.79756866166457,3222.0,RPM,Europe & Central Asia,1205575.0,93.36073668084691
DNK4889,DNK,Denmark,1967,97.4865822376,628.0,RPM,Europe & Central Asia,5593785.0,98.25388036262186
DJI3851,DJI,Djibouti,2017,60.0,2770.0,RPM,Sub-Saharan Africa,865267.0,60.0
DMA1300,DMA,Dominica,2005,65.78700679147988,373.0,RPM,Latin America & Caribbean,73757.0,66.02348118490521
DMA2143,DMA,Dominica,2005,66.288803557475,352.0,RPM,Latin America & Caribbean,73757.0,66.02348118490521
DOM2027,DOM,Dominican Republic,1982,89.15,34.0,WIS,Latin America & Caribbean,10606865.0,81.78893070935743
ECU1173,ECU,Ecuador,1998,84.88163599999999,25.0,RPM,Latin America & Caribbean,16080778.0,78.23546038122689
ECU7803,ECU,Ecuador,1998,64.65271562500001,16.0,RPM,Latin America & Caribbean,16080778.0,78.23546038122689
ECU7314,ECU,Ecuador,2010,78.2477012,26.0,RPM,Latin America & Caribbean,16080778.0,78.23546038122689
ECU8948,ECU,Ecuador,2010,79.18593239999998,59.0,RPM,Latin America & Caribbean,16080778.0,78.23546038122689
EGY7858,EGY,Egypt,1986,97.88647032418767,2385.0,RPM,Middle East & North Africa,94666993.0,76.30673359087238
EGY9492,EGY,Egypt,1986,87.429598,5215.0,RPM,Middle East & North Africa,94666993.0,76.30673359087238
EGY5531,EGY,Egypt,1988,77.08314129294482,452.0,RPM,Middle East & North Africa,94666993.0,76.30673359087238
EGY2680,EGY,Egypt,1995,63.99891185468751,110.0,RPM,Middle East & North Africa,94666993.0,76.30673359087238
EGY4241,EGY,Egypt,1995,70.59999999999998,110.0,WIS,Middle East & North Africa,94666993.0,76.30673359087238
EGY5080,EGY,Egypt,1995,77.51918750000007,170.0,RPM,Middle East & North Africa,94666993.0,76.30673359087238
EGY8648,EGY,Egypt,2000,77.94913392537288,2147.0,RPM,Middle East & North Africa,94666993.0,76.30673359087238
EGY9075,EGY,Egypt,2012,85.40752,11284.0,RPM,Middle East & North Africa,94666993.0,76.30673359087238
EGY7781,EGY,Egypt,2017,89.45904144285711,1756.0,RPM,Middle East & North Africa,94666993.0,76.30673359087238
ERI9164,ERI,Eritrea,1990,66.67045815999998,450.0,RPM,Sub-Saharan Africa,5869869.0,68.59808707745246
ERI7578,ERI,Eritrea,1995,87.94573120000003,74.0,RPM,Sub-Saharan Africa,5869869.0,68.59808707745246
ERI1246,ERI,Eritrea,1996,66.16969759999998,40.0,RPM,Sub-Saharan Africa,5869869.0,68.59808707745246
ERI7365,ERI,Eritrea,1996,66.6143654,200.0,RPM,Sub-Saharan Africa,5869869.0,68.59808707745246
EST3594,EST,Estonia,2001,103.04565424119585,1390.0,RPM,Europe & Central Asia,1258545.0,101.11487069336215
EST8199,EST,Estonia,2001,97.84173084023944,3484.0,RPM,Europe & Central Asia,1258545.0,101.11487069336215
ETH4617,ETH,Ethiopia,1991,67.26239999999999,250.0,RPM,Sub-Saharan Africa,102374044.0,68.55958337731356
ETH8118,ETH,Ethiopia,1998,70.59621125259997,46.0,RPM,Sub-Saharan Africa,102374044.0,68.55958337731356
ETH1142,ETH,Ethiopia,1998,83.38532220000002,29.0,RPM,Sub-Saharan Africa,102374044.0,68.55958337731356
ETH1789,ETH,Ethiopia,2002,72.03628813520001,236.0,RPM,Sub-Saharan Africa,102374044.0,68.55958337731356
ETH2457,ETH,Ethiopia,2010,60.08096875519998,77.0,RPM,Sub-Saharan Africa,102374044.0,68.55958337731356
ETH5167,ETH,Ethiopia,2010,60.0,69.0,RPM,Sub-Saharan Africa,102374044.0,68.55958337731356
FIN7261,FIN,Finland,1970,99.56450328333332,759.0,RPM,Europe & Central Asia,5498211.0,100.65508293782332
FIN4144,FIN,Finland,2008,94.01794260000003,403.0,RPM,Europe & Central Asia,5498211.0,100.65508293782332
FIN5106,FIN,Finland,2014,100.5,657.0,WIS,Europe & Central Asia,5498211.0,100.65508293782332
GMB4394,GMB,"Gambia, The",2001,60.0,288.0,RPM,Sub-Saharan Africa,2009648.0,60.00000000000001
GMB6696,GMB,"Gambia, The",2001,60.0,291.0,RPM,Sub-Saharan Africa,2009648.0,60.00000000000001
GMB5362,GMB,"Gambia, The",2006,60.0,144.0,RPM,Sub-Saharan Africa,2009648.0,60.00000000000001
GMB6388,GMB,"Gambia, The",2006,60.0,418.0,RPM,Sub-Saharan Africa,2009648.0,60.00000000000001
GMB4458,GMB,"Gambia, The",2011,60.0,739.0,RPM,Sub-Saharan Africa,2009648.0,60.00000000000001
GMB8521,GMB,"Gambia, The",2011,60.0,711.0,RPM,Sub-Saharan Africa,2009648.0,60.00000000000001
PSE8495,PSE,Gaza Strip,1981,77.7181818181818,639.0,WIS,Middle East & North Africa,1795183.0,76.27298436233795
PSE2854,PSE,Gaza Strip,2011,85.80729230769234,1258.0,RPM,Middle East & North Africa,1795183.0,76.27298436233795
PSE5248,PSE,Gaza Strip,2011,88.14998571428572,257.0,RPM,Middle East & North Africa,1795183.0,76.27298436233795
PSE1534,PSE,Gaza Strip,2012,69.97416242218748,2067.0,RPM,Middle East & North Africa,1795183.0,76.27298436233795
PSE7831,PSE,Gaza Strip,2012,75.58933659056329,2464.0,RPM,Middle East & North Africa,1795183.0,76.27298436233795
DEU7126,DEU,Germany,1988,105.04477582573998,192.0,RPM,Europe & Central Asia,80722792.0,100.61109371385746
DEU3018,DEU,Germany,1993,101.08523157613732,345.0,RPM,Europe & Central Asia,80722792.0,100.61109371385746
DEU1978,DEU,Germany,1997,104.64194999999998,646.0,RPM,Europe & Central Asia,80722792.0,100.61109371385746
DEU4339,DEU,Germany,1997,96.78,990.0,WIS,Europe & Central Asia,80722792.0,100.61109371385746
DEU2018,DEU,Germany,1998,103.05185405867002,1563.0,RPM,Europe & Central Asia,80722792.0,100.61109371385746
DEU6886,DEU,Germany,1998,105.99383571428572,1126.0,RPM,Europe & Central Asia,80722792.0,100.61109371385746
DEU1788,DEU,Germany,2006,99.28,126.0,WIS,Europe & Central Asia,80722792.0,100.61109371385746
DEU3866,DEU,Germany,2010,97.60499999999999,1650.0,WIS,Europe & Central Asia,80722792.0,100.61109371385746
DEU6390,DEU,Germany,2011,87.61787553886096,81.0,RPM,Europe & Central Asia,80722792.0,100.61109371385746
DEU1378,DEU,Germany,2011,102.88,52.0,WIS,Europe & Central Asia,80722792.0,100.61109371385746
DEU4523,DEU,Germany,2015,102.895,137.0,WIS,Europe & Central Asia,80722792.0,100.61109371385746
GHA2805,GHA,Ghana,1988,61.13924235710344,1563.0,RPM,Sub-Saharan Africa,26908262.0,60.83531464195181
GHA6878,GHA,Ghana,1990,60.0,1736.0,RPM,Sub-Saharan Africa,26908262.0,60.83531464195181
GHA9826,GHA,Ghana,2009,65.72329398140425,257.0,RPM,Sub-Saharan Africa,26908262.0,60.83531464195181
GHA7539,GHA,Ghana,2014,64.840945,734.0,RPM,Sub-Saharan Africa,26908262.0,60.83531464195181
GRC2595,GRC,Greece,1963,82.53353146853148,403.0,WIS,Europe & Central Asia,10773253.0,91.51443277435274
GRC3724,GRC,Greece,1995,89.96000000000001,956.0,WIS,Europe & Central Asia,10773253.0,91.51443277435274
GRL6745,GRL,Greenland,1995,94.68,40.0,WIS,Other,57728.0,94.68
GTM4094,GTM,Guatemala,1988,60.0,1754.0,RPM,Latin America & Caribbean,15189958.0,61.29494247598246
GTM7637,GTM,Guatemala,2003,60.0,521.0,RPM,Latin America & Caribbean,15189958.0,61.29494247598246
GTM8224,GTM,Guatemala,2003,60.0,948.0,RPM,Latin America & Caribbean,15189958.0,61.29494247598246
GTM5164,GTM,Guatemala,2003,60.0,948.0,RPM,Latin America & Caribbean,15189958.0,61.29494247598246
GTM6150,GTM,Guatemala,2003,60.0,521.0,RPM,Latin America & Caribbean,15189958.0,61.29494247598246
GTM3532,GTM,Guatemala,2006,69.2516196421,577.0,RPM,Latin America & Caribbean,15189958.0,61.29494247598246
GTM5932,GTM,Guatemala,2006,60.0,116.0,RPM,Latin America & Caribbean,15189958.0,61.29494247598246
HTI7223,HTI,Haiti,1974,96.8472438349676,133.0,RPM,Latin America & Caribbean,10485800.0,88.60079139588072
HTI5439,HTI,Haiti,1981,60.0,54.0,RPM,Latin America & Caribbean,10485800.0,88.60079139588072
HKG2327,HKG,Hong Kong,1968,103.45748733333335,13822.0,RPM,East Asia & Pacific,7167403.0,105.35324705484962
HKG2179,HKG,Hong Kong,1982,108.99459999999999,1000.0,RPM,East Asia & Pacific,7167403.0,105.35324705484962
HKG1292,HKG,Hong Kong,1982,105.30000000000001,376.0,CFT,East Asia & Pacific,7167403.0,105.35324705484962
HKG6221,HKG,Hong Kong,1982,110.06506000000002,4500.0,RPM,East Asia & Pacific,7167403.0,105.35324705484962
HKG8204,HKG,Hong Kong,1986,118.72041282100453,150.0,RPM,East Asia & Pacific,7167403.0,105.35324705484962
HKG5631,HKG,Hong Kong,1987,103.55,197.0,RPM,East Asia & Pacific,7167403.0,105.35324705484962
HKG2012,HKG,Hong Kong,1991,123.33789999999998,479.0,RPM,East Asia & Pacific,7167403.0,105.35324705484962
HKG3435,HKG,Hong Kong,2003,109.07740574099063,1497.0,RPM,East Asia & Pacific,7167403.0,105.35324705484962
HUN9083,HUN,Hungary,1998,99.36707999999999,7588.0,RPM,Europe & Central Asia,9874784.0,99.30500680262472
ISL1249,ISL,Iceland,2000,99.42370777330265,31.0,RPM,Europe & Central Asia,335878.0,98.22544986320516
ISL2755,ISL,Iceland,2000,100.5628580336842,519.0,RPM,Europe & Central Asia,335878.0,98.22544986320516
IND3106,IND,India,1968,67.04790628662026,300.0,RPM,South Asia,1266883598.0,76.1406215102303
IND7900,IND,India,1984,78.0220828125,100.0,RPM,South Asia,1266883598.0,76.1406215102303
IND1520,IND,India,1988,85.03999999999999,390.0,WIS,South Asia,1266883598.0,76.1406215102303
IND2894,IND,India,1988,69.94,358.0,WIS,South Asia,1266883598.0,76.1406215102303
IND7029,IND,India,1993,82.54179350000005,39.0,RPM,South Asia,1266883598.0,76.1406215102303
IND3811,IND,India,1994,65.43666879999998,252.0,RPM,South Asia,1266883598.0,76.1406215102303
IND5899,IND,India,1994,78.3951231854,360.0,RPM,South Asia,1266883598.0,76.1406215102303
IND9908,IND,India,1994,68.077732175,290.0,RPM,South Asia,1266883598.0,76.1406215102303
IND5642,IND,India,1997,88.69931020407878,2248.0,RPM,South Asia,1266883598.0,76.1406215102303
IND7068,IND,India,1997,84.64451937499997,8609.0,RPM,South Asia,1266883598.0,76.1406215102303
IND2222,IND,India,1998,60.1872375,26.0,RPM,South Asia,1266883598.0,76.1406215102303
IND7913,IND,India,1998,60.1872375,1377.0,RPM,South Asia,1266883598.0,76.1406215102303
IND6146,IND,India,2002,65.09477599999991,1072.0,RPM,South Asia,1266883598.0,76.1406215102303
IND6600,IND,India,2004,79.70849999999996,100.75,RPM,South Asia,1266883598.0,76.1406215102303
IND6609,IND,India,2004,86.51311249999995,100.75,RPM,South Asia,1266883598.0,76.1406215102303
IND7491,IND,India,2004,72.23411249999998,100.75,RPM,South Asia,1266883598.0,76.1406215102303
IND7911,IND,India,2004,64.76306249999996,100.75,RPM,South Asia,1266883598.0,76.1406215102303
IND7193,IND,India,2010,60.0,838.0,RPM,South Asia,1266883598.0,76.1406215102303
IND5581,IND,India,2010,72.02933402050448,3636.0,RPM,South Asia,1266883598.0,76.1406215102303
IND5987,IND,India,2015,82.16333333333334,140.0,WIS,South Asia,1266883598.0,76.1406215102303
IDN3562,IDN,Indonesia,1980,60.0006050736603,25.0,RPM,East Asia & Pacific,258316051.0,78.7937589429188
IDN3951,IDN,Indonesia,1980,69.09454173187893,64.0,RPM,East Asia & Pacific,258316051.0,78.7937589429188
IDN5973,IDN,Indonesia,1980,88.85245147595819,74.0,RPM,East Asia & Pacific,258316051.0,78.7937589429188
IDN4551,IDN,Indonesia,1989,87.70899999999999,130.0,RPM,East Asia & Pacific,258316051.0,78.7937589429188
IDN2459,IDN,Indonesia,1996,80.29920000000001,54.0,RPM,East Asia & Pacific,258316051.0,78.7937589429188
IDN5556,IDN,Indonesia,1996,86.2002,49.0,RPM,East Asia & Pacific,258316051.0,78.7937589429188
IDN9607,IDN,Indonesia,1996,86.2002,48.0,RPM,East Asia & Pacific,258316051.0,78.7937589429188
IDN9971,IDN,Indonesia,1996,83.8254,99.0,RPM,East Asia & Pacific,258316051.0,78.7937589429188
IDN2772,IDN,Indonesia,1998,85.78020000000001,72.0,RPM,East Asia & Pacific,258316051.0,78.7937589429188
IDN6114,IDN,Indonesia,1998,81.05120000000002,136.0,RPM,East Asia & Pacific,258316051.0,78.7937589429188
IDN9052,IDN,Indonesia,1998,76.37100000000001,62.0,RPM,East Asia & Pacific,258316051.0,78.7937589429188
IDN9117,IDN,Indonesia,1998,81.05120000000002,125.0,RPM,East Asia & Pacific,258316051.0,78.7937589429188
IDN9861,IDN,Indonesia,1998,83.40540000000001,88.0,RPM,East Asia & Pacific,258316051.0,78.7937589429188
IDN3746,IDN,Indonesia,2000,62.9922896463325,621.0593,RPM,East Asia & Pacific,258316051.0,78.7937589429188
IDN4834,IDN,Indonesia,2009,77.58600280311998,47.0,RPM,East Asia & Pacific,258316051.0,78.7937589429188
IDN5597,IDN,Indonesia,2012,69.33387633983958,25.0,RPM,East Asia & Pacific,258316051.0,78.7937589429188
IDN6764,IDN,Indonesia,2012,83.55821270687247,25.0,RPM,East Asia & Pacific,258316051.0,78.7937589429188
IDN5252,IDN,Indonesia,2015,91.34707606686715,583.0,RPM,East Asia & Pacific,258316051.0,78.7937589429188
IRN1565,IRN,Iran,1974,81.86022922360642,1294.0,RPM,Middle East & North Africa,82801633.0,80.00371563382433
IRN8850,IRN,Iran,1974,78.57197267801143,3267.0,RPM,Middle East & North Africa,82801633.0,80.00371563382433
IRN3616,IRN,Iran,2009,77.76552435999997,1956.0,RPM,Middle East & North Africa,82801633.0,80.00371563382433
IRQ1258,IRQ,Iraq,1972,84.4329661923784,1185.0,RPM,Middle East & North Africa,38146025.0,89.81242835390111
IRQ5233,IRQ,Iraq,1972,86.4181,204.0,RPM,Middle East & North Africa,38146025.0,89.81242835390111
IRQ3749,IRQ,Iraq,2011,101.25475299323645,529.0,RPM,Middle East & North Africa,38146025.0,89.81242835390111
IRL4419,IRL,Ireland,1990,88.56,200.0,WIS,Europe & Central Asia,4952473.0,95.21033910238955
IRL8580,IRL,Ireland,1990,90.79199666,191.0,RPM,Europe & Central Asia,4952473.0,95.21033910238955
ISR8476,ISR,Israel,1979,84.97900640928381,549.0,RPM,Middle East & North Africa,8174527.0,92.51484705028778
ISR9043,ISR,Israel,1979,89.113024621875,534.0,RPM,Middle East & North Africa,8174527.0,92.51484705028778
ISR9770,ISR,Israel,1979,97.5970563268902,845.0,RPM,Middle East & North Africa,8174527.0,92.51484705028778
ISR7998,ISR,Israel,1991,89.31158333333333,1740.0,RPM,Middle East & North Africa,8174527.0,92.51484705028778
ISR3730,ISR,Israel,1992,98.74195220000001,26.0,RPM,Middle East & North Africa,8174527.0,92.51484705028778
ISR2833,ISR,Israel,1998,93.34516019739996,11.0,RPM,Middle East & North Africa,8174527.0,92.51484705028778
ITA7980,ITA,Italy,1985,95.72419231518,459.0,RPM,Europe & Central Asia,62007540.0,93.97126914322641
ITA2558,ITA,Italy,1995,92.7892901248897,459.0,RPM,Europe & Central Asia,62007540.0,93.97126914322641
ITA4253,ITA,Italy,2008,90.46939752826668,3285.0,RPM,Europe & Central Asia,62007540.0,93.97126914322641
ITA4819,ITA,Italy,2010,88.42293517975716,134.0,RPM,Europe & Central Asia,62007540.0,93.97126914322641
JAM6732,JAM,Jamaica,1972,60.0,71.0,WIS,Latin America & Caribbean,2970340.0,75.16611707949694
JAM1121,JAM,Jamaica,1982,80.62548276797291,159.0,RPM,Latin America & Caribbean,2970340.0,75.16611707949694
JAM4649,JAM,Jamaica,1987,74.94604814474962,206.0,RPM,Latin America & Caribbean,2970340.0,75.16611707949694
JAM3334,JAM,Jamaica,1989,60.0,40.0,WIS,Latin America & Caribbean,2970340.0,75.16611707949694
JAM9124,JAM,Jamaica,1990,79.01452560000001,84.0,RPM,Latin America & Caribbean,2970340.0,75.16611707949694
JAM2526,JAM,Jamaica,1991,64.88,19.0,WIS,Latin America & Caribbean,2970340.0,75.16611707949694
JAM4584,JAM,Jamaica,1991,82.62,41.0,WIS,Latin America & Caribbean,2970340.0,75.16611707949694
JAM3111,JAM,Jamaica,1992,76.22690000000003,56.0,RPM,Latin America & Caribbean,2970340.0,75.16611707949694
JAM6237,JAM,Jamaica,1999,79.92,55.73,WIS,Latin America & Caribbean,2970340.0,75.16611707949694
JAM4211,JAM,Jamaica,2000,67.06,80.0,WIS,Latin America & Caribbean,2970340.0,75.16611707949694
JAM7220,JAM,Jamaica,2000,69.7038,80.0,RPM,Latin America & Caribbean,2970340.0,75.16611707949694
JAM4323,JAM,Jamaica,2002,82.74269102812502,186.0,RPM,Latin America & Caribbean,2970340.0,75.16611707949694
JAM3821,JAM,Jamaica,2003,67.5015151125,245.0,RPM,Latin America & Caribbean,2970340.0,75.16611707949694
JAM2219,JAM,Jamaica,2014,82.27243119999997,33.0,RPM,Latin America & Caribbean,2970340.0,75.16611707949694
JAM6734,JAM,Jamaica,2014,83.03752539999999,33.0,RPM,Latin America & Caribbean,2970340.0,75.16611707949694
JPN4391,JPN,Japan,1964,105.3,600.0,WIS,East Asia & Pacific,126702133.0,106.38721239935813
JPN6293,JPN,Japan,1975,102.16,1100.0,WIS,East Asia & Pacific,126702133.0,106.38721239935813
JPN1042,JPN,Japan,1987,106.61333333333333,142.0,KABC,East Asia & Pacific,126702133.0,106.38721239935813
JPN9101,JPN,Japan,1987,111.17999999999999,142.0,WIS,East Asia & Pacific,126702133.0,106.38721239935813
JPN9690,JPN,Japan,1991,109.92132629999999,444.0,RPM,East Asia & Pacific,126702133.0,106.38721239935813
JPN1123,JPN,Japan,2005,106.75069234,644.0,RPM,East Asia & Pacific,126702133.0,106.38721239935813
JPN7482,JPN,Japan,2015,110.33410204999998,1235.0,RPM,East Asia & Pacific,126702133.0,106.38721239935813
JOR1203,JOR,Jordan,2009,83.02399022499998,1325.0,RPM,Middle East & North Africa,8185384.0,80.76668761701356
JOR1358,JOR,Jordan,2009,83.10514492215646,574.0,RPM,Middle East & North Africa,8185384.0,80.76668761701356
JOR2837,JOR,Jordan,2014,67.96455166666664,960.0,RPM,Middle East & North Africa,8185384.0,80.76668761701356
JOR7249,JOR,Jordan,2014,77.31197369999998,1045.0,RPM,Middle East & North Africa,8185384.0,80.76668761701356
KAZ5019,KAZ,Kazakhstan,2013,76.31154036875938,402.0,RPM,Europe & Central Asia,18360353.0,88.76510342421327
KAZ5466,KAZ,Kazakhstan,2013,87.05836665165,51.0,RPM,Europe & Central Asia,18360353.0,88.76510342421327
KAZ9017,KAZ,Kazakhstan,2013,105.10518659768036,164.0,RPM,Europe & Central Asia,18360353.0,88.76510342421327
KEN4693,KEN,Kenya,1980,75.07822686208974,205.0,RPM,Sub-Saharan Africa,46790758.0,75.22246843674809
KEN8024,KEN,Kenya,1984,69.8875891728,118.0,RPM,Sub-Saharan Africa,46790758.0,75.22246843674809
KEN5438,KEN,Kenya,1998,79.62411825859999,537.0,RPM,Sub-Saharan Africa,46790758.0,75.22246843674809
KEN7312,KEN,Kenya,1999,79.56552438380001,554.0,RPM,Sub-Saharan Africa,46790758.0,75.22246843674809
KEN9167,KEN,Kenya,2001,72.46907130632,1222.0,RPM,Sub-Saharan Africa,46790758.0,75.22246843674809
KEN6666,KEN,Kenya,2001,65.62441818591539,85.0,RPM,Sub-Saharan Africa,46790758.0,75.22246843674809
KEN6039,KEN,Kenya,2007,77.9611064,525.0,RPM,Sub-Saharan Africa,46790758.0,75.22246843674809
KEN8037,KEN,Kenya,2013,70.3027256211,282.0,RPM,Sub-Saharan Africa,46790758.0,75.22246843674809
KOR6508,KOR,"Korea, South",1989,107.61465494999997,107.0,RPM,East Asia & Pacific,50924172.0,102.63886903120816
KOR9519,KOR,"Korea, South",1999,96.76,2231.0,WIS,East Asia & Pacific,50924172.0,102.63886903120816
KOR7235,KOR,"Korea, South",2011,98.64285714285714,1229.0,WIS,East Asia & Pacific,50924172.0,102.63886903120816
KWT1478,KWT,Kuwait,1985,86.03112182,2000.0,RPM,Middle East & North Africa,2832776.0,78.61976969736799
KWT5643,KWT,Kuwait,2002,86.72838928571426,5629.0,RPM,Middle East & North Africa,2832776.0,78.61976969736799
KWT9377,KWT,Kuwait,2002,94.66168712539684,1125.0,RPM,Middle East & North Africa,2832776.0,78.61976969736799
KWT9995,KWT,Kuwait,2002,88.68278076351544,6529.0,RPM,Middle East & North Africa,2832776.0,78.61976969736799
KGZ3045,KGZ,Kyrgyzstan,2016,86.93557690006662,327.0,RPM,Europe & Central Asia,5727553.0,79.09271249509324
LAO4583,LAO,Laos,1996,104.35749999999996,24.0,KABC,East Asia & Pacific,7019073.0,80.12453168685927
LAO4997,LAO,Laos,1996,83.93749999999996,22.0,KABC,East Asia & Pacific,7019073.0,80.12453168685927
LAO4554,LAO,Laos,1997,77.48,40.0,WIS,East Asia & Pacific,7019073.0,80.12453168685927
LAO3856,LAO,Laos,1999,76.0,56.0,WIS,East Asia & Pacific,7019073.0,80.12453168685927
LVA8962,LVA,Latvia,2012,91.14460638079998,146.0,RPM,Europe & Central Asia,1944643.0,94.81763756480103
LBN7630,LBN,Lebanon,2005,80.59999999999997,100.0,WIS,Middle East & North Africa,6237738.0,81.71063051027873
LBN5718,LBN,Lebanon,2005,85.59999999999997,100.0,WIS,Middle East & North Africa,6237738.0,81.71063051027873
LBY9541,LBY,Libya,2006,86.53606220818332,600.0,RPM,Middle East & North Africa,6541948.0,79.83051841404959
LBY7870,LBY,Libya,2007,73.09822118376775,1620.0,RPM,Middle East & North Africa,6541948.0,79.83051841404959
LBY9388,LBY,Libya,2007,73.265064565581,800.0,RPM,Middle East & North Africa,6541948.0,79.83051841404959
LBY9633,LBY,Libya,2007,82.07163750000005,2481.0,RPM,Middle East & North Africa,6541948.0,79.83051841404959
LBY5553,LBY,Libya,2008,80.54861103996994,592.0,RPM,Middle East & North Africa,6541948.0,79.83051841404959
LBY3498,LBY,Libya,2010,67.40541093573053,260.0,RPM,Middle East & North Africa,6541948.0,79.83051841404959
LBY4310,LBY,Libya,2010,64.85837178720467,260.0,RPM,Middle East & North Africa,6541948.0,79.83051841404959
LBY5613,LBY,Libya,2014,83.79046946176666,504.0,RPM,Middle East & North Africa,6541948.0,79.83051841404959
LBY3196,LBY,Libya,2017,89.07557437708331,903.0,RPM,Middle East & North Africa,6541948.0,79.83051841404959
LTU6881,LTU,Lithuania,1999,96.03037550000005,259.0,RPM,Europe & Central Asia,2854235.0,96.04653778210559
LTU6933,LTU,Lithuania,2000,89.76,453.0,WIS,Europe & Central Asia,2854235.0,96.04653778210559
LTU5971,LTU,Lithuania,2004,95.6131976811273,1067.0,RPM,Europe & Central Asia,2854235.0,96.04653778210559
MWI4457,MWI,Malawi,2009,69.70399301086897,268.0,RPM,Sub-Saharan Africa,18570321.0,69.70399301086897
MYS7731,MYS,Malaysia,1994,88.3818016212415,5412.0,RPM,East Asia & Pacific,30949962.0,88.79130923615884
MYS8050,MYS,Malaysia,2009,86.05000000000001,237.0,RPM,East Asia & Pacific,30949962.0,88.79130923615884
MLI8345,MLI,Mali,2017,60.0,206.0,RPM,Sub-Saharan Africa,17467108.0,60.00000000000001
MLT5272,MLT,Malta,1994,94.3605186179,136.0,RPM,Europe & Central Asia,415196.0,91.26803677120819
MLT7672,MLT,Malta,2014,90.72089999999997,16.0,RPM,Europe & Central Asia,415196.0,91.26803677120819
MLT9371,MLT,Malta,2014,90.72089999999997,20.0,RPM,Europe & Central Asia,415196.0,91.26803677120819
MHL9839,MHL,Marshall Islands,1963,83.96000000000001,407.0,CFT,East Asia & Pacific,73376.0,83.96000000000001
MUS7083,MUS,Mauritius,1980,86.82,837.0,WIS,Sub-Saharan Africa,1348242.0,86.56058635394457
MEX2251,MEX,Mexico,2000,96.40018767999996,155.0,RPM,Latin America & Caribbean,123166749.0,87.83543498283044
MEX5383,MEX,Mexico,2000,81.38216749999998,194.0,RPM,Latin America & Caribbean,123166749.0,87.83543498283044
MEX6839,MEX,Mexico,2000,92.41591254249994,571.0,RPM,Latin America & Caribbean,123166749.0,87.83543498283044
MEX2202,MEX,Mexico,2012,91.14798572160001,670.0,RPM,Latin America & Caribbean,123166749.0,87.83543498283044
MNG3257,MNG,Mongolia,2003,99.35797870211249,708.0,RPM,East Asia & Pacific,3031330.0,91.02617619665793
MAR9792,MAR,Morocco,1996,82.83109999999999,85.0,RPM,Middle East & North Africa,33655786.0,69.26797459647284
MAR5929,MAR,Morocco,2005,65.33468728959997,188.0,RPM,Middle East & North Africa,33655786.0,69.26797459647284
MAR3967,MAR,Morocco,2010,73.30566223383782,87.0,RPM,Middle East & North Africa,33655786.0,69.26797459647284
MAR7691,MAR,Morocco,2010,78.98586283813165,115.0,RPM,Middle East & North Africa,33655786.0,69.26797459647284
MAR4071,MAR,Morocco,2011,65.31602316290108,1177.0,RPM,Middle East & North Africa,33655786.0,69.26797459647284
MAR2881,MAR,Morocco,2012,74.96439601589708,202.0,RPM,Middle East & North Africa,33655786.0,69.26797459647284
MAR4514,MAR,Morocco,2013,72.87463577779997,164.0,RPM,Middle East & North Africa,33655786.0,69.26797459647284
NAM3261,NAM,Namibia,2003,66.19438314685002,103.0,RPM,Sub-Saharan Africa,2436469.0,66.19438314685002
NPL1673,NPL,Nepal,1977,60.0,443.0,RPM,South Asia,29033914.0,60.0
NPL3454,NPL,Nepal,1977,60.0,284.0,RPM,South Asia,29033914.0,60.0
NPL9132,NPL,Nepal,1977,60.0,343.0,RPM,South Asia,29033914.0,60.0
NPL1067,NPL,Nepal,1995,60.0,124.0,RPM,South Asia,29033914.0,60.0
NPL1558,NPL,Nepal,2008,60.0,178.0,RPM,South Asia,29033914.0,60.0
NPL3015,NPL,Nepal,2008,60.0,218.0,RPM,South Asia,29033914.0,60.0
NPL3750,NPL,Nepal,2008,60.0,177.0,RPM,South Asia,29033914.0,60.0
NPL8859,NPL,Nepal,2008,60.0,103.0,RPM,South Asia,29033914.0,60.0
NLD5823,NLD,Netherlands,1977,111.63000000000001,388.0,WIS,Europe & Central Asia,17016967.0,100.76391598509541
NLD8765,NLD,Netherlands,1977,101.01335549115913,388.0,RPM,Europe & Central Asia,17016967.0,100.76391598509541
NLD4778,NLD,Netherlands,1978,104.95985356431243,420.0,RPM,Europe & Central Asia,17016967.0,100.76391598509541
NLD8753,NLD,Netherlands,1986,96.28195384615387,1920.0,RPM,Europe & Central Asia,17016967.0,100.76391598509541
NLD5358,NLD,Netherlands,1992,101.88313166666666,4032.0,RPM,Europe & Central Asia,17016967.0,100.76391598509541
NLD1133,NLD,Netherlands,1998,99.29999999999997,737.0,WIS,Europe & Central Asia,17016967.0,100.76391598509541
NLD3429,NLD,Netherlands,1999,105.04,416.5,WIS,Europe & Central Asia,17016967.0,100.76391598509541
NLD4020,NLD,Netherlands,2002,95.08,1229.0,WIS,Europe & Central Asia,17016967.0,100.76391598509541
NLD8537,NLD,Netherlands,2003,93.73000000000002,353.0,WIS,Europe & Central Asia,17016967.0,100.76391598509541
NLD3851,NLD,Netherlands,2005,101.59,364.5,WIS,Europe & Central Asia,17016967.0,100.76391598509541
ANT1636,ANT,Netherlands Antilles,2000,80.01445279999999,96.0,RPM,Other,115120.0,80.01445279999999
NZL3422,NZL,New Zealand,1972,99.09,644.0,WIS,East Asia & Pacific,4474549.0,99.32016558025546
NZL2045,NZL,New Zealand,1984,100.7422,3174.0,RPM,East Asia & Pacific,4474549.0,99.32016558025546
NZL6659,NZL,New Zealand,1985,96.39500000000001,881.0,WIS,East Asia & Pacific,4474549.0,99.32016558025546
NIC3786,NIC,Nicaragua,1997,60.0,488.0,RPM,Latin America & Caribbean,5966798.0,60.21673129053289
NIC6309,NIC,Nicaragua,1997,60.0,488.0,RPM,Latin America & Caribbean,5966798.0,60.21673129053289
NIC2077,NIC,Nicaragua,2012,63.47999999999999,110.0,WIS,Latin America & Caribbean,5966798.0,60.21673129053289
NGA4945,NGA,Nigeria,1980,67.50150901250001,60.0,RPM,Sub-Saharan Africa,186053386.0,67.82970081398378
NGA6202,NGA,Nigeria,1980,72.2815,60.0,RPM,Sub-Saharan Africa,186053386.0,67.82970081398378
NGA1525,NGA,Nigeria,1981,73.9782689347,755.0,RPM,Sub-Saharan Africa,186053386.0,67.82970081398378
NGA6402,NGA,Nigeria,1998,76.84,94.0,WIS,Sub-Saharan Africa,186053386.0,67.82970081398378
NGA7281,NGA,Nigeria,2007,66.65784179999997,233.0,RPM,Sub-Saharan Africa,186053386.0,67.82970081398378
NGA7690,NGA,Nigeria,2007,72.59663749999999,168.0,RPM,Sub-Saharan Africa,186053386.0,67.82970081398378
NGA1521,NGA,Nigeria,2012,76.6,47.0,RPM,Sub-Saharan Africa,186053386.0,67.82970081398378
NGA5789,NGA,Nigeria,2013,67.61437265641251,693.0,RPM,Sub-Saharan Africa,186053386.0,67.82970081398378
NGA7278,NGA,Nigeria,2017,85.40101249999998,100.0,RPM,Sub-Saharan Africa,186053386.0,67.82970081398378
NGA8922,NGA,Nigeria,2017,67.13306485225002,11164.0,RPM,Sub-Saharan Africa,186053386.0,67.82970081398378
NOR1859,NOR,Norway,2000,106.19528054999998,126.0,RPM,Europe & Central Asia,5265158.0,98.51977899491884
NOR9144,NOR,Norway,2008,95.55999999999995,143.0,KABC,Europe & Central Asia,5265158.0,98.51977899491884
OMN2482,OMN,Oman,2000,85.38294268693248,1868.7272727272727,RPM,Middle East & North Africa,3424386.0,78.94059175382392
OMN7680,OMN,Oman,2000,77.00171935285712,3270.2727272727275,RPM,Middle East & North Africa,3424386.0,78.94059175382392
OMN1923,OMN,Oman,2007,85.2631473936,372.0,RPM,Middle East & North Africa,3424386.0,78.94059175382392
OMN1109,OMN,Oman,2009,87.84343599999998,2467.0,RPM,Middle East & North Africa,3424386.0,78.94059175382392
OMN6270,OMN,Oman,2009,87.74577016152858,1042.0,RPM,Middle East & North Africa,3424386.0,78.94059175382392
OMN4512,OMN,Oman,2014,87.72909174316669,465.0,RPM,Middle East & North Africa,3424386.0,78.94059175382392
PAK6352,PAK,Pakistan,1991,109.86649185560002,102.0,RPM,South Asia,204924861.0,80.04897108727721
PAK1220,PAK,Pakistan,2002,66.55662822729997,1073.0,RPM,South Asia,204924861.0,80.04897108727721
PAK2223,PAK,Pakistan,2002,72.97683472629998,814.0,RPM,South Asia,204924861.0,80.04897108727721
PAK3502,PAK,Pakistan,2002,87.46999999999997,30.0,RPM,South Asia,204924861.0,80.04897108727721
PAK2866,PAK,Pakistan,2005,77.75406083091497,1218.0,RPM,South Asia,204924861.0,80.04897108727721
PAK9831,PAK,Pakistan,2005,88.18290752693957,2460.0,RPM,South Asia,204924861.0,80.04897108727721
PAK1756,PAK,Pakistan,2011,77.84391523279999,203.0,RPM,South Asia,204924861.0,80.04897108727721
PAK6463,PAK,Pakistan,2016,74.19999999999999,280.0,RPM,South Asia,204924861.0,80.04897108727721
PER1217,PER,Peru,1990,80.96000000000001,143.0,WIS,Latin America & Caribbean,31036656.0,82.09669435040806
PER1576,PER,Peru,1998,81.34700000000001,105.0,RPM,Latin America & Caribbean,31036656.0,82.09669435040806
PER2161,PER,Peru,2003,83.73011910601852,178.0,RPM,Latin America & Caribbean,31036656.0,82.09669435040806
PER4119,PER,Peru,2003,73.69989246272223,143.0,RPM,Latin America & Caribbean,31036656.0,82.09669435040806
PER4492,PER,Peru,2003,72.36230871307502,117.0,RPM,Latin America & Caribbean,31036656.0,82.09669435040806
PER5630,PER,Peru,2003,76.88152271405244,501.0,RPM,Latin America & Caribbean,31036656.0,82.09669435040806
PER7201,PER,Peru,2003,82.4211345057875,176.0,RPM,Latin America & Caribbean,31036656.0,82.09669435040806
PER7683,PER,Peru,2003,89.47710040623983,243.0,RPM,Latin America & Caribbean,31036656.0,82.09669435040806
PER5808,PER,Peru,2009,93.43520249999997,1096.0,RPM,Latin America & Caribbean,31036656.0,82.09669435040806
PHL9095,PHL,Philippines,1972,84.31927290000002,203.0,RPM,East Asia & Pacific,104256076.0,82.92362606326583
PHL5318,PHL,Philippines,2003,92.65499999999999,185.0,WIS,East Asia & Pacific,104256076.0,82.92362606326583
PHL4494,PHL,Philippines,2006,93.35106916938702,2757.0,NNAT,East Asia & Pacific,104256076.0,82.92362606326583
POL8364,POL,Poland,1991,100.89168571428573,1402.0,RPM,Europe & Central Asia,38476269.0,96.37637751456055
POL5086,POL,Poland,2000,98.29614667200968,977.0,RPM,Europe & Central Asia,38476269.0,96.37637751456055
POL4074,POL,Poland,2000,82.43423984390208,1331.0,RPM,Europe & Central Asia,38476269.0,96.37637751456055
POL4894,POL,Poland,2003,89.92254,158.0,RPM,Europe & Central Asia,38476269.0,96.37637751456055
POL8388,POL,Poland,2009,93.76048139157008,3650.0,RPM,Europe & Central Asia,38476269.0,96.37637751456055
POL6614,POL,Poland,2014,95.09752848288622,264.0,RPM,Europe & Central Asia,38476269.0,96.37637751456055
POL5325,POL,Poland,2015,101.89691302418238,68.0,RPM,Europe & Central Asia,38476269.0,96.37637751456055
POL8295,POL,Poland,2016,114.41246266120001,179.0,RPM,Europe & Central Asia,38476269.0,96.37637751456055
PRT4450,PRT,Portugal,1994,91.92380909090912,1073.0,RPM,Europe & Central Asia,10839514.0,92.7902999759507
PRT2398,PRT,Portugal,2006,84.92059257417475,674.0,RPM,Europe & Central Asia,10839514.0,92.7902999759507
PRI8725,PRI,Puerto Rico,1955,82.72,139.0,WIS,Latin America & Caribbean,3351827.0,81.88613175763781
PRI7562,PRI,Puerto Rico,1955,86.66662542182226,889.0,SBIS,Latin America & Caribbean,3351827.0,81.88613175763781
PRI4192,PRI,Puerto Rico,1965,76.04826974267968,1127.0,WIS,Latin America & Caribbean,3351827.0,81.88613175763781
PRI8743,PRI,Puerto Rico,1971,74.42,96.0,WIS,Latin America & Caribbean,3351827.0,81.88613175763781
PRI9343,PRI,Puerto Rico,1971,74.88000000000001,114.0,WIS,Latin America & Caribbean,3351827.0,81.88613175763781
PRI6308,PRI,Puerto Rico,1977,84.38143937499999,2633.0,RPM,Latin America & Caribbean,3351827.0,81.88613175763781
PRI5582,PRI,Puerto Rico,1977,80.64158571428572,2099.0,RPM,Latin America & Caribbean,3351827.0,81.88613175763781
PRI6157,PRI,Puerto Rico,1977,80.17290000000001,1975.0,RPM,Latin America & Caribbean,3351827.0,81.88613175763781
PRI7833,PRI,Puerto Rico,1980,96.21000000000001,100.0,WIS,Latin America & Caribbean,3351827.0,81.88613175763781
PRI2317,PRI,Puerto Rico,1986,91.93636219849742,146.0,KABC,Latin America & Caribbean,3351827.0,81.88613175763781
PRI1936,PRI,Puerto Rico,1986,80.87,22.0,WIS,Latin America & Caribbean,3351827.0,81.88613175763781
PRI1166,PRI,Puerto Rico,1988,88.25999999999999,34.0,RPM,Latin America & Caribbean,3351827.0,81.88613175763781
PRI7898,PRI,Puerto Rico,1989,95.61999999999999,30.0,KABC,Latin America & Caribbean,3351827.0,81.88613175763781
PRI5755,PRI,Puerto Rico,1989,103.275,30.0,WIS,Latin America & Caribbean,3351827.0,81.88613175763781
PRI2118,PRI,Puerto Rico,1989,73.89311169999999,327.0,RPM,Latin America & Caribbean,3351827.0,81.88613175763781
PRI6387,PRI,Puerto Rico,1989,86.53,30.0,WIS,Latin America & Caribbean,3351827.0,81.88613175763781
PRI1875,PRI,Puerto Rico,1990,92.6153,34.0,WIS,Latin America & Caribbean,3351827.0,81.88613175763781
PRI6835,PRI,Puerto Rico,1990,96.7071,34.0,WIS,Latin America & Caribbean,3351827.0,81.88613175763781
PRI4987,PRI,Puerto Rico,1990,98.3,30.0,WIS,Latin America & Caribbean,3351827.0,81.88613175763781
PRI8866,PRI,Puerto Rico,1990,92.9,30.0,WIS,Latin America & Caribbean,3351827.0,81.88613175763781
PRI4785,PRI,Puerto Rico,1990,105.85,30.0,RPM,Latin America & Caribbean,3351827.0,81.88613175763781
PRI8546,PRI,Puerto Rico,1993,81.58,12.0,WIS,Latin America & Caribbean,3351827.0,81.88613175763781
PRI4893,PRI,Puerto Rico,2005,87.24000000000001,72.0,WIS,Latin America & Caribbean,3351827.0,81.88613175763781
PRI5432,PRI,Puerto Rico,2008,88.08073139999996,30.0,RPM,Latin America & Caribbean,3351827.0,81.88613175763781
PRI2865,PRI,Puerto Rico,2009,93.1,40.0,WIS,Latin America & Caribbean,3351827.0,81.88613175763781
PRI3593,PRI,Puerto Rico,2009,83.13000000000001,40.0,WIS,Latin America & Caribbean,3351827.0,81.88613175763781
QAT1366,QAT,Qatar,2008,85.5761528032433,1135.0,RPM,Middle East & North Africa,2314307.0,80.97811633969334
ROU5824,ROU,Romania,2002,99.09451351254043,40.0,RPM,Europe & Central Asia,21529967.0,86.90564906267556
ROU4821,ROU,Romania,2002,88.78497391304349,1258.0,RPM,Europe & Central Asia,21529967.0,86.90564906267556
ROU1823,ROU,Romania,2002,77.42147091438108,1503.0,RPM,Europe & Central Asia,21529967.0,86.90564906267556
RUS2787,RUS,Russia,1997,95.19639999999998,432.0,RPM,Europe & Central Asia,142257519.0,97.93377547154279
RUS1768,RUS,Russia,2017,96.14416666666668,120.0,RPM,Europe & Central Asia,142257519.0,97.93377547154279
RUS5506,RUS,Russia,2017,97.12373983739838,738.0,RPM,Europe & Central Asia,142257519.0,97.93377547154279
VCT6406,VCT,Saint Vincent and the Grenadines,2002,63.4208640130815,174.0,RPM,Latin America & Caribbean,102089.0,63.4208640130815
SAU8563,SAU,Saudi Arabia,1977,77.87758625181209,1998.0,RPM,Middle East & North Africa,28571770.0,77.79257611451965
SAU8865,SAU,Saudi Arabia,1977,75.45215798031921,2661.0,RPM,Middle East & North Africa,28571770.0,77.79257611451965
SAU1455,SAU,Saudi Arabia,2000,81.16601207142855,150.0,RPM,Middle East & North Africa,28571770.0,77.79257611451965
SAU1749,SAU,Saudi Arabia,2010,75.9129134539503,2354.0,RPM,Middle East & North Africa,28571770.0,77.79257611451965
SAU4656,SAU,Saudi Arabia,2010,72.49562497038653,855.0,RPM,Middle East & North Africa,28571770.0,77.79257611451965
SAU6541,SAU,Saudi Arabia,2010,79.48183219222219,1553.0,RPM,Middle East & North Africa,28571770.0,77.79257611451965
SAU1215,SAU,Saudi Arabia,2012,73.21817679999998,604.0,RPM,Middle East & North Africa,28571770.0,77.79257611451965
SAU9747,SAU,Saudi Arabia,2016,93.4672918,1476.0,RPM,Middle East & North Africa,28571770.0,77.79257611451965
SRB3565,SRB,Serbia,1992,76.32,303.0,WIS,Europe & Central Asia,7111024.0,89.7055641075155
SRB3017,SRB,Serbia,2006,83.46261013152713,67.0,RPM,Europe & Central Asia,7111024.0,89.7055641075155
SRB4065,SRB,Serbia,2006,82.6087616306055,404.0,RPM,Europe & Central Asia,7111024.0,89.7055641075155
SRB5243,SRB,Serbia,2006,95.76135714759067,74.0,RPM,Europe & Central Asia,7111024.0,89.7055641075155
SRB8348,SRB,Serbia,2006,77.51095115952384,63.0,RPM,Europe & Central Asia,7111024.0,89.7055641075155
SRB1195,SRB,Serbia,2007,89.50988168543046,90.0,RPM,Europe & Central Asia,7111024.0,89.7055641075155
SRB4962,SRB,Serbia,2007,82.54431005980652,72.0,RPM,Europe & Central Asia,7111024.0,89.7055641075155
SRB6215,SRB,Serbia,2007,100.02265171586251,2334.0,RPM,Europe & Central Asia,7111024.0,89.7055641075155
SRB4992,SRB,Serbia,2008,61.25868520793941,105.0,RPM,Europe & Central Asia,7111024.0,89.7055641075155
SRB1862,SRB,Serbia,2009,99.964873895225,333.0,RPM,Europe & Central Asia,7111024.0,89.7055641075155
SRB5821,SRB,Serbia,2013,107.22772148749999,122.0,RPM,Europe & Central Asia,7111024.0,89.7055641075155
SRB2217,SRB,Serbia,2013,91.18356076125832,910.0,RPM,Europe & Central Asia,7111024.0,89.7055641075155
SYC1160,SYC,Seychelles,1989,78.75999999999999,643.0,WIS,Sub-Saharan Africa,93920.0,78.75999999999999
SLE7153,SLE,Sierra Leone,1966,60.0,89.0,RPM,Sub-Saharan Africa,6163195.0,59.99999999999999
SLE7602,SLE,Sierra Leone,1966,60.0,30.0,RPM,Sub-Saharan Africa,6163195.0,59.99999999999999
SGP5605,SGP,Singapore,1977,104.7778338,147.0,RPM,East Asia & Pacific,5888926.0,106.17427290427199
SGP9284,SGP,Singapore,1977,96.1750625,190.0,RPM,East Asia & Pacific,5888926.0,106.17427290427199
SGP6975,SGP,Singapore,1988,122.5917351771,459.0,RPM,East Asia & Pacific,5888926.0,106.17427290427199
SGP2784,SGP,Singapore,2001,97.43583311999997,521.0,RPM,East Asia & Pacific,5888926.0,106.17427290427199
SGP6778,SGP,Singapore,2001,88.98504908999998,276.0,RPM,East Asia & Pacific,5888926.0,106.17427290427199
SVK2338,SVK,Slovakia,1983,95.31822500000003,833.0,RPM,Europe & Central Asia,5445829.0,96.28279426727521
SVN2402,SVN,Slovenia,1988,95.43942257962485,267.0,RPM,Europe & Central Asia,1972126.0,98.7002489200479
SVN5820,SVN,Slovenia,1988,101.44002727272724,1432.0,RPM,Europe & Central Asia,1972126.0,98.7002489200479
SVN2723,SVN,Slovenia,1998,93.9185711711111,1265.0,RPM,Europe & Central Asia,1972126.0,98.7002489200479
SVN2984,SVN,Slovenia,1998,103.37481594285714,1363.0,RPM,Europe & Central Asia,1972126.0,98.7002489200479
SVN9451,SVN,Slovenia,1998,101.04243056250002,1495.0,RPM,Europe & Central Asia,1972126.0,98.7002489200479
SVN2537,SVN,Slovenia,1999,92.1,1080.0,WIS,Europe & Central Asia,1972126.0,98.7002489200479
SVN3452,SVN,Slovenia,2005,96.98957202926252,1668.0,RPM,Europe & Central Asia,1972126.0,98.7002489200479
SOM7155,SOM,Somalia,2015,67.67491892113637,2440.0,RPM,Sub-Saharan Africa,11031386.0,67.67491892113637
ZAF1935,ZAF,South Africa,1990,70.73234159999998,350.0,RPM,Sub-Saharan Africa,54841552.0,69.79818526640575
ZAF1821,ZAF,South Africa,1992,79.53619043999998,105.0,RPM,Sub-Saharan Africa,54841552.0,69.79818526640575
ZAF8432,ZAF,South Africa,1992,63.42065434209429,815.0,RPM,Sub-Saharan Africa,54841552.0,69.79818526640575
ZAF3076,ZAF,South Africa,1992,82.12546684539998,778.0,RPM,Sub-Saharan Africa,54841552.0,69.79818526640575
ZAF3873,ZAF,South Africa,1992,89.6239364194,1063.0,RPM,Sub-Saharan Africa,54841552.0,69.79818526640575
ZAF7450,ZAF,South Africa,1992,70.94282177499997,1093.0,RPM,Sub-Saharan Africa,54841552.0,69.79818526640575
ZAF8035,ZAF,South Africa,1992,94.91092964979998,1056.0,RPM,Sub-Saharan Africa,54841552.0,69.79818526640575
ZAF4180,ZAF,South Africa,2000,60.0,19.0,RPM,Sub-Saharan Africa,54841552.0,69.79818526640575
ZAF6716,ZAF,South Africa,2000,64.6347912965781,185.0,RPM,Sub-Saharan Africa,54841552.0,69.79818526640575
ZAF7824,ZAF,South Africa,2000,65.69926195000002,176.0,RPM,Sub-Saharan Africa,54841552.0,69.79818526640575
ZAF7089,ZAF,South Africa,2000,60.0,806.0,RPM,Sub-Saharan Africa,54841552.0,69.79818526640575
ZAF1314,ZAF,South Africa,2001,68.99999999999997,100.0,WIS,Sub-Saharan Africa,54841552.0,69.79818526640575
ZAF4568,ZAF,South Africa,2001,63.49999999999997,152.0,WIS,Sub-Saharan Africa,54841552.0,69.79818526640575
ZAF4366,ZAF,South Africa,2008,86.35022365143337,413.0,RPM,Sub-Saharan Africa,54841552.0,69.79818526640575
ZAF5245,ZAF,South Africa,2008,90.31443654183991,356.0,RPM,Sub-Saharan Africa,54841552.0,69.79818526640575
ZAF3016,ZAF,South Africa,2010,71.998533165418,181.0,RPM,Sub-Saharan Africa,54841552.0,69.79818526640575
ZAF4435,ZAF,South Africa,2010,88.91804731434434,161.0,RPM,Sub-Saharan Africa,54841552.0,69.79818526640575
ZAF7688,ZAF,South Africa,2010,70.05401393334765,159.0,RPM,Sub-Saharan Africa,54841552.0,69.79818526640575
SSD8991,SSD,South Sudan,2009,60.23938561711348,1186.0,RPM,Sub-Saharan Africa,13026129.0,60.114141404905396
SSD3712,SSD,South Sudan,2009,60.0,191.0,RPM,Sub-Saharan Africa,13026129.0,60.114141404905396
SSD1077,SSD,South Sudan,2016,60.0,2366.0,RPM,Sub-Saharan Africa,13026129.0,60.114141404905396
SSD2648,SSD,South Sudan,2016,60.0,606.0,RPM,Sub-Saharan Africa,13026129.0,60.114141404905396
SSD8765,SSD,South Sudan,2017,75.30527370574998,13.785,RPM,Sub-Saharan Africa,13026129.0,60.114141404905396
ESP8884,ESP,Spain,1994,91.32391666666669,1189.0,RPM,Europe & Central Asia,48958159.0,94.02186309478378
ESP3771,ESP,Spain,1999,94.41999999999999,1269.0,WIS,Europe & Central Asia,48958159.0,94.02186309478378
ESP2958,ESP,Spain,2010,89.49866813451493,157.0,RPM,Europe & Central Asia,48958159.0,94.02186309478378
ESP9232,ESP,Spain,2010,92.89880158163056,101.0,RPM,Europe & Central Asia,48958159.0,94.02186309478378
ESP8271,ESP,Spain,2012,90.78305520269656,258.0,RPM,Europe & Central Asia,48958159.0,94.02186309478378
ESP5392,ESP,Spain,2014,96.60966722279795,477.0,RPM,Europe & Central Asia,48958159.0,94.02186309478378
LKA8652,LKA,Sri Lanka,2000,95.27488885759999,12.0,RPM,South Asia,22409381.0,86.61811035157457
LKA9591,LKA,Sri Lanka,2000,92.6267037824,12.0,RPM,South Asia,22409381.0,86.61811035157457
LKA6243,LKA,Sri Lanka,2017,86.03955303333336,302.0,RPM,South Asia,22409381.0,86.61811035157457
SDN1352,SDN,Sudan,1999,80.85612672470884,4377.0,RPM,Sub-Saharan Africa,37345935.0,77.95458516472871
SDN7769,SDN,Sudan,1999,78.74037442233553,2500.0,RPM,Sub-Saharan Africa,37345935.0,77.95458516472871
SDN1289,SDN,Sudan,2001,79.99327428571428,4011.5833333333335,RPM,Sub-Saharan Africa,37345935.0,77.95458516472871
SDN5704,SDN,Sudan,2001,84.15544179165789,2865.416666666667,RPM,Sub-Saharan Africa,37345935.0,77.95458516472871
SDN3980,SDN,Sudan,2003,84.03049999999999,145.0,RPM,Sub-Saharan Africa,37345935.0,77.95458516472871
SDN5195,SDN,Sudan,2004,67.54217249375,1683.0,RPM,Sub-Saharan Africa,37345935.0,77.95458516472871
SDN3606,SDN,Sudan,2006,70.46044999999998,1683.0,RPM,Sub-Saharan Africa,37345935.0,77.95458516472871
SDN5606,SDN,Sudan,2007,72.28639599999998,537.0,RPM,Sub-Saharan Africa,37345935.0,77.95458516472871
SDN1388,SDN,Sudan,2008,74.82553588787073,3185.0,RPM,Sub-Saharan Africa,37345935.0,77.95458516472871
SDN3916,SDN,Sudan,2008,84.26581156903202,1001.0,RPM,Sub-Saharan Africa,37345935.0,77.95458516472871
SDN1601,SDN,Sudan,2010,75.53,1460.0,WIS,Sub-Saharan Africa,37345935.0,77.95458516472871
SDN2829,SDN,Sudan,2010,71.09790429714283,2027.0,RPM,Sub-Saharan Africa,37345935.0,77.95458516472871
SDN5748,SDN,Sudan,2010,73.02913298656594,3632.0,RPM,Sub-Saharan Africa,37345935.0,77.95458516472871
SDN9580,SDN,Sudan,2010,65.89589256674998,981.0,RPM,Sub-Saharan Africa,37345935.0,77.95458516472871
SDN1463,SDN,Sudan,2015,89.32631860234372,3411.0,RPM,Sub-Saharan Africa,37345935.0,77.95458516472871
SDN2577,SDN,Sudan,2015,75.41025784037915,698.0,RPM,Sub-Saharan Africa,37345935.0,77.95458516472871
SDN8415,SDN,Sudan,2015,81.89871651428567,3411.0,RPM,Sub-Saharan Africa,37345935.0,77.95458516472871
SDN4915,SDN,Sudan,2016,77.69071057005667,5189.0,RPM,Sub-Saharan Africa,37345935.0,77.95458516472871
SWE2425,SWE,Sweden,1998,96.44,1036.0,WIS,Europe & Central Asia,9960487.0,97.763229942089
CHE6518,CHE,Switzerland,1970,96.0302888888889,1000.0,RPM,Europe & Central Asia,8236303.0,99.335968817219
CHE7313,CHE,Switzerland,1989,101.26074444444446,209.0,RPM,Europe & Central Asia,8236303.0,99.335968817219
CHE8276,CHE,Switzerland,2006,101.00999999999999,126.0,WIS,Europe & Central Asia,8236303.0,99.335968817219
CHE4251,CHE,Switzerland,2016,100.53638124999998,138.0,RPM,Europe & Central Asia,8236303.0,99.335968817219
SYR4283,SYR,Syria,2004,72.47304295416663,981.0,RPM,Middle East & North Africa,18028549.0,74.41006143222774
SYR9116,SYR,Syria,2004,73.45628671853684,612.0,RPM,Middle East & North Africa,18028549.0,74.41006143222774
SYR1261,SYR,Syria,2004,73.41273984989415,588.0,RPM,Middle East & North Africa,18028549.0,74.41006143222774
SYR6869,SYR,Syria,2004,73.26928805541664,2723.0,RPM,Middle East & North Africa,18028549.0,74.41006143222774
SYR4825,SYR,Syria,2013,71.92771571753332,554.0,RPM,Middle East & North Africa,18028549.0,74.41006143222774
SYR4919,SYR,Syria,2013,72.58764582254857,569.0,RPM,Middle East & North Africa,18028549.0,74.41006143222774
TWN7259,TWN,Taiwan,1985,108.96879285714284,118.0,RPM,East Asia & Pacific,23508428.0,106.58791049336799
TWN9110,TWN,Taiwan,1985,94.74345302197804,118.0,RPM,East Asia & Pacific,23508428.0,106.58791049336799
TWN6602,TWN,Taiwan,1989,104.70036714285713,2476.0,RPM,East Asia & Pacific,23508428.0,106.58791049336799
TWN4172,TWN,Taiwan,1991,112.28410000000001,443.0,RPM,East Asia & Pacific,23508428.0,106.58791049336799
TWN3816,TWN,Taiwan,2005,107.10283669167501,1506.0,RPM,East Asia & Pacific,23508428.0,106.58791049336799
TWN4083,TWN,Taiwan,2005,105.09423442812499,1906.0,RPM,East Asia & Pacific,23508428.0,106.58791049336799
TWN9793,TWN,Taiwan,2005,115.69942077914999,2878.0,RPM,East Asia & Pacific,23508428.0,106.58791049336799
TJK5305,TJK,Tajikistan,2016,87.71476303333336,674.0,RPM,Europe & Central Asia,8468555.0,87.71476303333336
TZA8412,TZA,Tanzania,1966,85.9787149875,1233.0,RPM,Sub-Saharan Africa,53950935.0,74.76304981009875
TZA4572,TZA,Tanzania,1966,73.10407872660745,1726.0,RPM,Sub-Saharan Africa,53950935.0,74.76304981009875
TZA6050,TZA,Tanzania,1980,71.86696056902034,179.0,RPM,Sub-Saharan Africa,53950935.0,74.76304981009875
TZA1468,TZA,Tanzania,1999,63.145000000000024,109.0,RPM,Sub-Saharan Africa,53950935.0,74.76304981009875
TZA3801,TZA,Tanzania,2016,62.55889291249998,823.0,RPM,Sub-Saharan Africa,53950935.0,74.76304981009875
THA9367,THA,Thailand,1957,77.57154433333336,1285.0,RPM,East Asia & Pacific,68414135.0,89.09265358443757
THA3965,THA,Thailand,1966,77.82421482000001,898.75,RPM,East Asia & Pacific,68414135.0,89.09265358443757
THA8471,THA,Thailand,1966,77.05594171307439,539.25,RPM,East Asia & Pacific,68414135.0,89.09265358443757
THA3678,THA,Thailand,1970,83.98,70.0,WIS,East Asia & Pacific,68414135.0,89.09265358443757
THA4219,THA,Thailand,1978,60.0,1462.0,RPM,East Asia & Pacific,68414135.0,89.09265358443757
THA2356,THA,Thailand,1980,81.94629893771553,150.0,RPM,East Asia & Pacific,68414135.0,89.09265358443757
THA7341,THA,Thailand,1989,83.645,1358.0,RPM,East Asia & Pacific,68414135.0,89.09265358443757
THA6473,THA,Thailand,1995,71.62,529.0,WIS,East Asia & Pacific,68414135.0,89.09265358443757
THA8691,THA,Thailand,2000,89.01755757331493,400.0,RPM,East Asia & Pacific,68414135.0,89.09265358443757
THA2256,THA,Thailand,2003,105.97680685430001,900.0,RPM,East Asia & Pacific,68414135.0,89.09265358443757
THA5629,THA,Thailand,2006,100.37295267200003,380.0,RPM,East Asia & Pacific,68414135.0,89.09265358443757
THA2735,THA,Thailand,2006,97.52863486249998,3848.0,RPM,East Asia & Pacific,68414135.0,89.09265358443757
THA3458,THA,Thailand,2006,104.84468251541998,826.5125538929749,RPM,East Asia & Pacific,68414135.0,89.09265358443757
THA7760,THA,Thailand,2006,109.74318044021584,888.812393405344,RPM,East Asia & Pacific,68414135.0,89.09265358443757
THA7616,THA,Thailand,2006,96.5105803253611,668.0,RPM,East Asia & Pacific,68414135.0,89.09265358443757
THA5626,THA,Thailand,2007,84.48277090492545,560.0,RPM,East Asia & Pacific,68414135.0,89.09265358443757
THA3812,THA,Thailand,2007,84.82,560.0,WIS,East Asia & Pacific,68414135.0,89.09265358443757
TUR4222,TUR,Turkey,1992,86.65687470588234,2396.0,RPM,Europe & Central Asia,80845215.0,87.1440867237034
TUR5288,TUR,Turkey,2006,96.16154999999998,121.0,RPM,Europe & Central Asia,80845215.0,87.1440867237034
TUR5199,TUR,Turkey,2009,87.10175680200845,271.0,RPM,Europe & Central Asia,80845215.0,87.1440867237034
UGA7703,UGA,Uganda,1972,81.05500629550082,2019.0,RPM,Sub-Saharan Africa,39570125.0,76.47705422914173
UGA1564,UGA,Uganda,2011,61.99649799690917,448.0,RPM,Sub-Saharan Africa,39570125.0,76.47705422914173
UGA9851,UGA,Uganda,2011,60.14456923886548,292.0,RPM,Sub-Saharan Africa,39570125.0,76.47705422914173
UKR9711,UKR,Ukraine,2008,88.60664639999996,132.0,RPM,Europe & Central Asia,44033874.0,90.61780447641814
ARE2499,ARE,United Arab Emirates,1997,79.47521010833333,5397.0,RPM,Middle East & North Africa,6072475.0,82.03602627047022
GBR7387,GBR,United Kingdom,1979,99.83953684210523,3176.0,RPM,Europe & Central Asia,64769452.0,99.66185472324818
GBR4760,GBR,United Kingdom,1982,96.11832307692308,598.0,RPM,Europe & Central Asia,64769452.0,99.66185472324818
GBR1967,GBR,United Kingdom,1990,99.62260709999998,239.0,RPM,Europe & Central Asia,64769452.0,99.66185472324818
GBR6442,GBR,United Kingdom,1992,99.39024545454544,603.0,RPM,Europe & Central Asia,64769452.0,99.66185472324818
GBR5782,GBR,United Kingdom,2007,101.72497954545456,846.0,RPM,Europe & Central Asia,64769452.0,99.66185472324818
GBR3956,GBR,United Kingdom,2013,92.38776996383334,332.0,RPM,Europe & Central Asia,64769452.0,99.66185472324818
USA7811,USA,United States,1945,93.43,106.0,SBIS,North America,326625791.0,97.50435606523484
USA1556,USA,United States,1945,85.74249999999999,106.0,SBIS,North America,326625791.0,97.50435606523484
USA6712,USA,United States,1955,96.43,2393.0,WIS,North America,326625791.0,97.50435606523484
USA2938,USA,United States,1960,102.398,3014.0,WIS,North America,326625791.0,97.50435606523484
USA8445,USA,United States,1963,96.36000000000001,8289.0,SBIS,North America,326625791.0,97.50435606523484
USA8815,USA,United States,1966,89.24,8289.0,WIS,North America,326625791.0,97.50435606523484
USA9146,USA,United States,1968,109.36000000000001,116.0,SBIS,North America,326625791.0,97.50435606523484
USA4922,USA,United States,1970,97.18,46.0,WIS,North America,326625791.0,97.50435606523484
USA5612,USA,United States,1970,90.68,46.0,WIS,North America,326625791.0,97.50435606523484
USA5677,USA,United States,1973,103.74413383702104,7412.0,SBIS,North America,326625791.0,97.50435606523484
USA1451,USA,United States,1973,90.66611998064828,8268.0,SBIS,North America,326625791.0,97.50435606523484
USA7344,USA,United States,1973,91.95408295281582,5256.0,WIS,North America,326625791.0,97.50435606523484
USA2277,USA,United States,1973,80.79856492521135,4613.0,WIS,North America,326625791.0,97.50435606523484
USA5467,USA,United States,1974,104.74183028286191,601.0,WIS,North America,326625791.0,97.50435606523484
USA7230,USA,United States,1974,96.34,14.0,WIS,North America,326625791.0,97.50435606523484
USA3025,USA,United States,1974,100.05693181818182,528.0,WIS,North America,326625791.0,97.50435606523484
USA7007,USA,United States,1974,103.58814814814816,27.0,WIS,North America,326625791.0,97.50435606523484
USA8893,USA,United States,1974,103.06051282051283,78.0,SBIS,North America,326625791.0,97.50435606523484
USA5375,USA,United States,1974,82.2,50.0,WIS,North America,326625791.0,97.50435606523484
USA8435,USA,United States,1975,96.01,82.0,WIS,North America,326625791.0,97.50435606523484
USA4574,USA,United States,1975,82.08,61.0,WIS,North America,326625791.0,97.50435606523484
USA5683,USA,United States,1976,109.86,198.0,WIS,North America,326625791.0,97.50435606523484
USA5347,USA,United States,1976,109.26,14.0,WIS,North America,326625791.0,97.50435606523484
USA4671,USA,United States,1976,105.54,82.0,WIS,North America,326625791.0,97.50435606523484
USA2463,USA,United States,1976,109.94,48.0,SBIS,North America,326625791.0,97.50435606523484
USA1124,USA,United States,1978,74.86217054263564,129.0,WIS,North America,326625791.0,97.50435606523484
USA8711,USA,United States,1980,101.91499999999999,1221.0,SBIS,North America,326625791.0,97.50435606523484
USA2488,USA,United States,1981,83.565,146.0,WIS,North America,326625791.0,97.50435606523484
USA8565,USA,United States,1981,94.97999999999999,44.0,WIS,North America,326625791.0,97.50435606523484
USA7656,USA,United States,1981,80.52000000000001,48.0,WIS,North America,326625791.0,97.50435606523484
USA2101,USA,United States,1985,100.91097548252768,166.66666666666666,RPM,North America,326625791.0,97.50435606523484
USA5299,USA,United States,1985,93.63762263157892,833.3333333333333,RPM,North America,326625791.0,97.50435606523484
USA1726,USA,United States,1986,105.17,1230.0,WIS,North America,326625791.0,97.50435606523484
USA5834,USA,United States,1986,97.0272,346.0,RPM,North America,326625791.0,97.50435606523484
USA5925,USA,United States,1986,94.95001428571427,309.0,RPM,North America,326625791.0,97.50435606523484
USA8527,USA,United States,1986,87.75969999999998,311.0,RPM,North America,326625791.0,97.50435606523484
USA9912,USA,United States,1986,84.56068571428571,333.0,RPM,North America,326625791.0,97.50435606523484
USA2743,USA,United States,1987,90.44000000000001,179.5,SBIS,North America,326625791.0,97.50435606523484
USA8646,USA,United States,1987,70.5,179.5,SBIS,North America,326625791.0,97.50435606523484
USA3485,USA,United States,1988,88.58,50.0,WIS,North America,326625791.0,97.50435606523484
USA4191,USA,United States,1989,100.63,179.5,WIS,North America,326625791.0,97.50435606523484
USA4752,USA,United States,1989,82.54,179.5,WIS,North America,326625791.0,97.50435606523484
USA9752,USA,United States,1993,99.02,776.0,WIS,North America,326625791.0,97.50435606523484
USA7234,USA,United States,1993,97.64899999999997,603.0,RPM,North America,326625791.0,97.50435606523484
USA5433,USA,United States,1995,92.91381642512079,1439.0,SBIS,North America,326625791.0,97.50435606523484
USA6430,USA,United States,1995,90.16999999999996,100.0,KABC,North America,326625791.0,97.50435606523484
USA1919,USA,United States,1995,88.44499999999998,100.0,KABC,North America,326625791.0,97.50435606523484
USA8437,USA,United States,1996,75.38,531.0,WIS,North America,326625791.0,97.50435606523484
USA6627,USA,United States,1997,76.02,533.0,WIS,North America,326625791.0,97.50435606523484
USA3100,USA,United States,1999,95.56,722.0,WIS,North America,326625791.0,97.50435606523484
USA6185,USA,United States,2001,86.2,40.964,SBIS,North America,326625791.0,97.50435606523484
USA3444,USA,United States,2001,78.2,113.036,SBIS,North America,326625791.0,97.50435606523484
USA6185,USA,United States,2001,88.5,40.964,SBIS,North America,326625791.0,97.50435606523484
USA8156,USA,United States,2001,79.9,113.036,SBIS,North America,326625791.0,97.50435606523484
USA2354,USA,United States,2004,96.78,582.0,WIS,North America,326625791.0,97.50435606523484
USA4338,USA,United States,2013,101.15,804.0,WIS,North America,326625791.0,97.50435606523484
USA5836,USA,United States,2013,78.88,176.0,WIS,North America,326625791.0,97.50435606523484
UZB6176,UZB,Uzbekistan,2013,89.00641551681042,51.0,RPM,Europe & Central Asia,29748859.0,89.00641551681042
VEN6429,VEN,Venezuela,2002,92.08,82.0,WIS,Latin America & Caribbean,31304016.0,83.05783168476643
VEN4627,VEN,Venezuela,2003,79.31,40.0,WIS,Latin America & Caribbean,31304016.0,83.05783168476643
VEN7367,VEN,Venezuela,2008,71.75,79.0,WIS,Latin America & Caribbean,31304016.0,83.05783168476643
VNM5858,VNM,Vietnam,2000,78.03200897500002,251.0,RPM,East Asia & Pacific,96160163.0,89.60830895024351
VNM8413,VNM,Vietnam,2002,75.00260929957736,197.0,RPM,East Asia & Pacific,96160163.0,89.60830895024351
VNM3474,VNM,Vietnam,2011,79.1481461056,469.0,RPM,East Asia & Pacific,96160163.0,89.60830895024351
YEM8656,YEM,Yemen,2008,76.26200199375,986.0,RPM,Middle East & North Africa,28036829.0,66.11459192549623
YEM7411,YEM,Yemen,2014,70.07626645714285,1918.0,RPM,Middle East & North Africa,28036829.0,66.11459192549623
ZWE7419,ZWE,Zimbabwe,1962,74.0062144,1842.0,RPM,Sub-Saharan Africa,13805084.0,74.0062144
