country,iso3,year,IQ,test_type,n_individuals,domain
Angola,AGO,2013,75.1,WIS,19.0,2.0
Argentina,ARG,1948,86.2212581448,RPM,1680.0,1.0
Argentina,ARG,1964,89.51733390640001,RPM,880.0,1.0
Argentina,ARG,1996,104.52186666666668,RPM,420.0,1.0
Argentina,ARG,1997,100.5950203112,RPM,1740.0,1.0
Argentina,ARG,1998,99.70005819999996,RPM,1390.0,1.0
Australia,AUS,1980,97.99766666666667,RPM,640.0,1.0
Australia,AUS,1986,105.83279095645209,RPM,666.6666666666667,1.0
Australia,AUS,1986,100.28304733333331,RPM,3333.333333333333,1.0
Australia,AUS,2005,93.59782868361668,RPM,615.0,1.0
Australia,AUS,2016,96.3274868392,RPM,455.0,1.0
Australia,AUS,2017,98.3927310472,RPM,252.0,1.0
Austria,AUT,1991,98.87204902289996,RPM,81.0,1.0
Austria,AUT,2008,119.23210385625,RPM,51.0,1.0
Austria,AUT,2008,88.57819756750334,RPM,71.0,1.0
"Bahamas, The",BHS,1988,87.28999999999999,OLSAT,694.0,2.0
"Bahamas, The",BHS,1999,81.14999999999998,WIS,29.0,2.0
Bahrain,BHR,2015,86.81909626719056,WIS,1018.0,2.0
Bangladesh,BGD,1995,88.46000000000001,MSE,246.0,2.0
Bangladesh,BGD,1995,75.66,MSE,426.0,2.0
Bangladesh,BGD,2004,75.63176411290323,RPM,3964.0,1.0
Bangladesh,BGD,2004,71.91999999999999,WIS,4111.0,2.0
Bangladesh,BGD,2004,72.38,WIS,296.0,2.0
Barbados,BRB,1987,88.58166666666666,WIS,58.0,2.0
Barbados,BRB,2014,94.15,WIS,59.0,2.0
Belarus,BLR,2003,97.7,WIS,6912.0,2.0
Belarus,BLR,2003,105.5,WIS,6912.0,2.0
Belgium,BEL,1997,96.63423076923075,WIS,104.0,2.0
Belgium,BEL,1998,98.79999999999995,WIS,761.0,2.0
Benin,BEN,2017,70.35899155794769,RPM,4054.0,1.0
Bermuda,BMU,1976,85.82,WIS,89.0,2.0
Bermuda,BMU,1985,95.58,SBIS,163.0,2.0
Bermuda,BMU,1985,93.23,SBIS,163.0,2.0
Bermuda,BMU,1988,95.16,SBIS,200.0,2.0
Bolivia,BOL,1970,67.94999999999999,SBIS,94.0,2.0
Bolivia,BOL,2006,91.38,WIS,41.0,2.0
Bolivia,BOL,2006,92.03,WIS,21.0,2.0
Bosnia and Herzegovina,BIH,2005,93.08230928024422,RPM,239.0,1.0
Bosnia and Herzegovina,BIH,2005,88.76494287519998,RPM,266.0,1.0
Botswana,BWA,1995,76.06157116051497,RPM,140.0,1.0
Brazil,BRA,1988,82.33750714285713,RPM,1417.0,1.0
Brazil,BRA,1990,89.96201301120004,RPM,562.0,1.0
Brazil,BRA,2000,66.38821519999999,RPM,223.0,1.0
Brazil,BRA,2000,97.061,RPM,186.0,1.0
Brazil,BRA,2000,77.76450879999999,RPM,718.0,1.0
Brazil,BRA,2000,91.4069,RPM,735.0,1.0
Brazil,BRA,2000,87.64910178330001,RPM,243.0,1.0
Brazil,BRA,2001,94.7713746516,RPM,87.0,1.0
Brazil,BRA,2004,84.32857550165713,RPM,779.0,1.0
Brazil,BRA,2004,94.00666666666667,SON-R,83.0,1.0
Brazil,BRA,2006,87.73813819999998,RPM,374.0,1.0
Brazil,BRA,2007,84.46291368000001,RPM,169.0,1.0
Brazil,BRA,2007,92.1610265,RPM,372.0,1.0
Brazil,BRA,2007,97.14299505999998,RPM,100.0,1.0
Brazil,BRA,2007,65.3778336448,RPM,59.0,1.0
Brazil,BRA,2007,91.358836925,RPM,143.0,1.0
Brazil,BRA,2008,83.13916479999997,RPM,160.0,1.0
Brazil,BRA,2008,95.40652069434174,RPM,55.0,1.0
Brazil,BRA,2008,85.04317154999998,RPM,174.0,1.0
Brazil,BRA,2008,96.1887631,RPM,197.0,1.0
Brazil,BRA,2008,83.9657291375,RPM,239.0,1.0
Brazil,BRA,2008,76.72,WIS,83.0,2.0
Brazil,BRA,2010,95.00252198250004,RPM,215.0,1.0
Brazil,BRA,2014,85.6725497498,RPM,355.0,1.0
Bulgaria,BGR,1982,87.15714285714287,CFT,1456.0,1.0
Burkina Faso,BFA,2008,73.79999999999997,WIS,4635.0,2.0
Cambodia,KHM,1993,60.0,CFT,44.0,1.0
Cambodia,KHM,1993,80.20339657301201,RPM,306.0,1.0
Cambodia,KHM,2016,101.68047700854166,RPM,2831.0,1.0
Canada,CAN,1972,91.2164527,RPM,219.0,1.0
Canada,CAN,1976,76.02494999999999,WIS,100.0,2.0
Canada,CAN,1976,75.32916666666667,WIS,60.0,2.0
Canada,CAN,1979,96.2022,RPM,313.0,1.0
Canada,CAN,1994,97.8,WIS,1100.0,2.0
Canada,CAN,1995,68.46485707642844,RPM,304.0,1.0
Canada,CAN,1997,103.6,WIS,548.0,2.0
Canada,CAN,1997,102.8,WIS,542.0,2.0
Canada,CAN,2008,101.12,WIS,362.0,2.0
Canada,CAN,2008,102.0,WIS,681.0,2.0
Chile,CHL,2000,88.32824199999999,RPM,1685.0,1.0
Chile,CHL,2000,99.69125713301942,RPM,391.0,1.0
Chile,CHL,2006,87.82999999999998,WIS,108.0,2.0
Chile,CHL,2006,88.13999999999999,WIS,107.0,2.0
Chile,CHL,2012,75.50440246520101,RPM,102.0,1.0
China,CHN,1980,101.82,WIS,352.0,2.0
China,CHN,1984,106.1,WIS,660.0,2.0
China,CHN,1986,92.39067369072326,RPM,5108.0,1.0
China,CHN,1986,99.76477842105264,RPM,5108.0,1.0
China,CHN,1992,118.59203486238982,RPM,1497.0,1.0
China,CHN,1992,113.805575,RPM,1799.0,1.0
China,CHN,2016,94.07997078642606,RPM,750.0,1.0
Colombia,COL,1969,67.72,WIS,14.0,2.0
Colombia,COL,1972,82.71333333333334,SBIS,353.0,2.0
Colombia,COL,2011,87.68499999999999,WIS,423.0,2.0
"Congo, Democratic Republic of the",COD,1993,60.0,KABC,30.0,1.0
"Congo, Democratic Republic of the",COD,1993,65.70999999999998,KABC,97.0,1.0
"Congo, Democratic Republic of the",COD,1993,63.30999999999997,KABC,97.0,1.0
"Congo, Democratic Republic of the",COD,1993,67.63499999999998,KABC,32.0,1.0
"Congo, Democratic Republic of the",COD,1993,60.0,KABC,23.0,1.0
"Congo, Democratic Republic of the",COD,1995,60.0,KABC,87.0,1.0
"Congo, Democratic Republic of the",COD,2002,68.15690000000001,RPM,155.0,1.0
"Congo, Democratic Republic of the",COD,2002,68.15690000000001,RPM,28.0,1.0
"Congo, Republic of the",COG,1994,62.96627639999999,RPM,88.0,1.0
Costa Rica,CRI,2008,74.51233336123747,RPM,73.0,1.0
Costa Rica,CRI,2008,100.38957837313332,RPM,80.0,1.0
Croatia,HRV,2008,92.4958129741753,RPM,396.0,1.0
Croatia,HRV,2014,90.21391266758611,RPM,82.0,1.0
Cuba,CUB,1973,86.90267591,RPM,1065.0,1.0
Cuba,CUB,1973,84.49239262680933,RPM,386.0,1.0
Cuba,CUB,2000,77.06552008872539,RPM,589.0,1.0
Cyprus,CYP,2006,95.23149317073386,RPM,290.8795180722892,1.0
Cyprus,CYP,2006,95.79756866166456,RPM,3222.0,1.0
Denmark,DNK,1967,97.4865822376,RPM,628.0,1.0
Djibouti,DJI,2017,60.0,RPM,2770.0,1.0
Dominica,DMA,2005,65.78700679147988,RPM,373.0,1.0
Dominica,DMA,2005,66.288803557475,RPM,352.0,1.0
Dominican Republic,DOM,1982,89.15,WIS,34.0,2.0
Ecuador,ECU,1998,84.88163599999999,RPM,25.0,1.0
Ecuador,ECU,1998,64.65271562500001,RPM,16.0,1.0
Ecuador,ECU,2010,78.2477012,RPM,26.0,1.0
Ecuador,ECU,2010,79.18593239999998,RPM,59.0,1.0
Egypt,EGY,1986,97.88647032418768,RPM,2385.0,1.0
Egypt,EGY,1986,87.429598,RPM,5215.0,1.0
Egypt,EGY,1988,77.08314129294482,RPM,452.0,1.0
Egypt,EGY,1995,63.99891185468751,RPM,110.0,1.0
Egypt,EGY,1995,70.59999999999998,WIS,110.0,2.0
Egypt,EGY,1995,77.51918750000007,RPM,170.0,1.0
Egypt,EGY,2000,77.94913392537288,RPM,2147.0,1.0
Egypt,EGY,2012,85.40752,RPM,11284.0,1.0
Egypt,EGY,2017,89.45904144285711,RPM,1756.0,1.0
Eritrea,ERI,1990,66.67045815999998,RPM,450.0,1.0
Eritrea,ERI,1995,87.94573120000003,RPM,74.0,1.0
Eritrea,ERI,1996,66.16969759999998,RPM,40.0,1.0
Eritrea,ERI,1996,66.6143654,RPM,200.0,1.0
Estonia,EST,2001,103.04565424119583,RPM,1390.0,1.0
Estonia,EST,2001,97.84173084023944,RPM,3484.0,1.0
Ethiopia,ETH,1991,67.26239999999999,RPM,250.0,1.0
Ethiopia,ETH,1998,70.59621125259997,RPM,46.0,1.0
Ethiopia,ETH,1998,83.38532220000002,RPM,29.0,1.0
Ethiopia,ETH,2002,72.03628813520001,RPM,236.0,1.0
Ethiopia,ETH,2010,60.08096875519998,RPM,77.0,1.0
Ethiopia,ETH,2010,60.0,RPM,69.0,1.0
Finland,FIN,1970,99.56450328333332,RPM,759.0,1.0
Finland,FIN,2008,94.01794260000004,RPM,403.0,1.0
Finland,FIN,2014,100.5,WIS,657.0,2.0
"Gambia, The",GMB,2001,60.0,RPM,288.0,1.0
"Gambia, The",GMB,2001,60.0,RPM,291.0,1.0
"Gambia, The",GMB,2006,60.0,RPM,144.0,1.0
"Gambia, The",GMB,2006,60.0,RPM,418.0,1.0
"Gambia, The",GMB,2011,60.0,RPM,739.0,1.0
"Gambia, The",GMB,2011,60.0,RPM,711.0,1.0
Gaza Strip,PSE,1981,77.7181818181818,WIS,639.0,2.0
Gaza Strip,PSE,2011,85.80729230769234,RPM,1258.0,1.0
Gaza Strip,PSE,2011,88.14998571428572,RPM,257.0,1.0
Gaza Strip,PSE,2012,69.97416242218748,RPM,2067.0,1.0
Gaza Strip,PSE,2012,75.58933659056329,RPM,2464.0,1.0
Germany,DEU,1988,105.04477582573998,RPM,192.0,1.0
Germany,DEU,1993,101.08523157613732,RPM,345.0,1.0
Germany,DEU,1997,104.64194999999998,RPM,646.0,1.0
Germany,DEU,1997,96.78,WIS,990.0,2.0
Germany,DEU,1998,103.05185405867002,RPM,1563.0,1.0
Germany,DEU,1998,105.99383571428572,RPM,1126.0,1.0
Germany,DEU,2006,99.28,WIS,126.0,2.0
Germany,DEU,2010,97.605,WIS,1650.0,2.0
Germany,DEU,2011,87.61787553886096,RPM,81.0,1.0
Germany,DEU,2011,102.88,WIS,52.0,2.0
Germany,DEU,2015,102.895,WIS,137.0,2.0
Ghana,GHA,1988,61.13924235710344,RPM,1563.0,1.0
Ghana,GHA,1990,60.0,RPM,1736.0,1.0
Ghana,GHA,2009,65.72329398140425,RPM,257.0,1.0
Ghana,GHA,2014,64.840945,RPM,734.0,1.0
Greece,GRC,1963,82.53353146853148,WIS,403.0,2.0
Greece,GRC,1995,89.96000000000001,WIS,956.0,2.0
Greenland,GRL,1995,94.68,WIS,40.0,2.0
Guatemala,GTM,1988,60.0,RPM,1754.0,1.0
Guatemala,GTM,2003,60.0,RPM,521.0,1.0
Guatemala,GTM,2003,60.0,RPM,948.0,1.0
Guatemala,GTM,2003,60.0,RPM,948.0,1.0
Guatemala,GTM,2003,60.0,RPM,521.0,1.0
Guatemala,GTM,2006,69.2516196421,RPM,577.0,1.0
Guatemala,GTM,2006,60.0,RPM,116.0,1.0
Haiti,HTI,1974,96.8472438349676,RPM,133.0,1.0
Haiti,HTI,1981,60.0,RPM,54.0,1.0
Hong Kong,HKG,1968,103.45748733333336,RPM,13822.0,1.0
Hong Kong,HKG,1982,108.9946,RPM,1000.0,1.0
Hong Kong,HKG,1982,105.3,CFT,376.0,1.0
Hong Kong,HKG,1982,110.06506000000002,RPM,4500.0,1.0
Hong Kong,HKG,1986,118.72041282100452,RPM,150.0,1.0
Hong Kong,HKG,1987,103.55,RPM,197.0,1.0
Hong Kong,HKG,1991,123.33789999999998,RPM,479.0,1.0
Hong Kong,HKG,2003,109.07740574099064,RPM,1497.0,1.0
Hungary,HUN,1998,99.36708,RPM,7588.0,1.0
Iceland,ISL,2000,99.42370777330264,RPM,31.0,1.0
Iceland,ISL,2000,100.5628580336842,RPM,519.0,1.0
India,IND,1968,67.04790628662026,RPM,300.0,1.0
India,IND,1984,78.0220828125,RPM,100.0,1.0
India,IND,1988,85.03999999999999,WIS,390.0,2.0
India,IND,1988,69.94,WIS,358.0,2.0
India,IND,1993,82.54179350000005,RPM,39.0,1.0
India,IND,1994,65.43666879999998,RPM,252.0,1.0
India,IND,1994,78.3951231854,RPM,360.0,1.0
India,IND,1994,68.077732175,RPM,290.0,1.0
India,IND,1997,88.69931020407878,RPM,2248.0,1.0
India,IND,1997,84.64451937499997,RPM,8609.0,1.0
India,IND,1998,60.1872375,RPM,26.0,1.0
India,IND,1998,60.1872375,RPM,1377.0,1.0
India,IND,2002,65.09477599999991,RPM,1072.0,1.0
India,IND,2004,79.70849999999996,RPM,100.75,1.0
India,IND,2004,86.51311249999995,RPM,100.75,1.0
India,IND,2004,72.23411249999998,RPM,100.75,1.0
India,IND,2004,64.76306249999996,RPM,100.75,1.0
India,IND,2010,60.0,RPM,838.0,1.0
India,IND,2010,72.02933402050448,RPM,3636.0,1.0
India,IND,2015,82.16333333333334,WIS,140.0,2.0
Indonesia,IDN,1980,60.0006050736603,RPM,25.0,1.0
Indonesia,IDN,1980,69.09454173187893,RPM,64.0,1.0
Indonesia,IDN,1980,88.85245147595819,RPM,74.0,1.0
Indonesia,IDN,1989,87.70899999999999,RPM,130.0,1.0
Indonesia,IDN,1996,80.29920000000001,RPM,54.0,1.0
Indonesia,IDN,1996,86.2002,RPM,49.0,1.0
Indonesia,IDN,1996,86.2002,RPM,48.0,1.0
Indonesia,IDN,1996,83.8254,RPM,99.0,1.0
Indonesia,IDN,1998,85.78020000000001,RPM,72.0,1.0
Indonesia,IDN,1998,81.05120000000002,RPM,136.0,1.0
Indonesia,IDN,1998,76.37100000000001,RPM,62.0,1.0
Indonesia,IDN,1998,81.05120000000002,RPM,125.0,1.0
Indonesia,IDN,1998,83.40540000000001,RPM,88.0,1.0
Indonesia,IDN,2000,62.9922896463325,RPM,621.0593,1.0
Indonesia,IDN,2009,77.58600280311998,RPM,47.0,1.0
Indonesia,IDN,2012,69.33387633983958,RPM,25.0,1.0
Indonesia,IDN,2012,83.55821270687247,RPM,25.0,1.0
Indonesia,IDN,2015,91.34707606686716,RPM,583.0,1.0
Iran,IRN,1974,81.86022922360642,RPM,1294.0,1.0
Iran,IRN,1974,78.57197267801143,RPM,3267.0,1.0
Iran,IRN,2009,77.76552435999997,RPM,1956.0,1.0
Iraq,IRQ,1972,84.4329661923784,RPM,1185.0,1.0
Iraq,IRQ,1972,86.4181,RPM,204.0,1.0
Iraq,IRQ,2011,101.25475299323644,RPM,529.0,1.0
Ireland,IRL,1990,88.56,WIS,200.0,2.0
Ireland,IRL,1990,90.79199666,RPM,191.0,1.0
Israel,ISR,1979,84.97900640928381,RPM,549.0,1.0
Israel,ISR,1979,89.113024621875,RPM,534.0,1.0
Israel,ISR,1979,97.5970563268902,RPM,845.0,1.0
Israel,ISR,1991,89.31158333333333,RPM,1740.0,1.0
Israel,ISR,1992,98.7419522,RPM,26.0,1.0
Israel,ISR,1998,93.34516019739996,RPM,11.0,1.0
Italy,ITA,1985,95.72419231518,RPM,459.0,1.0
Italy,ITA,1995,92.7892901248897,RPM,459.0,1.0
Italy,ITA,2008,90.46939752826668,RPM,3285.0,1.0
Italy,ITA,2010,88.42293517975716,RPM,134.0,1.0
Jamaica,JAM,1972,60.0,WIS,71.0,2.0
Jamaica,JAM,1982,80.62548276797291,RPM,159.0,1.0
Jamaica,JAM,1987,74.94604814474962,RPM,206.0,1.0
Jamaica,JAM,1989,60.0,WIS,40.0,2.0
Jamaica,JAM,1990,79.01452560000001,RPM,84.0,1.0
Jamaica,JAM,1991,64.88,WIS,19.0,2.0
Jamaica,JAM,1991,82.62,WIS,41.0,2.0
Jamaica,JAM,1992,76.22690000000003,RPM,56.0,1.0
Jamaica,JAM,1999,79.92,WIS,55.73,2.0
Jamaica,JAM,2000,67.06,WIS,80.0,2.0
Jamaica,JAM,2000,69.7038,RPM,80.0,1.0
Jamaica,JAM,2002,82.74269102812502,RPM,186.0,1.0
Jamaica,JAM,2003,67.5015151125,RPM,245.0,1.0
Jamaica,JAM,2014,82.27243119999997,RPM,33.0,1.0
Jamaica,JAM,2014,83.03752539999999,RPM,33.0,1.0
Japan,JPN,1964,105.3,WIS,600.0,2.0
Japan,JPN,1975,102.16,WIS,1100.0,2.0
Japan,JPN,1987,106.61333333333332,KABC,142.0,1.0
Japan,JPN,1987,111.18,WIS,142.0,2.0
Japan,JPN,1991,109.9213263,RPM,444.0,1.0
Japan,JPN,2005,106.75069234,RPM,644.0,1.0
Japan,JPN,2015,110.33410204999998,RPM,1235.0,1.0
Jordan,JOR,2009,83.02399022499998,RPM,1325.0,1.0
Jordan,JOR,2009,83.10514492215646,RPM,574.0,1.0
Jordan,JOR,2014,67.96455166666664,RPM,960.0,1.0
Jordan,JOR,2014,77.31197369999998,RPM,1045.0,1.0
Kazakhstan,KAZ,2013,76.31154036875938,RPM,402.0,1.0
Kazakhstan,KAZ,2013,87.05836665165,RPM,51.0,1.0
Kazakhstan,KAZ,2013,105.10518659768036,RPM,164.0,1.0
Kenya,KEN,1980,75.07822686208974,RPM,205.0,1.0
Kenya,KEN,1984,69.8875891728,RPM,118.0,1.0
Kenya,KEN,1998,79.62411825859999,RPM,537.0,1.0
Kenya,KEN,1999,79.56552438380001,RPM,554.0,1.0
Kenya,KEN,2001,72.46907130632,RPM,1222.0,1.0
Kenya,KEN,2001,65.62441818591539,RPM,85.0,1.0
Kenya,KEN,2007,77.9611064,RPM,525.0,1.0
Kenya,KEN,2013,70.3027256211,RPM,282.0,1.0
"Korea, South",KOR,1989,107.61465494999996,RPM,107.0,1.0
"Korea, South",KOR,1999,96.76,WIS,2231.0,2.0
"Korea, South",KOR,2011,98.64285714285714,WIS,1229.0,2.0
Kuwait,KWT,1985,86.03112182,RPM,2000.0,1.0
Kuwait,KWT,2002,86.72838928571426,RPM,5629.0,1.0
Kuwait,KWT,2002,94.66168712539684,RPM,1125.0,1.0
Kuwait,KWT,2002,88.68278076351544,RPM,6529.0,1.0
Kyrgyzstan,KGZ,2016,86.93557690006662,RPM,327.0,1.0
Laos,LAO,1996,104.35749999999996,KABC,24.0,1.0
Laos,LAO,1996,83.93749999999996,KABC,22.0,1.0
Laos,LAO,1997,77.48,WIS,40.0,2.0
Laos,LAO,1999,76.0,WIS,56.0,2.0
Latvia,LVA,2012,91.14460638079998,RPM,146.0,1.0
Lebanon,LBN,2005,80.59999999999997,WIS,100.0,2.0
Lebanon,LBN,2005,85.59999999999997,WIS,100.0,2.0
Libya,LBY,2006,86.53606220818332,RPM,600.0,1.0
Libya,LBY,2007,73.09822118376775,RPM,1620.0,1.0
Libya,LBY,2007,73.265064565581,RPM,800.0,1.0
Libya,LBY,2007,82.07163750000005,RPM,2481.0,1.0
Libya,LBY,2008,80.54861103996994,RPM,592.0,1.0
Libya,LBY,2010,67.40541093573053,RPM,260.0,1.0
Libya,LBY,2010,64.85837178720467,RPM,260.0,1.0
Libya,LBY,2014,83.79046946176666,RPM,504.0,1.0
Libya,LBY,2017,89.07557437708331,RPM,903.0,1.0
Lithuania,LTU,1999,96.03037550000003,RPM,259.0,1.0
Lithuania,LTU,2000,89.76,WIS,453.0,2.0
Lithuania,LTU,2004,95.6131976811273,RPM,1067.0,1.0
Malawi,MWI,2009,69.70399301086897,RPM,268.0,1.0
Malaysia,MYS,1994,88.3818016212415,RPM,5412.0,1.0
Malaysia,MYS,2009,86.05000000000001,RPM,237.0,1.0
Mali,MLI,2017,60.0,RPM,206.0,1.0
Malta,MLT,1994,94.3605186179,RPM,136.0,1.0
Malta,MLT,2014,90.72089999999996,RPM,16.0,1.0
Malta,MLT,2014,90.72089999999996,RPM,20.0,1.0
Marshall Islands,MHL,1963,83.96000000000001,CFT,407.0,1.0
Mauritius,MUS,1980,86.82,WIS,837.0,2.0
Mexico,MEX,2000,96.40018767999996,RPM,155.0,1.0
Mexico,MEX,2000,81.38216749999998,RPM,194.0,1.0
Mexico,MEX,2000,92.41591254249994,RPM,571.0,1.0
Mexico,MEX,2012,91.1479857216,RPM,670.0,1.0
Mongolia,MNG,2003,99.35797870211248,RPM,708.0,1.0
Morocco,MAR,1996,82.83109999999999,RPM,85.0,1.0
Morocco,MAR,2005,65.33468728959997,RPM,188.0,1.0
Morocco,MAR,2010,73.30566223383782,RPM,87.0,1.0
Morocco,MAR,2010,78.98586283813165,RPM,115.0,1.0
Morocco,MAR,2011,65.31602316290108,RPM,1177.0,1.0
Morocco,MAR,2012,74.96439601589708,RPM,202.0,1.0
Morocco,MAR,2013,72.87463577779997,RPM,164.0,1.0
Namibia,NAM,2003,66.19438314685002,RPM,103.0,1.0
Nepal,NPL,1977,60.0,RPM,443.0,1.0
Nepal,NPL,1977,60.0,RPM,284.0,1.0
Nepal,NPL,1977,60.0,RPM,343.0,1.0
Nepal,NPL,1995,60.0,RPM,124.0,1.0
Nepal,NPL,2008,60.0,RPM,178.0,1.0
Nepal,NPL,2008,60.0,RPM,218.0,1.0
Nepal,NPL,2008,60.0,RPM,177.0,1.0
Nepal,NPL,2008,60.0,RPM,103.0,1.0
Netherlands,NLD,1977,111.63,WIS,388.0,2.0
Netherlands,NLD,1977,101.01335549115912,RPM,388.0,2.0
Netherlands,NLD,1978,104.95985356431244,RPM,420.0,1.0
Netherlands,NLD,1986,96.28195384615388,RPM,1920.0,1.0
Netherlands,NLD,1992,101.88313166666666,RPM,4032.0,1.0
Netherlands,NLD,1998,99.29999999999995,WIS,737.0,2.0
Netherlands,NLD,1999,105.04,WIS,416.5,2.0
Netherlands,NLD,2002,95.08,WIS,1229.0,2.0
Netherlands,NLD,2003,93.73000000000002,WIS,353.0,2.0
Netherlands,NLD,2005,101.59,WIS,364.5,2.0
Netherlands Antilles,ANT,2000,80.01445279999999,RPM,96.0,1.0
New Zealand,NZL,1972,99.09,WIS,644.0,2.0
New Zealand,NZL,1984,100.7422,RPM,3174.0,1.0
New Zealand,NZL,1985,96.395,WIS,881.0,2.0
Nicaragua,NIC,1997,60.0,RPM,488.0,1.0
Nicaragua,NIC,1997,60.0,RPM,488.0,1.0
Nicaragua,NIC,2012,63.47999999999999,WIS,110.0,2.0
Nigeria,NGA,1980,67.50150901250001,RPM,60.0,1.0
Nigeria,NGA,1980,72.2815,RPM,60.0,1.0
Nigeria,NGA,1981,73.9782689347,RPM,755.0,1.0
Nigeria,NGA,1998,76.84,WIS,94.0,2.0
Nigeria,NGA,2007,66.65784179999997,RPM,233.0,1.0
Nigeria,NGA,2007,72.59663749999999,RPM,168.0,1.0
Nigeria,NGA,2012,76.6,RPM,47.0,1.0
Nigeria,NGA,2013,67.61437265641251,RPM,693.0,1.0
Nigeria,NGA,2017,85.40101249999998,RPM,100.0,1.0
Nigeria,NGA,2017,67.13306485225002,RPM,11164.0,1.0
Norway,NOR,2000,106.19528054999998,RPM,126.0,1.0
Norway,NOR,2008,95.55999999999996,KABC,143.0,1.0
Oman,OMN,2000,85.38294268693248,RPM,1868.7272727272727,1.0
Oman,OMN,2000,77.00171935285712,RPM,3270.2727272727275,1.0
Oman,OMN,2007,85.2631473936,RPM,372.0,1.0
Oman,OMN,2009,87.84343599999998,RPM,2467.0,1.0
Oman,OMN,2009,87.74577016152858,RPM,1042.0,1.0
Oman,OMN,2014,87.72909174316669,RPM,465.0,1.0
Pakistan,PAK,1991,109.86649185560002,RPM,102.0,1.0
Pakistan,PAK,2002,66.55662822729997,RPM,1073.0,1.0
Pakistan,PAK,2002,72.97683472629998,RPM,814.0,1.0
Pakistan,PAK,2002,87.46999999999997,RPM,30.0,1.0
Pakistan,PAK,2005,77.75406083091497,RPM,1218.0,1.0
Pakistan,PAK,2005,88.18290752693957,RPM,2460.0,1.0
Pakistan,PAK,2011,77.84391523279999,RPM,203.0,1.0
Pakistan,PAK,2016,74.19999999999999,RPM,280.0,1.0
Peru,PER,1990,80.96000000000001,WIS,143.0,2.0
Peru,PER,1998,81.34700000000001,RPM,105.0,1.0
Peru,PER,2003,83.73011910601852,RPM,178.0,1.0
Peru,PER,2003,73.69989246272223,RPM,143.0,1.0
Peru,PER,2003,72.36230871307502,RPM,117.0,1.0
Peru,PER,2003,76.88152271405244,RPM,501.0,1.0
Peru,PER,2003,82.4211345057875,RPM,176.0,1.0
Peru,PER,2003,89.47710040623983,RPM,243.0,1.0
Peru,PER,2009,93.43520249999996,RPM,1096.0,1.0
Philippines,PHL,1972,84.31927290000002,RPM,203.0,1.0
Philippines,PHL,2003,92.655,WIS,185.0,2.0
Philippines,PHL,2006,93.35106916938702,NNAT,2757.0,1.0
Poland,POL,1991,100.89168571428571,RPM,1402.0,1.0
Poland,POL,2000,98.29614667200968,RPM,977.0,1.0
Poland,POL,2000,82.43423984390208,RPM,1331.0,1.0
Poland,POL,2003,89.92254,RPM,158.0,1.0
Poland,POL,2009,93.76048139157008,RPM,3650.0,1.0
Poland,POL,2014,95.09752848288622,RPM,264.0,1.0
Poland,POL,2015,101.89691302418238,RPM,68.0,1.0
Poland,POL,2016,114.4124626612,RPM,179.0,1.0
Portugal,PRT,1994,91.92380909090912,RPM,1073.0,1.0
Portugal,PRT,2006,84.92059257417475,RPM,674.0,1.0
Puerto Rico,PRI,1955,82.72,WIS,139.0,2.0
Puerto Rico,PRI,1955,86.66662542182226,SBIS,889.0,2.0
Puerto Rico,PRI,1965,76.04826974267968,WIS,1127.0,2.0
Puerto Rico,PRI,1971,74.42,WIS,96.0,2.0
Puerto Rico,PRI,1971,74.88000000000001,WIS,114.0,2.0
Puerto Rico,PRI,1977,84.38143937499999,RPM,2633.0,1.0
Puerto Rico,PRI,1977,80.64158571428572,RPM,2099.0,1.0
Puerto Rico,PRI,1977,80.17290000000001,RPM,1975.0,1.0
Puerto Rico,PRI,1980,96.21,WIS,100.0,2.0
Puerto Rico,PRI,1986,91.93636219849742,KABC,146.0,2.0
Puerto Rico,PRI,1986,80.87,WIS,22.0,2.0
Puerto Rico,PRI,1988,88.25999999999999,RPM,34.0,1.0
Puerto Rico,PRI,1989,95.62,KABC,30.0,1.0
Puerto Rico,PRI,1989,103.275,WIS,30.0,2.0
Puerto Rico,PRI,1989,73.89311169999999,RPM,327.0,1.0
Puerto Rico,PRI,1989,86.53,WIS,30.0,2.0
Puerto Rico,PRI,1990,92.6153,WIS,34.0,2.0
Puerto Rico,PRI,1990,96.7071,WIS,34.0,2.0
Puerto Rico,PRI,1990,98.3,WIS,30.0,2.0
Puerto Rico,PRI,1990,92.9,WIS,30.0,2.0
Puerto Rico,PRI,1990,105.85,RPM,30.0,1.0
Puerto Rico,PRI,1993,81.58,WIS,12.0,2.0
Puerto Rico,PRI,2005,87.24000000000001,WIS,72.0,2.0
Puerto Rico,PRI,2008,88.08073139999996,RPM,30.0,1.0
Puerto Rico,PRI,2009,93.1,WIS,40.0,2.0
Puerto Rico,PRI,2009,83.13000000000001,WIS,40.0,2.0
Qatar,QAT,2008,85.5761528032433,RPM,1135.0,1.0
Romania,ROU,2002,99.09451351254044,RPM,40.0,1.0
Romania,ROU,2002,88.78497391304349,RPM,1258.0,1.0
Romania,ROU,2002,77.42147091438108,RPM,1503.0,1.0
Russia,RUS,1997,95.19639999999998,RPM,432.0,1.0
Russia,RUS,2017,96.14416666666668,RPM,120.0,1.0
Russia,RUS,2017,97.12373983739838,RPM,738.0,1.0
Saint Vincent and the Grenadines,VCT,2002,63.4208640130815,RPM,174.0,1.0
Saudi Arabia,SAU,1977,77.87758625181209,RPM,1998.0,1.0
Saudi Arabia,SAU,1977,75.45215798031921,RPM,2661.0,1.0
Saudi Arabia,SAU,2000,81.16601207142855,RPM,150.0,1.0
Saudi Arabia,SAU,2010,75.9129134539503,RPM,2354.0,1.0
Saudi Arabia,SAU,2010,72.49562497038653,RPM,855.0,1.0
Saudi Arabia,SAU,2010,79.48183219222219,RPM,1553.0,1.0
Saudi Arabia,SAU,2012,73.21817679999998,RPM,604.0,1.0
Saudi Arabia,SAU,2016,93.4672918,RPM,1476.0,1.0
Serbia,SRB,1992,76.32,WIS,303.0,2.0
Serbia,SRB,2006,83.46261013152713,RPM,67.0,1.0
Serbia,SRB,2006,82.6087616306055,RPM,404.0,1.0
Serbia,SRB,2006,95.76135714759069,RPM,74.0,1.0
Serbia,SRB,2006,77.51095115952384,RPM,63.0,1.0
Serbia,SRB,2007,89.50988168543046,RPM,90.0,1.0
Serbia,SRB,2007,82.54431005980652,RPM,72.0,1.0
Serbia,SRB,2007,100.02265171586252,RPM,2334.0,1.0
Serbia,SRB,2008,61.25868520793941,RPM,105.0,1.0
Serbia,SRB,2009,99.964873895225,RPM,333.0,1.0
Serbia,SRB,2013,107.2277214875,RPM,122.0,1.0
Serbia,SRB,2013,91.18356076125832,RPM,910.0,1.0
Seychelles,SYC,1989,78.75999999999999,WIS,643.0,2.0
Sierra Leone,SLE,1966,60.0,RPM,89.0,1.0
Sierra Leone,SLE,1966,60.0,RPM,30.0,1.0
Singapore,SGP,1977,104.7778338,RPM,147.0,1.0
Singapore,SGP,1977,96.1750625,RPM,190.0,1.0
Singapore,SGP,1988,122.5917351771,RPM,459.0,1.0
Singapore,SGP,2001,97.43583311999996,RPM,521.0,1.0
Singapore,SGP,2001,88.98504908999998,RPM,276.0,1.0
Slovakia,SVK,1983,95.31822500000004,RPM,833.0,1.0
Slovenia,SVN,1988,95.43942257962485,RPM,267.0,1.0
Slovenia,SVN,1988,101.44002727272724,RPM,1432.0,1.0
Slovenia,SVN,1998,93.9185711711111,RPM,1265.0,1.0
Slovenia,SVN,1998,103.37481594285714,RPM,1363.0,1.0
Slovenia,SVN,1998,101.04243056250002,RPM,1495.0,1.0
Slovenia,SVN,1999,92.1,WIS,1080.0,2.0
Slovenia,SVN,2005,96.98957202926252,RPM,1668.0,1.0
Somalia,SOM,2015,67.67491892113637,RPM,2440.0,1.0
South Africa,ZAF,1990,70.73234159999998,RPM,350.0,1.0
South Africa,ZAF,1992,79.53619043999998,RPM,105.0,1.0
South Africa,ZAF,1992,63.42065434209429,RPM,815.0,1.0
South Africa,ZAF,1992,82.12546684539998,RPM,778.0,1.0
South Africa,ZAF,1992,89.6239364194,RPM,1063.0,1.0
South Africa,ZAF,1992,70.94282177499997,RPM,1093.0,1.0
South Africa,ZAF,1992,94.91092964979998,RPM,1056.0,1.0
South Africa,ZAF,2000,60.0,RPM,19.0,1.0
South Africa,ZAF,2000,64.6347912965781,RPM,185.0,1.0
South Africa,ZAF,2000,65.69926195000002,RPM,176.0,1.0
South Africa,ZAF,2000,60.0,RPM,806.0,1.0
South Africa,ZAF,2001,68.99999999999997,WIS,100.0,2.0
South Africa,ZAF,2001,63.49999999999997,WIS,152.0,2.0
South Africa,ZAF,2008,86.35022365143337,RPM,413.0,1.0
South Africa,ZAF,2008,90.31443654183992,RPM,356.0,1.0
South Africa,ZAF,2010,71.998533165418,RPM,181.0,1.0
South Africa,ZAF,2010,88.91804731434434,RPM,161.0,1.0
South Africa,ZAF,2010,70.05401393334765,RPM,159.0,1.0
South Sudan,SSD,2009,60.23938561711348,RPM,1186.0,1.0
South Sudan,SSD,2009,60.0,RPM,191.0,1.0
South Sudan,SSD,2016,60.0,RPM,2366.0,1.0
South Sudan,SSD,2016,60.0,RPM,606.0,1.0
South Sudan,SSD,2017,75.30527370574998,RPM,13.785,1.0
Spain,ESP,1994,91.32391666666668,RPM,1189.0,1.0
Spain,ESP,1999,94.42,WIS,1269.0,2.0
Spain,ESP,2010,89.49866813451493,RPM,157.0,1.0
Spain,ESP,2010,92.89880158163056,RPM,101.0,1.0
Spain,ESP,2012,90.78305520269656,RPM,258.0,1.0
Spain,ESP,2014,96.60966722279797,RPM,477.0,1.0
Sri Lanka,LKA,2000,95.2748888576,RPM,12.0,1.0
Sri Lanka,LKA,2000,92.6267037824,RPM,12.0,1.0
Sri Lanka,LKA,2017,86.03955303333336,RPM,302.0,1.0
Sudan,SDN,1999,80.85612672470884,RPM,4377.0,1.0
Sudan,SDN,1999,78.74037442233553,RPM,2500.0,1.0
Sudan,SDN,2001,79.99327428571428,RPM,4011.5833333333335,1.0
Sudan,SDN,2001,84.15544179165789,RPM,2865.416666666667,1.0
Sudan,SDN,2003,84.03049999999999,RPM,145.0,1.0
Sudan,SDN,2004,67.54217249375,RPM,1683.0,1.0
Sudan,SDN,2006,70.46044999999998,RPM,1683.0,1.0
Sudan,SDN,2007,72.28639599999998,RPM,537.0,1.0
Sudan,SDN,2008,74.82553588787073,RPM,3185.0,1.0
Sudan,SDN,2008,84.26581156903202,RPM,1001.0,1.0
Sudan,SDN,2010,75.53,WIS,1460.0,2.0
Sudan,SDN,2010,71.09790429714283,RPM,2027.0,1.0
Sudan,SDN,2010,73.02913298656594,RPM,3632.0,1.0
Sudan,SDN,2010,65.89589256674998,RPM,981.0,1.0
Sudan,SDN,2015,89.32631860234372,RPM,3411.0,1.0
Sudan,SDN,2015,75.41025784037915,RPM,698.0,1.0
Sudan,SDN,2015,81.89871651428567,RPM,3411.0,1.0
Sudan,SDN,2016,77.69071057005667,RPM,5189.0,1.0
Sweden,SWE,1998,96.44,WIS,1036.0,2.0
Switzerland,CHE,1970,96.0302888888889,RPM,1000.0,1.0
Switzerland,CHE,1989,101.26074444444446,RPM,209.0,1.0
Switzerland,CHE,2006,101.01,WIS,126.0,2.0
Switzerland,CHE,2016,100.53638124999998,RPM,138.0,1.0
Syria,SYR,2004,72.47304295416663,RPM,981.0,1.0
Syria,SYR,2004,73.45628671853684,RPM,612.0,1.0
Syria,SYR,2004,73.41273984989415,RPM,588.0,1.0
Syria,SYR,2004,73.26928805541664,RPM,2723.0,1.0
Syria,SYR,2013,71.92771571753332,RPM,554.0,1.0
Syria,SYR,2013,72.58764582254857,RPM,569.0,1.0
Taiwan,TWN,1985,108.96879285714284,RPM,118.0,1.0
Taiwan,TWN,1985,94.74345302197804,RPM,118.0,1.0
Taiwan,TWN,1989,104.70036714285712,RPM,2476.0,1.0
Taiwan,TWN,1991,112.2841,RPM,443.0,1.0
Taiwan,TWN,2005,107.102836691675,RPM,1506.0,1.0
Taiwan,TWN,2005,105.094234428125,RPM,1906.0,1.0
Taiwan,TWN,2005,115.69942077915,RPM,2878.0,1.0
Tajikistan,TJK,2016,87.71476303333336,RPM,674.0,1.0
Tanzania,TZA,1966,85.9787149875,RPM,1233.0,1.0
Tanzania,TZA,1966,73.10407872660745,RPM,1726.0,1.0
Tanzania,TZA,1980,71.86696056902034,RPM,179.0,1.0
Tanzania,TZA,1999,63.14500000000002,RPM,109.0,1.0
Tanzania,TZA,2016,62.55889291249998,RPM,823.0,1.0
Thailand,THA,1957,77.57154433333336,RPM,1285.0,1.0
Thailand,THA,1966,77.82421482000001,RPM,898.75,1.0
Thailand,THA,1966,77.05594171307439,RPM,539.25,1.0
Thailand,THA,1970,83.98,WIS,70.0,2.0
Thailand,THA,1978,60.0,RPM,1462.0,1.0
Thailand,THA,1980,81.94629893771553,RPM,150.0,1.0
Thailand,THA,1989,83.645,RPM,1358.0,1.0
Thailand,THA,1995,71.62,WIS,529.0,2.0
Thailand,THA,2000,89.01755757331493,RPM,400.0,1.0
Thailand,THA,2003,105.9768068543,RPM,900.0,1.0
Thailand,THA,2006,100.37295267200004,RPM,380.0,1.0
Thailand,THA,2006,97.52863486249998,RPM,3848.0,1.0
Thailand,THA,2006,104.84468251541998,RPM,826.5125538929749,1.0
Thailand,THA,2006,109.74318044021584,RPM,888.812393405344,1.0
Thailand,THA,2006,96.5105803253611,RPM,668.0,1.0
Thailand,THA,2007,84.48277090492545,RPM,560.0,1.0
Thailand,THA,2007,84.82,WIS,560.0,2.0
Turkey,TUR,1992,86.65687470588234,RPM,2396.0,1.0
Turkey,TUR,2006,96.16154999999998,RPM,121.0,1.0
Turkey,TUR,2009,87.10175680200845,RPM,271.0,1.0
Uganda,UGA,1972,81.05500629550082,RPM,2019.0,1.0
Uganda,UGA,2011,61.99649799690917,RPM,448.0,1.0
Uganda,UGA,2011,60.14456923886548,RPM,292.0,1.0
Ukraine,UKR,2008,88.60664639999996,RPM,132.0,1.0
United Arab Emirates,ARE,1997,79.47521010833333,RPM,5397.0,1.0
United Kingdom,GBR,1979,99.83953684210525,RPM,3176.0,1.0
United Kingdom,GBR,1982,96.11832307692308,RPM,598.0,1.0
United Kingdom,GBR,1990,99.62260709999998,RPM,239.0,1.0
United Kingdom,GBR,1992,99.39024545454544,RPM,603.0,1.0
United Kingdom,GBR,2007,101.72497954545456,RPM,846.0,1.0
United Kingdom,GBR,2013,92.38776996383334,RPM,332.0,1.0
United States,USA,1945,93.43,SBIS,106.0,2.0
United States,USA,1945,85.74249999999999,SBIS,106.0,2.0
United States,USA,1955,96.43,WIS,2393.0,2.0
United States,USA,1960,102.398,WIS,3014.0,2.0
United States,USA,1963,96.36,SBIS,8289.0,2.0
United States,USA,1966,89.24,WIS,8289.0,2.0
United States,USA,1968,109.36,SBIS,116.0,2.0
United States,USA,1970,97.18,WIS,46.0,2.0
United States,USA,1970,90.68,WIS,46.0,2.0
United States,USA,1973,103.74413383702104,SBIS,7412.0,2.0
United States,USA,1973,90.66611998064828,SBIS,8268.0,2.0
United States,USA,1973,91.95408295281582,WIS,5256.0,2.0
United States,USA,1973,80.79856492521135,WIS,4613.0,2.0
United States,USA,1974,104.74183028286193,WIS,601.0,2.0
United States,USA,1974,96.34,WIS,14.0,2.0
United States,USA,1974,100.05693181818182,WIS,528.0,2.0
United States,USA,1974,103.58814814814816,WIS,27.0,2.0
United States,USA,1974,103.06051282051284,SBIS,78.0,2.0
United States,USA,1974,82.2,WIS,50.0,2.0
United States,USA,1975,96.01,WIS,82.0,2.0
United States,USA,1975,82.08,WIS,61.0,2.0
United States,USA,1976,109.86,WIS,198.0,2.0
United States,USA,1976,109.26,WIS,14.0,2.0
United States,USA,1976,105.54,WIS,82.0,2.0
United States,USA,1976,109.94,SBIS,48.0,2.0
United States,USA,1978,74.86217054263564,WIS,129.0,2.0
United States,USA,1980,101.915,SBIS,1221.0,2.0
United States,USA,1981,83.565,WIS,146.0,2.0
United States,USA,1981,94.98,WIS,44.0,2.0
United States,USA,1981,80.52000000000001,WIS,48.0,2.0
United States,USA,1985,100.91097548252768,RPM,166.66666666666666,1.0
United States,USA,1985,93.63762263157892,RPM,833.3333333333333,1.0
United States,USA,1986,105.17,WIS,1230.0,2.0
United States,USA,1986,97.0272,RPM,346.0,1.0
United States,USA,1986,94.95001428571427,RPM,309.0,1.0
United States,USA,1986,87.75969999999998,RPM,311.0,1.0
United States,USA,1986,84.56068571428571,RPM,333.0,1.0
United States,USA,1987,90.44,SBIS,179.5,2.0
United States,USA,1987,70.5,SBIS,179.5,2.0
United States,USA,1988,88.58,WIS,50.0,2.0
United States,USA,1989,100.63,WIS,179.5,2.0
United States,USA,1989,82.54,WIS,179.5,2.0
United States,USA,1993,99.02,WIS,776.0,2.0
United States,USA,1993,97.64899999999996,RPM,603.0,1.0
United States,USA,1995,92.9138164251208,SBIS,1439.0,2.0
United States,USA,1995,90.16999999999996,KABC,100.0,1.0
United States,USA,1995,88.44499999999998,KABC,100.0,1.0
United States,USA,1996,75.38,WIS,531.0,2.0
United States,USA,1997,76.02,WIS,533.0,2.0
United States,USA,1999,95.56,WIS,722.0,2.0
United States,USA,2001,86.2,SBIS,40.964,2.0
United States,USA,2001,78.2,SBIS,113.036,2.0
United States,USA,2001,88.5,SBIS,40.964,2.0
United States,USA,2001,79.9,SBIS,113.036,2.0
United States,USA,2004,96.78,WIS,582.0,2.0
United States,USA,2013,101.15,WIS,804.0,2.0
United States,USA,2013,78.88,WIS,176.0,2.0
Uzbekistan,UZB,2013,89.00641551681042,RPM,51.0,1.0
Venezuela,VEN,2002,92.08,WIS,82.0,2.0
Venezuela,VEN,2003,79.31,WIS,40.0,2.0
Venezuela,VEN,2008,71.75,WIS,79.0,2.0
Vietnam,VNM,2000,78.03200897500002,RPM,251.0,1.0
Vietnam,VNM,2002,75.00260929957736,RPM,197.0,1.0
Vietnam,VNM,2011,79.1481461056,RPM,469.0,1.0
Yemen,YEM,2008,76.26200199375,RPM,986.0,1.0
Yemen,YEM,2014,70.07626645714285,RPM,1918.0,1.0
Zimbabwe,ZWE,1962,74.0062144,RPM,1842.0,1.0
