x	y	showSelected1
16	15	1
15	14	2
16	15	2
14	13	3
15	14	3
16	15	3
13	12	4
16	13	4
17	14	4
16	15	4
14	11	5
15	12	5
18	13	5
17	14	5
16	15	5
15	10	6
14	11	6
17	12	6
18	13	6
17	14	6
16	15	6
16	9	7
15	10	7
18	11	7
17	12	7
18	13	7
15	14	7
16	15	7
15	8	8
14	9	8
17	10	8
16	11	8
17	12	8
14	13	8
17	14	8
16	15	8
16	7	9
15	8	9
18	9	9
15	10	9
16	11	9
15	12	9
18	13	9
17	14	9
16	15	9
15	6	10
16	7	10
19	8	10
16	9	10
17	10	10
16	11	10
17	12	10
18	13	10
15	14	10
16	15	10
14	5	11
15	6	11
18	7	11
15	8	11
16	9	11
17	10	11
16	11	11
17	12	11
16	13	11
17	14	11
16	15	11
15	4	12
16	5	12
17	6	12
16	7	12
17	8	12
16	9	12
15	10	12
16	11	12
15	12	12
18	13	12
15	14	12
16	15	12
14	3	13
17	4	13
18	5	13
15	6	13
18	7	13
17	8	13
16	9	13
17	10	13
14	11	13
17	12	13
14	13	13
15	14	13
16	15	13
15	2	14
18	3	14
17	4	14
16	5	14
19	6	14
16	7	14
15	8	14
16	9	14
13	10	14
16	11	14
13	12	14
14	13	14
15	14	14
16	15	14
14	1	15
17	2	15
18	3	15
17	4	15
20	5	15
15	6	15
16	7	15
17	8	15
12	9	15
15	10	15
12	11	15
15	12	15
14	13	15
17	14	15
16	15	15
13	0	16
16	1	16
19	2	16
16	3	16
21	4	16
14	5	16
15	6	16
18	7	16
11	8	16
14	9	16
13	10	16
16	11	16
13	12	16
18	13	16
15	14	16
16	15	16
17	0	17
18	1	17
15	2	17
20	3	17
13	4	17
14	5	17
19	6	17
12	7	17
13	8	17
12	9	17
15	10	17
12	11	17
19	12	17
16	13	17
17	14	17
16	15	17
17	0	18
16	1	18
21	2	18
14	3	18
13	4	18
20	5	18
13	6	18
14	7	18
13	8	18
16	9	18
13	10	18
18	11	18
15	12	18
16	13	18
17	14	18
16	15	18
17	0	19
22	1	19
13	2	19
14	3	19
21	4	19
12	5	19
13	6	19
14	7	19
17	8	19
14	9	19
17	10	19
14	11	19
17	12	19
16	13	19
17	14	19
16	15	19
23	0	20
14	1	20
15	2	20
22	3	20
11	4	20
14	5	20
13	6	20
16	7	20
13	8	20
18	9	20
13	10	20
18	11	20
17	12	20
18	13	20
17	14	20
16	15	20
15	0	21
16	1	21
21	2	21
12	3	21
13	4	21
12	5	21
17	6	21
12	7	21
19	8	21
14	9	21
17	10	21
16	11	21
19	12	21
18	13	21
17	14	21
16	15	21
17	0	22
20	1	22
11	2	22
14	3	22
13	4	22
16	5	22
11	6	22
18	7	22
15	8	22
18	9	22
15	10	22
18	11	22
17	12	22
18	13	22
15	14	22
16	15	22
19	0	23
10	1	23
15	2	23
12	3	23
17	4	23
10	5	23
17	6	23
16	7	23
17	8	23
14	9	23
17	10	23
18	11	23
17	12	23
14	13	23
15	14	23
16	15	23
9	0	24
14	1	24
13	2	24
16	3	24
11	4	24
16	5	24
17	6	24
16	7	24
15	8	24
16	9	24
17	10	24
18	11	24
15	12	24
14	13	24
15	14	24
16	15	24
13	0	25
14	1	25
15	2	25
10	3	25
15	4	25
18	5	25
15	6	25
14	7	25
17	8	25
18	9	25
17	10	25
14	11	25
13	12	25
16	13	25
15	14	25
16	15	25
13	0	26
14	1	26
9	2	26
16	3	26
19	4	26
16	5	26
13	6	26
16	7	26
17	8	26
18	9	26
15	10	26
14	11	26
17	12	26
16	13	26
17	14	26
16	15	26
15	0	27
10	1	27
15	2	27
18	3	27
15	4	27
12	5	27
15	6	27
16	7	27
19	8	27
14	9	27
15	10	27
18	11	27
17	12	27
16	13	27
15	14	27
16	15	27
9	0	28
16	1	28
17	2	28
14	3	28
13	4	28
16	5	28
15	6	28
20	7	28
15	8	28
14	9	28
17	10	28
18	11	28
15	12	28
14	13	28
15	14	28
16	15	28
17	0	29
16	1	29
13	2	29
14	3	29
17	4	29
14	5	29
19	6	29
14	7	29
13	8	29
18	9	29
19	10	29
14	11	29
15	12	29
16	13	29
15	14	29
16	15	29
17	0	30
12	1	30
15	2	30
18	3	30
13	4	30
20	5	30
13	6	30
12	7	30
17	8	30
20	9	30
13	10	30
14	11	30
17	12	30
14	13	30
17	14	30
16	15	30
11	0	31
16	1	31
17	2	31
14	3	31
21	4	31
14	5	31
13	6	31
18	7	31
19	8	31
12	9	31
15	10	31
16	11	31
15	12	31
18	13	31
17	14	31
16	15	31
17	0	32
16	1	32
13	2	32
22	3	32
13	4	32
12	5	32
17	6	32
18	7	32
13	8	32
14	9	32
15	10	32
14	11	32
19	12	32
16	13	32
17	14	32
16	15	32
15	0	33
12	1	33
23	2	33
14	3	33
13	4	33
16	5	33
17	6	33
14	7	33
15	8	33
14	9	33
15	10	33
18	11	33
15	12	33
18	13	33
15	14	33
16	15	33
11	0	34
22	1	34
15	2	34
12	3	34
15	4	34
18	5	34
13	6	34
14	7	34
13	8	34
16	9	34
17	10	34
14	11	34
17	12	34
14	13	34
15	14	34
16	15	34
23	0	35
14	1	35
11	2	35
14	3	35
19	4	35
12	5	35
15	6	35
12	7	35
15	8	35
16	9	35
15	10	35
16	11	35
15	12	35
16	13	35
15	14	35
16	15	35
15	0	36
12	1	36
13	2	36
18	3	36
11	4	36
14	5	36
11	6	36
16	7	36
15	8	36
14	9	36
15	10	36
14	11	36
15	12	36
14	13	36
17	14	36
16	15	36
11	0	37
14	1	37
19	2	37
12	3	37
13	4	37
12	5	37
17	6	37
14	7	37
15	8	37
14	9	37
13	10	37
16	11	37
13	12	37
18	13	37
15	14	37
16	15	37
15	0	38
18	1	38
11	2	38
14	3	38
11	4	38
16	5	38
15	6	38
14	7	38
15	8	38
12	9	38
15	10	38
12	11	38
19	12	38
14	13	38
17	14	38
16	15	38
19	0	39
10	1	39
13	2	39
12	3	39
15	4	39
14	5	39
15	6	39
14	7	39
11	8	39
16	9	39
13	10	39
20	11	39
13	12	39
18	13	39
17	14	39
16	15	39
11	0	40
14	1	40
13	2	40
14	3	40
15	4	40
14	5	40
15	6	40
12	7	40
15	8	40
12	9	40
21	10	40
14	11	40
17	12	40
18	13	40
17	14	40
16	15	40
13	0	41
12	1	41
15	2	41
16	3	41
15	4	41
14	5	41
13	6	41
14	7	41
11	8	41
22	9	41
13	10	41
16	11	41
17	12	41
18	13	41
17	14	41
16	15	41
13	0	42
16	1	42
17	2	42
16	3	42
13	4	42
12	5	42
13	6	42
10	7	42
21	8	42
14	9	42
17	10	42
18	11	42
19	12	42
16	13	42
15	14	42
16	15	42
15	0	43
18	1	43
17	2	43
14	3	43
13	4	43
12	5	43
11	6	43
20	7	43
13	8	43
18	9	43
19	10	43
18	11	43
17	12	43
16	13	43
17	14	43
16	15	43
19	0	44
16	1	44
15	2	44
12	3	44
13	4	44
12	5	44
19	6	44
14	7	44
19	8	44
18	9	44
19	10	44
18	11	44
17	12	44
16	13	44
17	14	44
16	15	44
15	0	45
14	1	45
11	2	45
14	3	45
11	4	45
20	5	45
15	6	45
20	7	45
19	8	45
20	9	45
17	10	45
16	11	45
17	12	45
18	13	45
15	14	45
16	15	45
15	0	46
12	1	46
15	2	46
10	3	46
19	4	46
16	5	46
21	6	46
20	7	46
19	8	46
16	9	46
15	10	46
16	11	46
19	12	46
16	13	46
17	14	46
16	15	46
13	0	47
14	1	47
11	2	47
20	3	47
15	4	47
20	5	47
19	6	47
18	7	47
15	8	47
14	9	47
17	10	47
20	11	47
15	12	47
18	13	47
15	14	47
16	15	47
15	0	48
10	1	48
21	2	48
14	3	48
19	4	48
20	5	48
19	6	48
14	7	48
15	8	48
16	9	48
19	10	48
14	11	48
19	12	48
14	13	48
15	14	48
16	15	48
9	0	49
20	1	49
15	2	49
20	3	49
21	4	49
18	5	49
15	6	49
14	7	49
17	8	49
20	9	49
13	10	49
20	11	49
15	12	49
16	13	49
17	14	49
16	15	49
21	0	50
14	1	50
21	2	50
20	3	50
19	4	50
14	5	50
13	6	50
16	7	50
21	8	50
12	9	50
19	10	50
14	11	50
17	12	50
18	13	50
17	14	50
16	15	50
15	0	51
22	1	51
19	2	51
20	3	51
15	4	51
14	5	51
15	6	51
22	7	51
13	8	51
18	9	51
13	10	51
16	11	51
19	12	51
16	13	51
17	14	51
16	15	51
21	0	52
20	1	52
19	2	52
14	3	52
13	4	52
16	5	52
23	6	52
14	7	52
17	8	52
12	9	52
17	10	52
18	11	52
17	12	52
18	13	52
15	14	52
16	15	52
21	0	53
18	1	53
13	2	53
14	3	53
17	4	53
24	5	53
15	6	53
18	7	53
11	8	53
16	9	53
19	10	53
18	11	53
17	12	53
14	13	53
15	14	53
16	15	53
19	0	54
14	1	54
13	2	54
18	3	54
23	4	54
14	5	54
19	6	54
10	7	54
15	8	54
20	9	54
17	10	54
18	11	54
13	12	54
14	13	54
17	14	54
16	15	54
15	0	55
12	1	55
17	2	55
22	3	55
13	4	55
18	5	55
9	6	55
14	7	55
19	8	55
16	9	55
17	10	55
12	11	55
15	12	55
18	13	55
17	14	55
16	15	55
13	0	56
16	1	56
21	2	56
14	3	56
17	4	56
10	5	56
13	6	56
20	7	56
15	8	56
18	9	56
11	10	56
14	11	56
17	12	56
18	13	56
15	14	56
16	15	56
15	0	57
20	1	57
15	2	57
16	3	57
11	4	57
12	5	57
21	6	57
16	7	57
19	8	57
12	9	57
15	10	57
18	11	57
17	12	57
16	13	57
15	14	57
16	15	57
19	0	58
14	1	58
17	2	58
12	3	58
11	4	58
20	5	58
17	6	58
20	7	58
11	8	58
16	9	58
17	10	58
16	11	58
15	12	58
16	13	58
15	14	58
16	15	58
15	0	59
16	1	59
11	2	59
12	3	59
19	4	59
18	5	59
21	6	59
12	7	59
17	8	59
18	9	59
17	10	59
14	11	59
15	12	59
14	13	59
15	14	59
16	15	59
17	0	60
12	1	60
13	2	60
20	3	60
17	4	60
20	5	60
13	6	60
16	7	60
17	8	60
18	9	60
13	10	60
16	11	60
13	12	60
16	13	60
17	14	60
16	15	60
13	0	61
12	1	61
19	2	61
16	3	61
21	4	61
14	5	61
15	6	61
16	7	61
17	8	61
12	9	61
17	10	61
14	11	61
15	12	61
18	13	61
15	14	61
16	15	61
13	0	62
18	1	62
17	2	62
22	3	62
13	4	62
16	5	62
17	6	62
16	7	62
13	8	62
16	9	62
13	10	62
14	11	62
19	12	62
14	13	62
17	14	62
16	15	62
19	0	63
18	1	63
21	2	63
12	3	63
17	4	63
18	5	63
15	6	63
14	7	63
17	8	63
14	9	63
15	10	63
18	11	63
13	12	63
16	13	63
17	14	63
16	15	63
17	0	64
20	1	64
11	2	64
18	3	64
19	4	64
14	5	64
13	6	64
18	7	64
15	8	64
14	9	64
17	10	64
12	11	64
17	12	64
18	13	64
15	14	64
16	15	64
19	0	65
12	1	65
17	2	65
20	3	65
13	4	65
12	5	65
17	6	65
16	7	65
13	8	65
16	9	65
13	10	65
16	11	65
17	12	65
16	13	65
15	14	65
16	15	65
13	0	66
18	1	66
19	2	66
14	3	66
11	4	66
18	5	66
17	6	66
12	7	66
15	8	66
14	9	66
15	10	66
16	11	66
15	12	66
14	13	66
17	14	66
16	15	66
17	0	67
20	1	67
15	2	67
10	3	67
19	4	67
18	5	67
11	6	67
16	7	67
13	8	67
14	9	67
15	10	67
14	11	67
15	12	67
16	13	67
15	14	67
16	15	67
19	0	68
16	1	68
9	2	68
18	3	68
17	4	68
12	5	68
17	6	68
12	7	68
15	8	68
14	9	68
15	10	68
16	11	68
15	12	68
16	13	68
15	14	68
16	15	68
17	0	69
8	1	69
17	2	69
16	3	69
11	4	69
16	5	69
11	6	69
14	7	69
15	8	69
14	9	69
15	10	69
14	11	69
17	12	69
14	13	69
17	14	69
16	15	69
9	0	70
16	1	70
17	2	70
12	3	70
15	4	70
10	5	70
15	6	70
14	7	70
13	8	70
14	9	70
15	10	70
16	11	70
15	12	70
16	13	70
15	14	70
16	15	70
17	0	71
18	1	71
13	2	71
14	3	71
11	4	71
14	5	71
13	6	71
12	7	71
15	8	71
16	9	71
17	10	71
14	11	71
17	12	71
14	13	71
17	14	71
16	15	71
19	0	72
14	1	72
13	2	72
10	3	72
15	4	72
12	5	72
13	6	72
16	7	72
15	8	72
18	9	72
15	10	72
16	11	72
13	12	72
16	13	72
17	14	72
16	15	72
15	0	73
14	1	73
9	2	73
14	3	73
11	4	73
14	5	73
17	6	73
16	7	73
17	8	73
14	9	73
15	10	73
12	11	73
15	12	73
16	13	73
15	14	73
16	15	73
15	0	74
10	1	74
13	2	74
12	3	74
13	4	74
16	5	74
15	6	74
18	7	74
13	8	74
14	9	74
13	10	74
16	11	74
17	12	74
16	13	74
17	14	74
16	15	74
11	0	75
12	1	75
13	2	75
12	3	75
17	4	75
14	5	75
19	6	75
14	7	75
15	8	75
12	9	75
15	10	75
16	11	75
15	12	75
16	13	75
15	14	75
16	15	75
11	0	76
12	1	76
13	2	76
16	3	76
15	4	76
18	5	76
13	6	76
16	7	76
11	8	76
14	9	76
15	10	76
16	11	76
17	12	76
14	13	76
17	14	76
16	15	76
11	0	77
14	1	77
17	2	77
16	3	77
17	4	77
14	5	77
15	6	77
12	7	77
13	8	77
14	9	77
15	10	77
18	11	77
13	12	77
16	13	77
15	14	77
16	15	77
15	0	78
16	1	78
15	2	78
16	3	78
15	4	78
14	5	78
13	6	78
14	7	78
13	8	78
14	9	78
17	10	78
14	11	78
15	12	78
14	13	78
15	14	78
16	15	78
15	0	79
14	1	79
17	2	79
16	3	79
15	4	79
12	5	79
13	6	79
14	7	79
15	8	79
16	9	79
15	10	79
14	11	79
13	12	79
16	13	79
17	14	79
16	15	79
15	0	80
18	1	80
15	2	80
14	3	80
13	4	80
14	5	80
15	6	80
14	7	80
17	8	80
14	9	80
15	10	80
14	11	80
17	12	80
18	13	80
15	14	80
16	15	80
17	0	81
16	1	81
15	2	81
14	3	81
15	4	81
14	5	81
15	6	81
18	7	81
13	8	81
16	9	81
13	10	81
18	11	81
17	12	81
16	13	81
17	14	81
16	15	81
15	0	82
16	1	82
13	2	82
16	3	82
13	4	82
16	5	82
17	6	82
14	7	82
17	8	82
14	9	82
19	10	82
18	11	82
15	12	82
16	13	82
15	14	82
16	15	82
15	0	83
12	1	83
15	2	83
14	3	83
15	4	83
18	5	83
15	6	83
18	7	83
15	8	83
18	9	83
19	10	83
14	11	83
15	12	83
14	13	83
15	14	83
16	15	83
11	0	84
14	1	84
15	2	84
14	3	84
17	4	84
14	5	84
19	6	84
16	7	84
19	8	84
20	9	84
15	10	84
14	11	84
13	12	84
16	13	84
17	14	84
16	15	84
13	0	85
14	1	85
13	2	85
16	3	85
13	4	85
20	5	85
17	6	85
20	7	85
21	8	85
16	9	85
15	10	85
14	11	85
15	12	85
18	13	85
17	14	85
16	15	85
13	0	86
12	1	86
15	2	86
12	3	86
19	4	86
18	5	86
21	6	86
20	7	86
17	8	86
16	9	86
13	10	86
16	11	86
19	12	86
16	13	86
15	14	86
16	15	86
11	0	87
16	1	87
11	2	87
18	3	87
19	4	87
20	5	87
19	6	87
16	7	87
17	8	87
12	9	87
15	10	87
18	11	87
15	12	87
16	13	87
17	14	87
16	15	87
15	0	88
12	1	88
19	2	88
20	3	88
19	4	88
18	5	88
15	6	88
16	7	88
11	8	88
16	9	88
19	10	88
14	11	88
15	12	88
16	13	88
17	14	88
16	15	88
13	0	89
20	1	89
19	2	89
20	3	89
17	4	89
14	5	89
15	6	89
10	7	89
15	8	89
18	9	89
13	10	89
14	11	89
15	12	89
16	13	89
15	14	89
16	15	89
19	0	90
20	1	90
21	2	90
18	3	90
13	4	90
16	5	90
11	6	90
16	7	90
17	8	90
12	9	90
15	10	90
14	11	90
15	12	90
14	13	90
17	14	90
16	15	90
19	0	91
20	1	91
17	2	91
14	3	91
17	4	91
10	5	91
17	6	91
18	7	91
13	8	91
14	9	91
15	10	91
14	11	91
13	12	91
18	13	91
17	14	91
16	15	91
21	0	92
18	1	92
13	2	92
16	3	92
11	4	92
16	5	92
19	6	92
12	7	92
15	8	92
14	9	92
15	10	92
14	11	92
17	12	92
16	13	92
17	14	92
16	15	92
19	0	93
12	1	93
17	2	93
10	3	93
15	4	93
18	5	93
11	6	93
14	7	93
15	8	93
16	9	93
13	10	93
18	11	93
15	12	93
18	13	93
15	14	93
16	15	93
13	0	94
16	1	94
11	2	94
16	3	94
17	4	94
12	5	94
15	6	94
16	7	94
17	8	94
14	9	94
19	10	94
14	11	94
17	12	94
14	13	94
17	14	94
16	15	94
17	0	95
10	1	95
17	2	95
16	3	95
13	4	95
14	5	95
17	6	95
18	7	95
13	8	95
18	9	95
15	10	95
18	11	95
13	12	95
16	13	95
15	14	95
16	15	95
9	0	96
16	1	96
15	2	96
14	3	96
13	4	96
18	5	96
19	6	96
14	7	96
19	8	96
16	9	96
19	10	96
12	11	96
15	12	96
16	13	96
15	14	96
16	15	96
15	0	97
16	1	97
13	2	97
12	3	97
17	4	97
20	5	97
15	6	97
20	7	97
15	8	97
20	9	97
11	10	97
14	11	97
17	12	97
14	13	97
17	14	97
16	15	97
17	0	98
14	1	98
11	2	98
18	3	98
21	4	98
14	5	98
19	6	98
16	7	98
21	8	98
12	9	98
13	10	98
18	11	98
15	12	98
16	13	98
15	14	98
16	15	98
13	0	99
10	1	99
17	2	99
20	3	99
13	4	99
20	5	99
15	6	99
20	7	99
11	8	99
12	9	99
19	10	99
16	11	99
15	12	99
16	13	99
15	14	99
16	15	99
9	0	100
16	1	100
19	2	100
12	3	100
21	4	100
14	5	100
19	6	100
12	7	100
11	8	100
18	9	100
15	10	100
14	11	100
15	12	100
14	13	100
15	14	100
16	15	100
17	0	101
18	1	101
13	2	101
22	3	101
15	4	101
20	5	101
13	6	101
10	7	101
17	8	101
16	9	101
13	10	101
14	11	101
13	12	101
14	13	101
17	14	101
16	15	101
17	0	102
14	1	102
23	2	102
14	3	102
21	4	102
14	5	102
9	6	102
16	7	102
15	8	102
12	9	102
15	10	102
12	11	102
15	12	102
16	13	102
15	14	102
16	15	102
13	0	103
22	1	103
13	2	103
20	3	103
15	4	103
10	5	103
15	6	103
16	7	103
11	8	103
16	9	103
13	10	103
16	11	103
15	12	103
14	13	103
15	14	103
16	15	103
23	0	104
14	1	104
21	2	104
14	3	104
11	4	104
14	5	104
17	6	104
12	7	104
15	8	104
14	9	104
17	10	104
14	11	104
15	12	104
14	13	104
17	14	104
16	15	104
15	0	105
20	1	105
13	2	105
12	3	105
13	4	105
18	5	105
13	6	105
14	7	105
13	8	105
16	9	105
13	10	105
14	11	105
15	12	105
16	13	105
17	14	105
16	15	105
19	0	106
12	1	106
13	2	106
14	3	106
17	4	106
14	5	106
15	6	106
12	7	106
17	8	106
14	9	106
15	10	106
14	11	106
17	12	106
16	13	106
15	14	106
16	15	106
13	0	107
12	1	107
15	2	107
16	3	107
13	4	107
14	5	107
11	6	107
18	7	107
13	8	107
14	9	107
13	10	107
18	11	107
17	12	107
16	13	107
15	14	107
16	15	107
11	0	108
16	1	108
15	2	108
12	3	108
15	4	108
12	5	108
19	6	108
14	7	108
13	8	108
14	9	108
17	10	108
16	11	108
17	12	108
14	13	108
15	14	108
16	15	108
17	0	109
16	1	109
11	2	109
14	3	109
13	4	109
20	5	109
13	6	109
12	7	109
13	8	109
18	9	109
15	10	109
16	11	109
13	12	109
16	13	109
15	14	109
16	15	109
17	0	110
10	1	110
15	2	110
12	3	110
21	4	110
12	5	110
11	6	110
12	7	110
17	8	110
14	9	110
15	10	110
12	11	110
17	12	110
14	13	110
17	14	110
16	15	110
9	0	111
16	1	111
13	2	111
20	3	111
13	4	111
10	5	111
11	6	111
18	7	111
13	8	111
14	9	111
11	10	111
16	11	111
13	12	111
16	13	111
15	14	111
16	15	111
15	0	112
14	1	112
21	2	112
14	3	112
9	4	112
10	5	112
17	6	112
12	7	112
13	8	112
10	9	112
17	10	112
14	11	112
17	12	112
14	13	112
17	14	112
16	15	112
15	0	113
20	1	113
15	2	113
8	3	113
9	4	113
18	5	113
13	6	113
12	7	113
9	8	113
16	9	113
15	10	113
18	11	113
15	12	113
18	13	113
17	14	113
16	15	113
19	0	114
16	1	114
9	2	114
10	3	114
19	4	114
14	5	114
13	6	114
8	7	114
15	8	114
14	9	114
17	10	114
16	11	114
19	12	114
18	13	114
15	14	114
16	15	114
15	0	115
8	1	115
9	2	115
18	3	115
13	4	115
14	5	115
9	6	115
14	7	115
13	8	115
16	9	115
15	10	115
18	11	115
19	12	115
16	13	115
17	14	115
16	15	115
9	0	116
10	1	116
19	2	116
12	3	116
13	4	116
10	5	116
15	6	116
14	7	116
15	8	116
16	9	116
17	10	116
18	11	116
15	12	116
18	13	116
17	14	116
16	15	116
11	0	117
20	1	117
11	2	117
12	3	117
9	4	117
14	5	117
13	6	117
16	7	117
17	8	117
18	9	117
17	10	117
14	11	117
19	12	117
18	13	117
17	14	117
16	15	117
19	0	118
10	1	118
13	2	118
10	3	118
13	4	118
12	5	118
17	6	118
16	7	118
17	8	118
18	9	118
15	10	118
18	11	118
19	12	118
16	13	118
15	14	118
16	15	118
11	0	119
14	1	119
9	2	119
14	3	119
13	4	119
16	5	119
15	6	119
18	7	119
17	8	119
16	9	119
19	10	119
18	11	119
15	12	119
14	13	119
17	14	119
16	15	119
15	0	120
10	1	120
13	2	120
12	3	120
17	4	120
16	5	120
17	6	120
18	7	120
15	8	120
18	9	120
19	10	120
14	11	120
13	12	120
18	13	120
15	14	120
16	15	120
11	0	121
12	1	121
13	2	121
18	3	121
15	4	121
16	5	121
17	6	121
14	7	121
19	8	121
20	9	121
13	10	121
12	11	121
19	12	121
16	13	121
15	14	121
16	15	121
11	0	122
12	1	122
19	2	122
16	3	122
17	4	122
18	5	122
13	6	122
20	7	122
19	8	122
12	9	122
13	10	122
20	11	122
15	12	122
14	13	122
17	14	122
16	15	122
13	0	123
18	1	123
15	2	123
18	3	123
17	4	123
14	5	123
21	6	123
18	7	123
13	8	123
12	9	123
19	10	123
16	11	123
15	12	123
16	13	123
15	14	123
16	15	123
17	0	124
14	1	124
17	2	124
16	3	124
15	4	124
22	5	124
19	6	124
12	7	124
11	8	124
18	9	124
15	10	124
16	11	124
17	12	124
16	13	124
15	14	124
16	15	124
15	0	125
18	1	125
15	2	125
16	3	125
21	4	125
18	5	125
11	6	125
12	7	125
17	8	125
14	9	125
17	10	125
16	11	125
15	12	125
16	13	125
15	14	125
16	15	125
17	0	126
14	1	126
15	2	126
20	3	126
19	4	126
10	5	126
11	6	126
18	7	126
13	8	126
18	9	126
17	10	126
14	11	126
15	12	126
14	13	126
15	14	126
16	15	126
13	0	127
14	1	127
19	2	127
18	3	127
9	4	127
10	5	127
19	6	127
12	7	127
19	8	127
18	9	127
15	10	127
16	11	127
13	12	127
14	13	127
15	14	127
16	15	127
15	0	128
20	1	128
19	2	128
10	3	128
11	4	128
20	5	128
11	6	128
20	7	128
17	8	128
16	9	128
15	10	128
12	11	128
13	12	128
16	13	128
17	14	128
16	15	128
21	0	129
18	1	129
9	2	129
10	3	129
21	4	129
12	5	129
19	6	129
16	7	129
15	8	129
14	9	129
11	10	129
14	11	129
15	12	129
18	13	129
15	14	129
16	15	129
19	0	130
8	1	130
9	2	130
22	3	130
11	4	130
18	5	130
15	6	130
14	7	130
15	8	130
10	9	130
15	10	130
14	11	130
19	12	130
16	13	130
17	14	130
16	15	130
9	0	131
10	1	131
23	2	131
12	3	131
19	4	131
14	5	131
13	6	131
16	7	131
9	8	131
16	9	131
13	10	131
18	11	131
15	12	131
16	13	131
15	14	131
16	15	131
9	0	132
22	1	132
11	2	132
20	3	132
15	4	132
14	5	132
15	6	132
8	7	132
17	8	132
12	9	132
17	10	132
16	11	132
17	12	132
16	13	132
17	14	132
16	15	132
21	0	133
10	1	133
21	2	133
14	3	133
13	4	133
14	5	133
9	6	133
18	7	133
11	8	133
18	9	133
15	10	133
16	11	133
15	12	133
18	13	133
17	14	133
16	15	133
11	0	134
22	1	134
13	2	134
12	3	134
13	4	134
10	5	134
17	6	134
12	7	134
17	8	134
16	9	134
15	10	134
14	11	134
17	12	134
16	13	134
15	14	134
16	15	134
23	0	135
14	1	135
13	2	135
14	3	135
9	4	135
16	5	135
11	6	135
18	7	135
15	8	135
14	9	135
15	10	135
18	11	135
17	12	135
16	13	135
15	14	135
16	15	135
15	0	136
12	1	136
15	2	136
8	3	136
17	4	136
10	5	136
19	6	136
16	7	136
15	8	136
16	9	136
17	10	136
18	11	136
15	12	136
14	13	136
15	14	136
16	15	136
11	0	137
16	1	137
9	2	137
18	3	137
9	4	137
20	5	137
15	6	137
14	7	137
15	8	137
16	9	137
19	10	137
14	11	137
13	12	137
14	13	137
17	14	137
16	15	137
17	0	138
10	1	138
17	2	138
10	3	138
19	4	138
16	5	138
15	6	138
16	7	138
15	8	138
20	9	138
13	10	138
12	11	138
15	12	138
16	13	138
17	14	138
16	15	138
9	0	139
18	1	139
11	2	139
18	3	139
17	4	139
14	5	139
17	6	139
16	7	139
19	8	139
14	9	139
13	10	139
16	11	139
15	12	139
16	13	139
17	14	139
16	15	139
19	0	140
10	1	140
19	2	140
18	3	140
13	4	140
16	5	140
15	6	140
20	7	140
15	8	140
14	9	140
15	10	140
14	11	140
15	12	140
16	13	140
15	14	140
16	15	140
11	0	141
18	1	141
17	2	141
12	3	141
15	4	141
14	5	141
19	6	141
14	7	141
13	8	141
16	9	141
15	10	141
14	11	141
15	12	141
14	13	141
15	14	141
16	15	141
19	0	142
16	1	142
11	2	142
14	3	142
13	4	142
18	5	142
13	6	142
14	7	142
17	8	142
16	9	142
15	10	142
16	11	142
13	12	142
14	13	142
15	14	142
16	15	142
17	0	143
12	1	143
13	2	143
14	3	143
19	4	143
14	5	143
15	6	143
18	7	143
17	8	143
16	9	143
15	10	143
14	11	143
15	12	143
14	13	143
17	14	143
16	15	143
11	0	144
14	1	144
15	2	144
18	3	144
15	4	144
14	5	144
17	6	144
18	7	144
15	8	144
16	9	144
13	10	144
16	11	144
13	12	144
16	13	144
17	14	144
16	15	144
13	0	145
14	1	145
19	2	145
14	3	145
15	4	145
18	5	145
17	6	145
14	7	145
17	8	145
12	9	145
15	10	145
12	11	145
17	12	145
16	13	145
15	14	145
16	15	145
13	0	146
18	1	146
13	2	146
14	3	146
17	4	146
16	5	146
15	6	146
16	7	146
11	8	146
16	9	146
11	10	146
16	11	146
15	12	146
16	13	146
15	14	146
16	15	146
17	0	147
14	1	147
15	2	147
18	3	147
15	4	147
14	5	147
17	6	147
10	7	147
17	8	147
10	9	147
15	10	147
14	11	147
15	12	147
16	13	147
15	14	147
16	15	147
13	0	148
16	1	148
19	2	148
16	3	148
13	4	148
16	5	148
9	6	148
18	7	148
9	8	148
14	9	148
13	10	148
16	11	148
17	12	148
14	13	148
17	14	148
16	15	148
17	0	149
20	1	149
17	2	149
14	3	149
17	4	149
10	5	149
17	6	149
8	7	149
13	8	149
12	9	149
17	10	149
16	11	149
15	12	149
18	13	149
15	14	149
16	15	149
19	0	150
18	1	150
15	2	150
18	3	150
9	4	150
18	5	150
9	6	150
12	7	150
11	8	150
16	9	150
17	10	150
14	11	150
17	12	150
16	13	150
17	14	150
16	15	150
19	0	151
14	1	151
19	2	151
10	3	151
19	4	151
10	5	151
13	6	151
12	7	151
17	8	151
16	9	151
15	10	151
18	11	151
15	12	151
18	13	151
17	14	151
16	15	151
13	0	152
20	1	152
9	2	152
18	3	152
11	4	152
12	5	152
11	6	152
16	7	152
15	8	152
14	9	152
17	10	152
16	11	152
19	12	152
16	13	152
15	14	152
16	15	152
19	0	153
8	1	153
19	2	153
12	3	153
13	4	153
10	5	153
15	6	153
16	7	153
13	8	153
18	9	153
17	10	153
18	11	153
17	12	153
16	13	153
17	14	153
16	15	153
9	0	154
20	1	154
13	2	154
12	3	154
9	4	154
14	5	154
15	6	154
14	7	154
19	8	154
16	9	154
19	10	154
18	11	154
17	12	154
18	13	154
15	14	154
16	15	154
19	0	155
12	1	155
13	2	155
10	3	155
15	4	155
14	5	155
13	6	155
20	7	155
15	8	155
20	9	155
17	10	155
16	11	155
17	12	155
16	13	155
17	14	155
16	15	155
13	0	156
14	1	156
9	2	156
16	3	156
15	4	156
12	5	156
19	6	156
16	7	156
19	8	156
16	9	156
17	10	156
18	11	156
17	12	156
18	13	156
15	14	156
16	15	156
13	0	157
8	1	157
15	2	157
14	3	157
11	4	157
20	5	157
15	6	157
20	7	157
17	8	157
16	9	157
19	10	157
18	11	157
17	12	157
14	13	157
15	14	157
16	15	157
9	0	158
16	1	158
15	2	158
12	3	158
19	4	158
16	5	158
21	6	158
18	7	158
15	8	158
20	9	158
17	10	158
18	11	158
15	12	158
16	13	158
17	14	158
16	15	158
15	0	159
16	1	159
11	2	159
18	3	159
17	4	159
22	5	159
19	6	159
16	7	159
21	8	159
16	9	159
19	10	159
14	11	159
17	12	159
16	13	159
17	14	159
16	15	159
17	0	160
12	1	160
17	2	160
18	3	160
23	4	160
20	5	160
15	6	160
22	7	160
17	8	160
20	9	160
15	10	160
16	11	160
15	12	160
16	13	160
17	14	160
16	15	160
11	0	161
16	1	161
19	2	161
24	3	161
21	4	161
14	5	161
21	6	161
18	7	161
21	8	161
16	9	161
15	10	161
14	11	161
17	12	161
16	13	161
15	14	161
16	15	161
15	0	162
20	1	162
23	2	162
20	3	162
15	4	162
22	5	162
17	6	162
20	7	162
17	8	162
16	9	162
15	10	162
16	11	162
15	12	162
16	13	162
15	14	162
16	15	162
19	0	163
24	1	163
21	2	163
16	3	163
21	4	163
18	5	163
19	6	163
16	7	163
15	8	163
14	9	163
17	10	163
16	11	163
15	12	163
16	13	163
15	14	163
16	15	163
23	0	164
20	1	164
15	2	164
20	3	164
19	4	164
20	5	164
15	6	164
16	7	164
13	8	164
16	9	164
15	10	164
14	11	164
17	12	164
14	13	164
17	14	164
16	15	164
19	0	165
14	1	165
19	2	165
20	3	165
19	4	165
16	5	165
15	6	165
14	7	165
17	8	165
14	9	165
13	10	165
16	11	165
15	12	165
18	13	165
15	14	165
16	15	165
13	0	166
20	1	166
21	2	166
18	3	166
15	4	166
14	5	166
13	6	166
18	7	166
13	8	166
14	9	166
15	10	166
14	11	166
17	12	166
16	13	166
17	14	166
16	15	166
19	0	167
22	1	167
17	2	167
16	3	167
15	4	167
12	5	167
17	6	167
12	7	167
13	8	167
16	9	167
13	10	167
16	11	167
15	12	167
16	13	167
15	14	167
16	15	167
23	0	168
16	1	168
15	2	168
14	3	168
11	4	168
18	5	168
11	6	168
12	7	168
17	8	168
12	9	168
17	10	168
14	11	168
15	12	168
16	13	168
15	14	168
16	15	168
17	0	169
14	1	169
15	2	169
10	3	169
19	4	169
12	5	169
11	6	169
16	7	169
13	8	169
18	9	169
15	10	169
14	11	169
15	12	169
14	13	169
15	14	169
16	15	169
13	0	170
16	1	170
11	2	170
18	3	170
13	4	170
12	5	170
17	6	170
14	7	170
17	8	170
16	9	170
15	10	170
14	11	170
13	12	170
16	13	170
17	14	170
16	15	170
17	0	171
12	1	171
17	2	171
12	3	171
11	4	171
18	5	171
13	6	171
18	7	171
15	8	171
16	9	171
15	10	171
12	11	171
15	12	171
18	13	171
17	14	171
16	15	171
11	0	172
18	1	172
11	2	172
10	3	172
17	4	172
12	5	172
17	6	172
14	7	172
17	8	172
14	9	172
11	10	172
16	11	172
19	12	172
18	13	172
15	14	172
16	15	172
17	0	173
10	1	173
9	2	173
16	3	173
11	4	173
18	5	173
15	6	173
16	7	173
13	8	173
10	9	173
15	10	173
18	11	173
17	12	173
14	13	173
15	14	173
16	15	173
11	0	174
10	1	174
15	2	174
10	3	174
17	4	174
14	5	174
17	6	174
14	7	174
11	8	174
16	9	174
19	10	174
16	11	174
15	12	174
16	13	174
17	14	174
16	15	174
9	0	175
16	1	175
11	2	175
18	3	175
13	4	175
16	5	175
15	6	175
10	7	175
15	8	175
20	9	175
17	10	175
16	11	175
17	12	175
18	13	175
17	14	175
16	15	175
15	0	176
10	1	176
19	2	176
12	3	176
17	4	176
14	5	176
9	6	176
14	7	176
21	8	176
16	9	176
15	10	176
18	11	176
17	12	176
18	13	176
15	14	176
16	15	176
9	0	177
20	1	177
13	2	177
18	3	177
13	4	177
8	5	177
15	6	177
20	7	177
15	8	177
14	9	177
17	10	177
16	11	177
19	12	177
16	13	177
17	14	177
16	15	177
21	0	178
12	1	178
19	2	178
14	3	178
9	4	178
14	5	178
19	6	178
14	7	178
13	8	178
18	9	178
15	10	178
20	11	178
17	12	178
18	13	178
17	14	178
16	15	178
11	0	179
20	1	179
15	2	179
10	3	179
13	4	179
20	5	179
13	6	179
14	7	179
17	8	179
16	9	179
21	10	179
16	11	179
19	12	179
16	13	179
15	14	179
16	15	179
21	0	180
16	1	180
9	2	180
12	3	180
19	4	180
12	5	180
15	6	180
16	7	180
17	8	180
22	9	180
17	10	180
18	11	180
15	12	180
16	13	180
17	14	180
16	15	180
15	0	181
8	1	181
11	2	181
18	3	181
11	4	181
16	5	181
17	6	181
18	7	181
23	8	181
16	9	181
19	10	181
16	11	181
17	12	181
18	13	181
15	14	181
16	15	181
9	0	182
12	1	182
17	2	182
12	3	182
15	4	182
16	5	182
17	6	182
24	7	182
17	8	182
18	9	182
17	10	182
16	11	182
17	12	182
16	13	182
17	14	182
16	15	182
13	0	183
18	1	183
11	2	183
14	3	183
15	4	183
16	5	183
23	6	183
18	7	183
19	8	183
18	9	183
17	10	183
18	11	183
15	12	183
16	13	183
17	14	183
16	15	183
19	0	184
12	1	184
15	2	184
16	3	184
15	4	184
22	5	184
17	6	184
18	7	184
19	8	184
18	9	184
19	10	184
14	11	184
15	12	184
18	13	184
17	14	184
16	15	184
13	0	185
16	1	185
15	2	185
14	3	185
23	4	185
16	5	185
17	6	185
18	7	185
19	8	185
18	9	185
15	10	185
16	11	185
17	12	185
16	13	185
15	14	185
16	15	185
15	0	186
14	1	186
13	2	186
22	3	186
15	4	186
16	5	186
17	6	186
18	7	186
17	8	186
16	9	186
17	10	186
16	11	186
15	12	186
16	13	186
17	14	186
16	15	186
13	0	187
12	1	187
23	2	187
16	3	187
17	4	187
16	5	187
17	6	187
18	7	187
17	8	187
16	9	187
17	10	187
16	11	187
15	12	187
18	13	187
17	14	187
16	15	187
13	0	188
22	1	188
17	2	188
18	3	188
15	4	188
18	5	188
17	6	188
18	7	188
17	8	188
16	9	188
17	10	188
16	11	188
17	12	188
18	13	188
17	14	188
16	15	188
23	0	189
16	1	189
19	2	189
14	3	189
19	4	189
18	5	189
19	6	189
18	7	189
17	8	189
16	9	189
15	10	189
16	11	189
17	12	189
18	13	189
17	14	189
16	15	189
17	0	190
20	1	190
13	2	190
20	3	190
19	4	190
18	5	190
19	6	190
16	7	190
17	8	190
16	9	190
17	10	190
18	11	190
19	12	190
16	13	190
15	14	190
16	15	190
19	0	191
12	1	191
21	2	191
18	3	191
19	4	191
18	5	191
17	6	191
16	7	191
17	8	191
18	9	191
19	10	191
20	11	191
17	12	191
16	13	191
15	14	191
16	15	191
13	0	192
22	1	192
17	2	192
18	3	192
19	4	192
16	5	192
15	6	192
16	7	192
17	8	192
20	9	192
19	10	192
16	11	192
17	12	192
14	13	192
15	14	192
16	15	192
21	0	193
18	1	193
19	2	193
18	3	193
17	4	193
16	5	193
17	6	193
16	7	193
21	8	193
20	9	193
17	10	193
18	11	193
13	12	193
16	13	193
17	14	193
16	15	193
19	0	194
20	1	194
19	2	194
18	3	194
15	4	194
16	5	194
17	6	194
22	7	194
19	8	194
16	9	194
19	10	194
12	11	194
15	12	194
16	13	194
15	14	194
16	15	194
21	0	195
18	1	195
17	2	195
16	3	195
17	4	195
16	5	195
21	6	195
18	7	195
15	8	195
18	9	195
11	10	195
16	11	195
17	12	195
16	13	195
15	14	195
16	15	195
17	0	196
16	1	196
17	2	196
16	3	196
17	4	196
20	5	196
19	6	196
16	7	196
19	8	196
12	9	196
15	10	196
16	11	196
17	12	196
14	13	196
15	14	196
16	15	196
17	0	197
18	1	197
17	2	197
16	3	197
19	4	197
20	5	197
17	6	197
20	7	197
11	8	197
16	9	197
17	10	197
18	11	197
15	12	197
14	13	197
15	14	197
16	15	197
17	0	198
16	1	198
17	2	198
18	3	198
19	4	198
16	5	198
19	6	198
12	7	198
15	8	198
16	9	198
17	10	198
16	11	198
15	12	198
14	13	198
17	14	198
16	15	198
17	0	199
18	1	199
17	2	199
18	3	199
15	4	199
20	5	199
11	6	199
14	7	199
15	8	199
18	9	199
17	10	199
16	11	199
13	12	199
18	13	199
17	14	199
16	15	199
17	0	200
18	1	200
17	2	200
16	3	200
21	4	200
10	5	200
15	6	200
16	7	200
19	8	200
16	9	200
15	10	200
14	11	200
19	12	200
18	13	200
17	14	200
16	15	200
17	0	201
16	1	201
17	2	201
22	3	201
11	4	201
14	5	201
15	6	201
18	7	201
17	8	201
16	9	201
13	10	201
18	11	201
19	12	201
16	13	201
15	14	201
16	15	201
15	0	202
16	1	202
23	2	202
12	3	202
13	4	202
14	5	202
19	6	202
18	7	202
17	8	202
14	9	202
17	10	202
18	11	202
17	12	202
14	13	202
17	14	202
16	15	202
17	0	203
22	1	203
11	2	203
12	3	203
15	4	203
20	5	203
19	6	203
16	7	203
15	8	203
18	9	203
17	10	203
18	11	203
15	12	203
16	13	203
17	14	203
16	15	203
21	0	204
12	1	204
13	2	204
14	3	204
19	4	204
18	5	204
15	6	204
16	7	204
19	8	204
18	9	204
17	10	204
16	11	204
17	12	204
16	13	204
15	14	204
16	15	204
11	0	205
12	1	205
15	2	205
18	3	205
17	4	205
16	5	205
17	6	205
20	7	205
19	8	205
18	9	205
15	10	205
16	11	205
17	12	205
16	13	205
17	14	205
16	15	205
11	0	206
16	1	206
17	2	206
16	3	206
15	4	206
18	5	206
21	6	206
18	7	206
17	8	206
16	9	206
17	10	206
18	11	206
17	12	206
16	13	206
17	14	206
16	15	206
15	0	207
18	1	207
15	2	207
16	3	207
17	4	207
20	5	207
17	6	207
16	7	207
15	8	207
18	9	207
17	10	207
18	11	207
15	12	207
18	13	207
15	14	207
16	15	207
17	0	208
16	1	208
17	2	208
18	3	208
21	4	208
16	5	208
17	6	208
16	7	208
17	8	208
16	9	208
17	10	208
16	11	208
19	12	208
16	13	208
15	14	208
16	15	208
15	0	209
16	1	209
17	2	209
22	3	209
15	4	209
16	5	209
17	6	209
16	7	209
17	8	209
16	9	209
17	10	209
20	11	209
17	12	209
14	13	209
15	14	209
16	15	209
17	0	210
18	1	210
23	2	210
14	3	210
15	4	210
16	5	210
15	6	210
18	7	210
15	8	210
18	9	210
19	10	210
16	11	210
15	12	210
16	13	210
15	14	210
16	15	210
17	0	211
22	1	211
15	2	211
16	3	211
17	4	211
14	5	211
17	6	211
16	7	211
19	8	211
18	9	211
15	10	211
16	11	211
15	12	211
16	13	211
15	14	211
16	15	211
23	0	212
14	1	212
15	2	212
16	3	212
15	4	212
16	5	212
17	6	212
18	7	212
17	8	212
16	9	212
15	10	212
16	11	212
17	12	212
14	13	212
17	14	212
16	15	212
15	0	213
16	1	213
17	2	213
14	3	213
17	4	213
18	5	213
17	6	213
16	7	213
17	8	213
14	9	213
15	10	213
16	11	213
13	12	213
18	13	213
17	14	213
16	15	213
15	0	214
18	1	214
15	2	214
18	3	214
19	4	214
18	5	214
15	6	214
18	7	214
13	8	214
14	9	214
15	10	214
12	11	214
19	12	214
16	13	214
17	14	214
16	15	214
17	0	215
16	1	215
17	2	215
18	3	215
19	4	215
14	5	215
17	6	215
12	7	215
15	8	215
16	9	215
11	10	215
20	11	215
17	12	215
16	13	215
17	14	215
16	15	215
15	0	216
16	1	216
19	2	216
20	3	216
13	4	216
16	5	216
13	6	216
16	7	216
15	8	216
10	9	216
19	10	216
18	11	216
15	12	216
18	13	216
15	14	216
16	15	216
17	0	217
20	1	217
19	2	217
12	3	217
17	4	217
14	5	217
15	6	217
16	7	217
11	8	217
20	9	217
19	10	217
16	11	217
17	12	217
16	13	217
17	14	217
16	15	217
19	0	218
18	1	218
11	2	218
18	3	218
13	4	218
16	5	218
17	6	218
10	7	218
19	8	218
18	9	218
17	10	218
18	11	218
15	12	218
18	13	218
17	14	218
16	15	218
19	0	219
12	1	219
19	2	219
14	3	219
15	4	219
18	5	219
9	6	219
18	7	219
17	8	219
16	9	219
17	10	219
14	11	219
19	12	219
16	13	219
17	14	219
16	15	219
11	0	220
18	1	220
13	2	220
16	3	220
17	4	220
10	5	220
17	6	220
16	7	220
15	8	220
18	9	220
13	10	220
18	11	220
15	12	220
16	13	220
17	14	220
16	15	220
17	0	221
12	1	221
17	2	221
16	3	221
9	4	221
18	5	221
17	6	221
14	7	221
17	8	221
12	9	221
17	10	221
16	11	221
15	12	221
16	13	221
17	14	221
16	15	221
13	0	222
16	1	222
15	2	222
8	3	222
19	4	222
16	5	222
15	6	222
18	7	222
13	8	222
18	9	222
15	10	222
14	11	222
15	12	222
18	13	222
17	14	222
16	15	222
15	0	223
16	1	223
9	2	223
20	3	223
15	4	223
16	5	223
19	6	223
12	7	223
17	8	223
14	9	223
15	10	223
14	11	223
19	12	223
16	13	223
15	14	223
16	15	223
15	0	224
8	1	224
19	2	224
16	3	224
15	4	224
18	5	224
13	6	224
16	7	224
15	8	224
16	9	224
13	10	224
20	11	224
17	12	224
16	13	224
15	14	224
16	15	224
9	0	225
20	1	225
17	2	225
16	3	225
19	4	225
12	5	225
15	6	225
16	7	225
17	8	225
12	9	225
21	10	225
16	11	225
17	12	225
14	13	225
17	14	225
16	15	225
21	0	226
18	1	226
17	2	226
18	3	226
13	4	226
14	5	226
15	6	226
16	7	226
11	8	226
22	9	226
15	10	226
18	11	226
15	12	226
18	13	226
15	14	226
16	15	226
19	0	227
18	1	227
19	2	227
12	3	227
13	4	227
14	5	227
17	6	227
12	7	227
21	8	227
14	9	227
19	10	227
16	11	227
19	12	227
16	13	227
15	14	227
16	15	227
19	0	228
18	1	228
11	2	228
14	3	228
13	4	228
16	5	228
11	6	228
20	7	228
13	8	228
20	9	228
15	10	228
18	11	228
17	12	228
16	13	228
17	14	228
16	15	228
19	0	229
12	1	229
13	2	229
14	3	229
17	4	229
10	5	229
19	6	229
12	7	229
19	8	229
14	9	229
19	10	229
16	11	229
17	12	229
16	13	229
17	14	229
16	15	229
13	0	230
14	1	230
15	2	230
18	3	230
9	4	230
18	5	230
13	6	230
20	7	230
15	8	230
20	9	230
17	10	230
18	11	230
15	12	230
18	13	230
17	14	230
16	15	230
15	0	231
14	1	231
17	2	231
8	3	231
19	4	231
12	5	231
19	6	231
16	7	231
21	8	231
16	9	231
19	10	231
14	11	231
19	12	231
18	13	231
15	14	231
16	15	231
13	0	232
18	1	232
9	2	232
18	3	232
13	4	232
18	5	232
15	6	232
22	7	232
15	8	232
20	9	232
15	10	232
20	11	232
17	12	232
14	13	232
15	14	232
16	15	232
19	0	233
10	1	233
17	2	233
12	3	233
19	4	233
14	5	233
21	6	233
14	7	233
19	8	233
14	9	233
21	10	233
18	11	233
15	12	233
16	13	233
15	14	233
16	15	233
9	0	234
16	1	234
13	2	234
18	3	234
15	4	234
20	5	234
13	6	234
20	7	234
13	8	234
20	9	234
19	10	234
14	11	234
15	12	234
14	13	234
17	14	234
16	15	234
15	0	235
12	1	235
19	2	235
16	3	235
19	4	235
12	5	235
19	6	235
14	7	235
19	8	235
20	9	235
13	10	235
14	11	235
13	12	235
18	13	235
15	14	235
16	15	235
13	0	236
20	1	236
17	2	236
18	3	236
13	4	236
18	5	236
15	6	236
18	7	236
19	8	236
14	9	236
15	10	236
14	11	236
17	12	236
16	13	236
15	14	236
16	15	236
19	0	237
18	1	237
17	2	237
12	3	237
17	4	237
16	5	237
19	6	237
18	7	237
15	8	237
14	9	237
13	10	237
16	11	237
17	12	237
14	13	237
15	14	237
16	15	237
19	0	238
18	1	238
11	2	238
18	3	238
15	4	238
20	5	238
19	6	238
14	7	238
15	8	238
14	9	238
15	10	238
16	11	238
13	12	238
14	13	238
17	14	238
16	15	238
17	0	239
12	1	239
19	2	239
14	3	239
19	4	239
18	5	239
13	6	239
16	7	239
13	8	239
16	9	239
17	10	239
14	11	239
13	12	239
16	13	239
17	14	239
16	15	239
11	0	240
20	1	240
15	2	240
18	3	240
17	4	240
12	5	240
17	6	240
14	7	240
17	8	240
16	9	240
13	10	240
12	11	240
17	12	240
18	13	240
17	14	240
16	15	240
19	0	241
16	1	241
19	2	241
18	3	241
13	4	241
18	5	241
15	6	241
16	7	241
15	8	241
12	9	241
13	10	241
16	11	241
17	12	241
16	13	241
17	14	241
16	15	241
15	0	242
20	1	242
19	2	242
14	3	242
17	4	242
14	5	242
17	6	242
16	7	242
11	8	242
12	9	242
17	10	242
16	11	242
17	12	242
18	13	242
17	14	242
16	15	242
19	0	243
18	1	243
13	2	243
16	3	243
15	4	243
18	5	243
17	6	243
10	7	243
13	8	243
16	9	243
15	10	243
18	11	243
17	12	243
18	13	243
15	14	243
16	15	243
19	0	244
14	1	244
17	2	244
16	3	244
17	4	244
18	5	244
11	6	244
12	7	244
15	8	244
16	9	244
19	10	244
16	11	244
17	12	244
14	13	244
17	14	244
16	15	244
15	0	245
18	1	245
15	2	245
18	3	245
17	4	245
10	5	245
13	6	245
14	7	245
17	8	245
18	9	245
17	10	245
18	11	245
15	12	245
18	13	245
15	14	245
16	15	245
17	0	246
14	1	246
17	2	246
18	3	246
11	4	246
12	5	246
13	6	246
18	7	246
17	8	246
16	9	246
17	10	246
14	11	246
17	12	246
14	13	246
15	14	246
16	15	246
13	0	247
16	1	247
19	2	247
10	3	247
13	4	247
14	5	247
19	6	247
18	7	247
17	8	247
16	9	247
13	10	247
18	11	247
15	12	247
14	13	247
17	14	247
16	15	247
17	0	248
18	1	248
11	2	248
14	3	248
13	4	248
20	5	248
17	6	248
16	7	248
17	8	248
12	9	248
19	10	248
16	11	248
13	12	248
16	13	248
15	14	248
16	15	248
19	0	249
12	1	249
13	2	249
12	3	249
21	4	249
18	5	249
15	6	249
18	7	249
13	8	249
18	9	249
17	10	249
12	11	249
15	12	249
14	13	249
17	14	249
16	15	249
13	0	250
12	1	250
13	2	250
20	3	250
17	4	250
14	5	250
19	6	250
14	7	250
19	8	250
18	9	250
13	10	250
14	11	250
13	12	250
18	13	250
15	14	250
16	15	250
13	0	251
12	1	251
21	2	251
16	3	251
15	4	251
20	5	251
13	6	251
20	7	251
19	8	251
14	9	251
15	10	251
14	11	251
19	12	251
14	13	251
15	14	251
13	0	252
22	1	252
15	2	252
16	3	252
21	4	252
12	5	252
21	6	252
18	7	252
15	8	252
14	9	252
13	10	252
20	11	252
15	12	252
16	13	252
23	0	253
16	1	253
15	2	253
20	3	253
13	4	253
22	5	253
19	6	253
16	7	253
13	8	253
14	9	253
19	10	253
14	11	253
15	12	253
15	0	254
14	1	254
19	2	254
14	3	254
21	4	254
20	5	254
15	6	254
14	7	254
13	8	254
20	9	254
15	10	254
16	11	254
13	0	255
18	1	255
15	2	255
22	3	255
19	4	255
14	5	255
13	6	255
14	7	255
21	8	255
14	9	255
15	10	255
19	0	256
16	1	256
23	2	256
20	3	256
13	4	256
14	5	256
15	6	256
22	7	256
15	8	256
14	9	256
17	0	257
22	1	257
19	2	257
12	3	257
13	4	257
14	5	257
23	6	257
16	7	257
15	8	257
21	0	258
18	1	258
13	2	258
14	3	258
13	4	258
22	5	258
17	6	258
16	7	258
19	0	259
12	1	259
15	2	259
14	3	259
23	4	259
18	5	259
17	6	259
13	0	260
14	1	260
15	2	260
22	3	260
19	4	260
18	5	260
15	0	261
14	1	261
21	2	261
18	3	261
17	4	261
13	0	262
22	1	262
17	2	262
16	3	262
23	0	263
16	1	263
17	2	263
17	0	264
16	1	264
17	0	265
